ISO-10303-21;
HEADER;
/* Generated by software containing ST-Developer
 * from STEP Tools, Inc. (www.steptools.com) 
 */

FILE_DESCRIPTION(
/* description */ (''),
/* implementation_level */ '2;1');

FILE_NAME(
/* name */ 'Dial.stp',
/* time_stamp */ '2026-04-09T08:08:59-05:00',
/* author */ ('kjedr'),
/* organization */ (''),
/* preprocessor_version */ 'ST-DEVELOPER v20.1',
/* originating_system */ 'Autodesk Inventor 2026',
/* authorisation */ '');

FILE_SCHEMA (('AUTOMOTIVE_DESIGN { 1 0 10303 214 3 1 1 }'));
ENDSEC;

DATA;
#10=MECHANICAL_DESIGN_GEOMETRIC_PRESENTATION_REPRESENTATION('',(#13),#15367);
#11=SHAPE_REPRESENTATION_RELATIONSHIP('SRR','None',#15378,#12);
#12=ADVANCED_BREP_SHAPE_REPRESENTATION('',(#14),#15366);
#13=STYLED_ITEM('',(#15387),#14);
#14=MANIFOLD_SOLID_BREP('Solid1',#9263);
#15=CYLINDRICAL_SURFACE('',#9292,0.135);
#16=CYLINDRICAL_SURFACE('',#9744,0.375);
#17=CYLINDRICAL_SURFACE('',#9746,0.375);
#18=CYLINDRICAL_SURFACE('',#9748,0.375);
#19=CYLINDRICAL_SURFACE('',#9750,0.375);
#20=CYLINDRICAL_SURFACE('',#9752,0.375);
#21=CYLINDRICAL_SURFACE('',#9754,0.375);
#22=CYLINDRICAL_SURFACE('',#9756,0.375);
#23=CYLINDRICAL_SURFACE('',#9758,0.375);
#24=CYLINDRICAL_SURFACE('',#9760,0.375);
#25=CYLINDRICAL_SURFACE('',#9762,0.375);
#26=CYLINDRICAL_SURFACE('',#9764,0.375);
#27=CYLINDRICAL_SURFACE('',#9766,0.375);
#28=CYLINDRICAL_SURFACE('',#9768,0.375);
#29=CYLINDRICAL_SURFACE('',#9770,0.375);
#30=CYLINDRICAL_SURFACE('',#9772,0.375);
#31=CYLINDRICAL_SURFACE('',#9774,0.375);
#32=CYLINDRICAL_SURFACE('',#9776,0.375);
#33=CYLINDRICAL_SURFACE('',#9778,0.375);
#34=CYLINDRICAL_SURFACE('',#9780,0.375);
#35=CYLINDRICAL_SURFACE('',#9782,0.375);
#36=CYLINDRICAL_SURFACE('',#9784,0.375);
#37=CYLINDRICAL_SURFACE('',#9786,0.375);
#38=CYLINDRICAL_SURFACE('',#9788,0.375);
#39=CYLINDRICAL_SURFACE('',#9790,0.375);
#40=CYLINDRICAL_SURFACE('',#9792,0.375);
#41=CYLINDRICAL_SURFACE('',#9794,0.375);
#42=CYLINDRICAL_SURFACE('',#9796,0.375);
#43=CYLINDRICAL_SURFACE('',#9798,0.375);
#44=CYLINDRICAL_SURFACE('',#9800,0.375);
#45=CYLINDRICAL_SURFACE('',#9802,0.375);
#46=CYLINDRICAL_SURFACE('',#9804,0.375);
#47=CYLINDRICAL_SURFACE('',#9806,0.375);
#48=CYLINDRICAL_SURFACE('',#9808,0.375);
#49=CYLINDRICAL_SURFACE('',#9810,0.375);
#50=CYLINDRICAL_SURFACE('',#9812,0.375);
#51=CYLINDRICAL_SURFACE('',#9814,0.375);
#52=CYLINDRICAL_SURFACE('',#9816,0.375);
#53=CYLINDRICAL_SURFACE('',#9818,0.375);
#54=CYLINDRICAL_SURFACE('',#9820,0.375);
#55=CYLINDRICAL_SURFACE('',#9822,0.375);
#56=CYLINDRICAL_SURFACE('',#9824,0.375);
#57=CYLINDRICAL_SURFACE('',#9826,0.375);
#58=CYLINDRICAL_SURFACE('',#9828,0.375);
#59=CYLINDRICAL_SURFACE('',#9830,0.375);
#60=CYLINDRICAL_SURFACE('',#9832,0.375);
#61=CYLINDRICAL_SURFACE('',#9834,0.375);
#62=CYLINDRICAL_SURFACE('',#9836,0.375);
#63=CYLINDRICAL_SURFACE('',#9838,0.375);
#64=CYLINDRICAL_SURFACE('',#9840,0.375);
#65=CYLINDRICAL_SURFACE('',#9842,0.375);
#66=CYLINDRICAL_SURFACE('',#9844,0.375);
#67=CYLINDRICAL_SURFACE('',#9846,0.375);
#68=CYLINDRICAL_SURFACE('',#9848,0.375);
#69=CYLINDRICAL_SURFACE('',#9850,0.375);
#70=CYLINDRICAL_SURFACE('',#9852,0.375);
#71=CYLINDRICAL_SURFACE('',#9854,0.375);
#72=CYLINDRICAL_SURFACE('',#9856,0.375);
#73=CYLINDRICAL_SURFACE('',#9858,0.375);
#74=CYLINDRICAL_SURFACE('',#9860,0.375);
#75=CYLINDRICAL_SURFACE('',#9862,0.375);
#76=CYLINDRICAL_SURFACE('',#9864,0.375);
#77=CYLINDRICAL_SURFACE('',#9866,0.375);
#78=CYLINDRICAL_SURFACE('',#9868,0.375);
#79=CYLINDRICAL_SURFACE('',#9870,0.375);
#80=CYLINDRICAL_SURFACE('',#9872,0.375);
#81=CYLINDRICAL_SURFACE('',#9874,0.375);
#82=CYLINDRICAL_SURFACE('',#9876,0.375);
#83=CYLINDRICAL_SURFACE('',#9878,0.375);
#84=CYLINDRICAL_SURFACE('',#9880,0.375);
#85=CYLINDRICAL_SURFACE('',#9882,0.375);
#86=CYLINDRICAL_SURFACE('',#9884,0.375);
#87=CYLINDRICAL_SURFACE('',#9886,0.375);
#88=CYLINDRICAL_SURFACE('',#9888,0.375);
#89=CYLINDRICAL_SURFACE('',#9890,0.375);
#90=CYLINDRICAL_SURFACE('',#9892,0.375);
#91=CYLINDRICAL_SURFACE('',#9894,0.375);
#92=CYLINDRICAL_SURFACE('',#9896,0.375);
#93=CYLINDRICAL_SURFACE('',#9898,0.375);
#94=CYLINDRICAL_SURFACE('',#9900,0.375);
#95=CYLINDRICAL_SURFACE('',#9902,0.375);
#96=CYLINDRICAL_SURFACE('',#9904,0.375);
#97=CYLINDRICAL_SURFACE('',#9906,0.375);
#98=CYLINDRICAL_SURFACE('',#9908,0.375);
#99=CYLINDRICAL_SURFACE('',#9910,0.375);
#100=CYLINDRICAL_SURFACE('',#9912,0.375);
#101=CYLINDRICAL_SURFACE('',#9914,0.375);
#102=CYLINDRICAL_SURFACE('',#9916,0.375);
#103=CYLINDRICAL_SURFACE('',#9918,0.375);
#104=CYLINDRICAL_SURFACE('',#9920,0.375);
#105=CYLINDRICAL_SURFACE('',#9922,0.375);
#106=CYLINDRICAL_SURFACE('',#9924,0.375);
#107=CYLINDRICAL_SURFACE('',#9926,0.375);
#108=CYLINDRICAL_SURFACE('',#9928,0.375);
#109=CYLINDRICAL_SURFACE('',#9930,0.375);
#110=CYLINDRICAL_SURFACE('',#9932,0.375);
#111=CYLINDRICAL_SURFACE('',#9934,0.375);
#112=CYLINDRICAL_SURFACE('',#9936,0.375);
#113=CYLINDRICAL_SURFACE('',#9938,0.375);
#114=CYLINDRICAL_SURFACE('',#9940,0.375);
#115=CYLINDRICAL_SURFACE('',#9942,0.375);
#116=CYLINDRICAL_SURFACE('',#9944,0.375);
#117=CYLINDRICAL_SURFACE('',#9946,0.375);
#118=CYLINDRICAL_SURFACE('',#9948,0.375);
#119=CYLINDRICAL_SURFACE('',#9950,0.375);
#120=CYLINDRICAL_SURFACE('',#9952,0.375);
#121=CYLINDRICAL_SURFACE('',#9954,0.375);
#122=CYLINDRICAL_SURFACE('',#9956,0.375);
#123=CYLINDRICAL_SURFACE('',#9958,0.375);
#124=CYLINDRICAL_SURFACE('',#9960,0.375);
#125=CYLINDRICAL_SURFACE('',#9962,0.375);
#126=CYLINDRICAL_SURFACE('',#9964,0.375);
#127=CYLINDRICAL_SURFACE('',#9966,0.375);
#128=CYLINDRICAL_SURFACE('',#9968,0.375);
#129=CYLINDRICAL_SURFACE('',#9970,0.375);
#130=CYLINDRICAL_SURFACE('',#9972,0.375);
#131=CYLINDRICAL_SURFACE('',#9974,0.375);
#132=CYLINDRICAL_SURFACE('',#9976,0.375);
#133=CYLINDRICAL_SURFACE('',#9978,0.375);
#134=CYLINDRICAL_SURFACE('',#9980,0.375);
#135=CYLINDRICAL_SURFACE('',#9982,0.375);
#136=CYLINDRICAL_SURFACE('',#9984,0.375);
#137=CYLINDRICAL_SURFACE('',#9986,0.375);
#138=CYLINDRICAL_SURFACE('',#9988,0.375);
#139=CYLINDRICAL_SURFACE('',#9990,0.375);
#140=CYLINDRICAL_SURFACE('',#9992,0.375);
#141=CYLINDRICAL_SURFACE('',#9994,0.375);
#142=CYLINDRICAL_SURFACE('',#9996,0.375);
#143=CYLINDRICAL_SURFACE('',#9998,0.375);
#144=CYLINDRICAL_SURFACE('',#10000,0.375);
#145=CYLINDRICAL_SURFACE('',#10002,0.375);
#146=CYLINDRICAL_SURFACE('',#10004,0.375);
#147=CYLINDRICAL_SURFACE('',#10006,0.375);
#148=CYLINDRICAL_SURFACE('',#10008,0.375);
#149=CYLINDRICAL_SURFACE('',#10010,0.375);
#150=CYLINDRICAL_SURFACE('',#10012,0.375);
#151=CYLINDRICAL_SURFACE('',#10014,0.375);
#152=CYLINDRICAL_SURFACE('',#10016,0.375);
#153=CYLINDRICAL_SURFACE('',#10018,0.375);
#154=CYLINDRICAL_SURFACE('',#10020,0.375);
#155=CYLINDRICAL_SURFACE('',#10022,0.375);
#156=CYLINDRICAL_SURFACE('',#10024,0.375);
#157=CYLINDRICAL_SURFACE('',#10026,0.375);
#158=CYLINDRICAL_SURFACE('',#10028,0.375);
#159=CYLINDRICAL_SURFACE('',#10030,0.375);
#160=CYLINDRICAL_SURFACE('',#10032,0.375);
#161=CYLINDRICAL_SURFACE('',#10034,0.375);
#162=CYLINDRICAL_SURFACE('',#10036,0.375);
#163=CYLINDRICAL_SURFACE('',#10038,0.375);
#164=CYLINDRICAL_SURFACE('',#10040,0.375);
#165=CYLINDRICAL_SURFACE('',#10047,0.225);
#166=CYLINDRICAL_SURFACE('',#10048,0.375);
#167=FACE_BOUND('',#629,.T.);
#168=FACE_BOUND('',#1084,.T.);
#169=FACE_OUTER_BOUND('',#627,.T.);
#170=FACE_OUTER_BOUND('',#628,.T.);
#171=FACE_OUTER_BOUND('',#630,.T.);
#172=FACE_OUTER_BOUND('',#631,.T.);
#173=FACE_OUTER_BOUND('',#632,.T.);
#174=FACE_OUTER_BOUND('',#633,.T.);
#175=FACE_OUTER_BOUND('',#634,.T.);
#176=FACE_OUTER_BOUND('',#635,.T.);
#177=FACE_OUTER_BOUND('',#636,.T.);
#178=FACE_OUTER_BOUND('',#637,.T.);
#179=FACE_OUTER_BOUND('',#638,.T.);
#180=FACE_OUTER_BOUND('',#639,.T.);
#181=FACE_OUTER_BOUND('',#640,.T.);
#182=FACE_OUTER_BOUND('',#641,.T.);
#183=FACE_OUTER_BOUND('',#642,.T.);
#184=FACE_OUTER_BOUND('',#643,.T.);
#185=FACE_OUTER_BOUND('',#644,.T.);
#186=FACE_OUTER_BOUND('',#645,.T.);
#187=FACE_OUTER_BOUND('',#646,.T.);
#188=FACE_OUTER_BOUND('',#647,.T.);
#189=FACE_OUTER_BOUND('',#648,.T.);
#190=FACE_OUTER_BOUND('',#649,.T.);
#191=FACE_OUTER_BOUND('',#650,.T.);
#192=FACE_OUTER_BOUND('',#651,.T.);
#193=FACE_OUTER_BOUND('',#652,.T.);
#194=FACE_OUTER_BOUND('',#653,.T.);
#195=FACE_OUTER_BOUND('',#654,.T.);
#196=FACE_OUTER_BOUND('',#655,.T.);
#197=FACE_OUTER_BOUND('',#656,.T.);
#198=FACE_OUTER_BOUND('',#657,.T.);
#199=FACE_OUTER_BOUND('',#658,.T.);
#200=FACE_OUTER_BOUND('',#659,.T.);
#201=FACE_OUTER_BOUND('',#660,.T.);
#202=FACE_OUTER_BOUND('',#661,.T.);
#203=FACE_OUTER_BOUND('',#662,.T.);
#204=FACE_OUTER_BOUND('',#663,.T.);
#205=FACE_OUTER_BOUND('',#664,.T.);
#206=FACE_OUTER_BOUND('',#665,.T.);
#207=FACE_OUTER_BOUND('',#666,.T.);
#208=FACE_OUTER_BOUND('',#667,.T.);
#209=FACE_OUTER_BOUND('',#668,.T.);
#210=FACE_OUTER_BOUND('',#669,.T.);
#211=FACE_OUTER_BOUND('',#670,.T.);
#212=FACE_OUTER_BOUND('',#671,.T.);
#213=FACE_OUTER_BOUND('',#672,.T.);
#214=FACE_OUTER_BOUND('',#673,.T.);
#215=FACE_OUTER_BOUND('',#674,.T.);
#216=FACE_OUTER_BOUND('',#675,.T.);
#217=FACE_OUTER_BOUND('',#676,.T.);
#218=FACE_OUTER_BOUND('',#677,.T.);
#219=FACE_OUTER_BOUND('',#678,.T.);
#220=FACE_OUTER_BOUND('',#679,.T.);
#221=FACE_OUTER_BOUND('',#680,.T.);
#222=FACE_OUTER_BOUND('',#681,.T.);
#223=FACE_OUTER_BOUND('',#682,.T.);
#224=FACE_OUTER_BOUND('',#683,.T.);
#225=FACE_OUTER_BOUND('',#684,.T.);
#226=FACE_OUTER_BOUND('',#685,.T.);
#227=FACE_OUTER_BOUND('',#686,.T.);
#228=FACE_OUTER_BOUND('',#687,.T.);
#229=FACE_OUTER_BOUND('',#688,.T.);
#230=FACE_OUTER_BOUND('',#689,.T.);
#231=FACE_OUTER_BOUND('',#690,.T.);
#232=FACE_OUTER_BOUND('',#691,.T.);
#233=FACE_OUTER_BOUND('',#692,.T.);
#234=FACE_OUTER_BOUND('',#693,.T.);
#235=FACE_OUTER_BOUND('',#694,.T.);
#236=FACE_OUTER_BOUND('',#695,.T.);
#237=FACE_OUTER_BOUND('',#696,.T.);
#238=FACE_OUTER_BOUND('',#697,.T.);
#239=FACE_OUTER_BOUND('',#698,.T.);
#240=FACE_OUTER_BOUND('',#699,.T.);
#241=FACE_OUTER_BOUND('',#700,.T.);
#242=FACE_OUTER_BOUND('',#701,.T.);
#243=FACE_OUTER_BOUND('',#702,.T.);
#244=FACE_OUTER_BOUND('',#703,.T.);
#245=FACE_OUTER_BOUND('',#704,.T.);
#246=FACE_OUTER_BOUND('',#705,.T.);
#247=FACE_OUTER_BOUND('',#706,.T.);
#248=FACE_OUTER_BOUND('',#707,.T.);
#249=FACE_OUTER_BOUND('',#708,.T.);
#250=FACE_OUTER_BOUND('',#709,.T.);
#251=FACE_OUTER_BOUND('',#710,.T.);
#252=FACE_OUTER_BOUND('',#711,.T.);
#253=FACE_OUTER_BOUND('',#712,.T.);
#254=FACE_OUTER_BOUND('',#713,.T.);
#255=FACE_OUTER_BOUND('',#714,.T.);
#256=FACE_OUTER_BOUND('',#715,.T.);
#257=FACE_OUTER_BOUND('',#716,.T.);
#258=FACE_OUTER_BOUND('',#717,.T.);
#259=FACE_OUTER_BOUND('',#718,.T.);
#260=FACE_OUTER_BOUND('',#719,.T.);
#261=FACE_OUTER_BOUND('',#720,.T.);
#262=FACE_OUTER_BOUND('',#721,.T.);
#263=FACE_OUTER_BOUND('',#722,.T.);
#264=FACE_OUTER_BOUND('',#723,.T.);
#265=FACE_OUTER_BOUND('',#724,.T.);
#266=FACE_OUTER_BOUND('',#725,.T.);
#267=FACE_OUTER_BOUND('',#726,.T.);
#268=FACE_OUTER_BOUND('',#727,.T.);
#269=FACE_OUTER_BOUND('',#728,.T.);
#270=FACE_OUTER_BOUND('',#729,.T.);
#271=FACE_OUTER_BOUND('',#730,.T.);
#272=FACE_OUTER_BOUND('',#731,.T.);
#273=FACE_OUTER_BOUND('',#732,.T.);
#274=FACE_OUTER_BOUND('',#733,.T.);
#275=FACE_OUTER_BOUND('',#734,.T.);
#276=FACE_OUTER_BOUND('',#735,.T.);
#277=FACE_OUTER_BOUND('',#736,.T.);
#278=FACE_OUTER_BOUND('',#737,.T.);
#279=FACE_OUTER_BOUND('',#738,.T.);
#280=FACE_OUTER_BOUND('',#739,.T.);
#281=FACE_OUTER_BOUND('',#740,.T.);
#282=FACE_OUTER_BOUND('',#741,.T.);
#283=FACE_OUTER_BOUND('',#742,.T.);
#284=FACE_OUTER_BOUND('',#743,.T.);
#285=FACE_OUTER_BOUND('',#744,.T.);
#286=FACE_OUTER_BOUND('',#745,.T.);
#287=FACE_OUTER_BOUND('',#746,.T.);
#288=FACE_OUTER_BOUND('',#747,.T.);
#289=FACE_OUTER_BOUND('',#748,.T.);
#290=FACE_OUTER_BOUND('',#749,.T.);
#291=FACE_OUTER_BOUND('',#750,.T.);
#292=FACE_OUTER_BOUND('',#751,.T.);
#293=FACE_OUTER_BOUND('',#752,.T.);
#294=FACE_OUTER_BOUND('',#753,.T.);
#295=FACE_OUTER_BOUND('',#754,.T.);
#296=FACE_OUTER_BOUND('',#755,.T.);
#297=FACE_OUTER_BOUND('',#756,.T.);
#298=FACE_OUTER_BOUND('',#757,.T.);
#299=FACE_OUTER_BOUND('',#758,.T.);
#300=FACE_OUTER_BOUND('',#759,.T.);
#301=FACE_OUTER_BOUND('',#760,.T.);
#302=FACE_OUTER_BOUND('',#761,.T.);
#303=FACE_OUTER_BOUND('',#762,.T.);
#304=FACE_OUTER_BOUND('',#763,.T.);
#305=FACE_OUTER_BOUND('',#764,.T.);
#306=FACE_OUTER_BOUND('',#765,.T.);
#307=FACE_OUTER_BOUND('',#766,.T.);
#308=FACE_OUTER_BOUND('',#767,.T.);
#309=FACE_OUTER_BOUND('',#768,.T.);
#310=FACE_OUTER_BOUND('',#769,.T.);
#311=FACE_OUTER_BOUND('',#770,.T.);
#312=FACE_OUTER_BOUND('',#771,.T.);
#313=FACE_OUTER_BOUND('',#772,.T.);
#314=FACE_OUTER_BOUND('',#773,.T.);
#315=FACE_OUTER_BOUND('',#774,.T.);
#316=FACE_OUTER_BOUND('',#775,.T.);
#317=FACE_OUTER_BOUND('',#776,.T.);
#318=FACE_OUTER_BOUND('',#777,.T.);
#319=FACE_OUTER_BOUND('',#778,.T.);
#320=FACE_OUTER_BOUND('',#779,.T.);
#321=FACE_OUTER_BOUND('',#780,.T.);
#322=FACE_OUTER_BOUND('',#781,.T.);
#323=FACE_OUTER_BOUND('',#782,.T.);
#324=FACE_OUTER_BOUND('',#783,.T.);
#325=FACE_OUTER_BOUND('',#784,.T.);
#326=FACE_OUTER_BOUND('',#785,.T.);
#327=FACE_OUTER_BOUND('',#786,.T.);
#328=FACE_OUTER_BOUND('',#787,.T.);
#329=FACE_OUTER_BOUND('',#788,.T.);
#330=FACE_OUTER_BOUND('',#789,.T.);
#331=FACE_OUTER_BOUND('',#790,.T.);
#332=FACE_OUTER_BOUND('',#791,.T.);
#333=FACE_OUTER_BOUND('',#792,.T.);
#334=FACE_OUTER_BOUND('',#793,.T.);
#335=FACE_OUTER_BOUND('',#794,.T.);
#336=FACE_OUTER_BOUND('',#795,.T.);
#337=FACE_OUTER_BOUND('',#796,.T.);
#338=FACE_OUTER_BOUND('',#797,.T.);
#339=FACE_OUTER_BOUND('',#798,.T.);
#340=FACE_OUTER_BOUND('',#799,.T.);
#341=FACE_OUTER_BOUND('',#800,.T.);
#342=FACE_OUTER_BOUND('',#801,.T.);
#343=FACE_OUTER_BOUND('',#802,.T.);
#344=FACE_OUTER_BOUND('',#803,.T.);
#345=FACE_OUTER_BOUND('',#804,.T.);
#346=FACE_OUTER_BOUND('',#805,.T.);
#347=FACE_OUTER_BOUND('',#806,.T.);
#348=FACE_OUTER_BOUND('',#807,.T.);
#349=FACE_OUTER_BOUND('',#808,.T.);
#350=FACE_OUTER_BOUND('',#809,.T.);
#351=FACE_OUTER_BOUND('',#810,.T.);
#352=FACE_OUTER_BOUND('',#811,.T.);
#353=FACE_OUTER_BOUND('',#812,.T.);
#354=FACE_OUTER_BOUND('',#813,.T.);
#355=FACE_OUTER_BOUND('',#814,.T.);
#356=FACE_OUTER_BOUND('',#815,.T.);
#357=FACE_OUTER_BOUND('',#816,.T.);
#358=FACE_OUTER_BOUND('',#817,.T.);
#359=FACE_OUTER_BOUND('',#818,.T.);
#360=FACE_OUTER_BOUND('',#819,.T.);
#361=FACE_OUTER_BOUND('',#820,.T.);
#362=FACE_OUTER_BOUND('',#821,.T.);
#363=FACE_OUTER_BOUND('',#822,.T.);
#364=FACE_OUTER_BOUND('',#823,.T.);
#365=FACE_OUTER_BOUND('',#824,.T.);
#366=FACE_OUTER_BOUND('',#825,.T.);
#367=FACE_OUTER_BOUND('',#826,.T.);
#368=FACE_OUTER_BOUND('',#827,.T.);
#369=FACE_OUTER_BOUND('',#828,.T.);
#370=FACE_OUTER_BOUND('',#829,.T.);
#371=FACE_OUTER_BOUND('',#830,.T.);
#372=FACE_OUTER_BOUND('',#831,.T.);
#373=FACE_OUTER_BOUND('',#832,.T.);
#374=FACE_OUTER_BOUND('',#833,.T.);
#375=FACE_OUTER_BOUND('',#834,.T.);
#376=FACE_OUTER_BOUND('',#835,.T.);
#377=FACE_OUTER_BOUND('',#836,.T.);
#378=FACE_OUTER_BOUND('',#837,.T.);
#379=FACE_OUTER_BOUND('',#838,.T.);
#380=FACE_OUTER_BOUND('',#839,.T.);
#381=FACE_OUTER_BOUND('',#840,.T.);
#382=FACE_OUTER_BOUND('',#841,.T.);
#383=FACE_OUTER_BOUND('',#842,.T.);
#384=FACE_OUTER_BOUND('',#843,.T.);
#385=FACE_OUTER_BOUND('',#844,.T.);
#386=FACE_OUTER_BOUND('',#845,.T.);
#387=FACE_OUTER_BOUND('',#846,.T.);
#388=FACE_OUTER_BOUND('',#847,.T.);
#389=FACE_OUTER_BOUND('',#848,.T.);
#390=FACE_OUTER_BOUND('',#849,.T.);
#391=FACE_OUTER_BOUND('',#850,.T.);
#392=FACE_OUTER_BOUND('',#851,.T.);
#393=FACE_OUTER_BOUND('',#852,.T.);
#394=FACE_OUTER_BOUND('',#853,.T.);
#395=FACE_OUTER_BOUND('',#854,.T.);
#396=FACE_OUTER_BOUND('',#855,.T.);
#397=FACE_OUTER_BOUND('',#856,.T.);
#398=FACE_OUTER_BOUND('',#857,.T.);
#399=FACE_OUTER_BOUND('',#858,.T.);
#400=FACE_OUTER_BOUND('',#859,.T.);
#401=FACE_OUTER_BOUND('',#860,.T.);
#402=FACE_OUTER_BOUND('',#861,.T.);
#403=FACE_OUTER_BOUND('',#862,.T.);
#404=FACE_OUTER_BOUND('',#863,.T.);
#405=FACE_OUTER_BOUND('',#864,.T.);
#406=FACE_OUTER_BOUND('',#865,.T.);
#407=FACE_OUTER_BOUND('',#866,.T.);
#408=FACE_OUTER_BOUND('',#867,.T.);
#409=FACE_OUTER_BOUND('',#868,.T.);
#410=FACE_OUTER_BOUND('',#869,.T.);
#411=FACE_OUTER_BOUND('',#870,.T.);
#412=FACE_OUTER_BOUND('',#871,.T.);
#413=FACE_OUTER_BOUND('',#872,.T.);
#414=FACE_OUTER_BOUND('',#873,.T.);
#415=FACE_OUTER_BOUND('',#874,.T.);
#416=FACE_OUTER_BOUND('',#875,.T.);
#417=FACE_OUTER_BOUND('',#876,.T.);
#418=FACE_OUTER_BOUND('',#877,.T.);
#419=FACE_OUTER_BOUND('',#878,.T.);
#420=FACE_OUTER_BOUND('',#879,.T.);
#421=FACE_OUTER_BOUND('',#880,.T.);
#422=FACE_OUTER_BOUND('',#881,.T.);
#423=FACE_OUTER_BOUND('',#882,.T.);
#424=FACE_OUTER_BOUND('',#883,.T.);
#425=FACE_OUTER_BOUND('',#884,.T.);
#426=FACE_OUTER_BOUND('',#885,.T.);
#427=FACE_OUTER_BOUND('',#886,.T.);
#428=FACE_OUTER_BOUND('',#887,.T.);
#429=FACE_OUTER_BOUND('',#888,.T.);
#430=FACE_OUTER_BOUND('',#889,.T.);
#431=FACE_OUTER_BOUND('',#890,.T.);
#432=FACE_OUTER_BOUND('',#891,.T.);
#433=FACE_OUTER_BOUND('',#892,.T.);
#434=FACE_OUTER_BOUND('',#893,.T.);
#435=FACE_OUTER_BOUND('',#894,.T.);
#436=FACE_OUTER_BOUND('',#895,.T.);
#437=FACE_OUTER_BOUND('',#896,.T.);
#438=FACE_OUTER_BOUND('',#897,.T.);
#439=FACE_OUTER_BOUND('',#898,.T.);
#440=FACE_OUTER_BOUND('',#899,.T.);
#441=FACE_OUTER_BOUND('',#900,.T.);
#442=FACE_OUTER_BOUND('',#901,.T.);
#443=FACE_OUTER_BOUND('',#902,.T.);
#444=FACE_OUTER_BOUND('',#903,.T.);
#445=FACE_OUTER_BOUND('',#904,.T.);
#446=FACE_OUTER_BOUND('',#905,.T.);
#447=FACE_OUTER_BOUND('',#906,.T.);
#448=FACE_OUTER_BOUND('',#907,.T.);
#449=FACE_OUTER_BOUND('',#908,.T.);
#450=FACE_OUTER_BOUND('',#909,.T.);
#451=FACE_OUTER_BOUND('',#910,.T.);
#452=FACE_OUTER_BOUND('',#911,.T.);
#453=FACE_OUTER_BOUND('',#912,.T.);
#454=FACE_OUTER_BOUND('',#913,.T.);
#455=FACE_OUTER_BOUND('',#914,.T.);
#456=FACE_OUTER_BOUND('',#915,.T.);
#457=FACE_OUTER_BOUND('',#916,.T.);
#458=FACE_OUTER_BOUND('',#917,.T.);
#459=FACE_OUTER_BOUND('',#918,.T.);
#460=FACE_OUTER_BOUND('',#919,.T.);
#461=FACE_OUTER_BOUND('',#920,.T.);
#462=FACE_OUTER_BOUND('',#921,.T.);
#463=FACE_OUTER_BOUND('',#922,.T.);
#464=FACE_OUTER_BOUND('',#923,.T.);
#465=FACE_OUTER_BOUND('',#924,.T.);
#466=FACE_OUTER_BOUND('',#925,.T.);
#467=FACE_OUTER_BOUND('',#926,.T.);
#468=FACE_OUTER_BOUND('',#927,.T.);
#469=FACE_OUTER_BOUND('',#928,.T.);
#470=FACE_OUTER_BOUND('',#929,.T.);
#471=FACE_OUTER_BOUND('',#930,.T.);
#472=FACE_OUTER_BOUND('',#931,.T.);
#473=FACE_OUTER_BOUND('',#932,.T.);
#474=FACE_OUTER_BOUND('',#933,.T.);
#475=FACE_OUTER_BOUND('',#934,.T.);
#476=FACE_OUTER_BOUND('',#935,.T.);
#477=FACE_OUTER_BOUND('',#936,.T.);
#478=FACE_OUTER_BOUND('',#937,.T.);
#479=FACE_OUTER_BOUND('',#938,.T.);
#480=FACE_OUTER_BOUND('',#939,.T.);
#481=FACE_OUTER_BOUND('',#940,.T.);
#482=FACE_OUTER_BOUND('',#941,.T.);
#483=FACE_OUTER_BOUND('',#942,.T.);
#484=FACE_OUTER_BOUND('',#943,.T.);
#485=FACE_OUTER_BOUND('',#944,.T.);
#486=FACE_OUTER_BOUND('',#945,.T.);
#487=FACE_OUTER_BOUND('',#946,.T.);
#488=FACE_OUTER_BOUND('',#947,.T.);
#489=FACE_OUTER_BOUND('',#948,.T.);
#490=FACE_OUTER_BOUND('',#949,.T.);
#491=FACE_OUTER_BOUND('',#950,.T.);
#492=FACE_OUTER_BOUND('',#951,.T.);
#493=FACE_OUTER_BOUND('',#952,.T.);
#494=FACE_OUTER_BOUND('',#953,.T.);
#495=FACE_OUTER_BOUND('',#954,.T.);
#496=FACE_OUTER_BOUND('',#955,.T.);
#497=FACE_OUTER_BOUND('',#956,.T.);
#498=FACE_OUTER_BOUND('',#957,.T.);
#499=FACE_OUTER_BOUND('',#958,.T.);
#500=FACE_OUTER_BOUND('',#959,.T.);
#501=FACE_OUTER_BOUND('',#960,.T.);
#502=FACE_OUTER_BOUND('',#961,.T.);
#503=FACE_OUTER_BOUND('',#962,.T.);
#504=FACE_OUTER_BOUND('',#963,.T.);
#505=FACE_OUTER_BOUND('',#964,.T.);
#506=FACE_OUTER_BOUND('',#965,.T.);
#507=FACE_OUTER_BOUND('',#966,.T.);
#508=FACE_OUTER_BOUND('',#967,.T.);
#509=FACE_OUTER_BOUND('',#968,.T.);
#510=FACE_OUTER_BOUND('',#969,.T.);
#511=FACE_OUTER_BOUND('',#970,.T.);
#512=FACE_OUTER_BOUND('',#971,.T.);
#513=FACE_OUTER_BOUND('',#972,.T.);
#514=FACE_OUTER_BOUND('',#973,.T.);
#515=FACE_OUTER_BOUND('',#974,.T.);
#516=FACE_OUTER_BOUND('',#975,.T.);
#517=FACE_OUTER_BOUND('',#976,.T.);
#518=FACE_OUTER_BOUND('',#977,.T.);
#519=FACE_OUTER_BOUND('',#978,.T.);
#520=FACE_OUTER_BOUND('',#979,.T.);
#521=FACE_OUTER_BOUND('',#980,.T.);
#522=FACE_OUTER_BOUND('',#981,.T.);
#523=FACE_OUTER_BOUND('',#982,.T.);
#524=FACE_OUTER_BOUND('',#983,.T.);
#525=FACE_OUTER_BOUND('',#984,.T.);
#526=FACE_OUTER_BOUND('',#985,.T.);
#527=FACE_OUTER_BOUND('',#986,.T.);
#528=FACE_OUTER_BOUND('',#987,.T.);
#529=FACE_OUTER_BOUND('',#988,.T.);
#530=FACE_OUTER_BOUND('',#989,.T.);
#531=FACE_OUTER_BOUND('',#990,.T.);
#532=FACE_OUTER_BOUND('',#991,.T.);
#533=FACE_OUTER_BOUND('',#992,.T.);
#534=FACE_OUTER_BOUND('',#993,.T.);
#535=FACE_OUTER_BOUND('',#994,.T.);
#536=FACE_OUTER_BOUND('',#995,.T.);
#537=FACE_OUTER_BOUND('',#996,.T.);
#538=FACE_OUTER_BOUND('',#997,.T.);
#539=FACE_OUTER_BOUND('',#998,.T.);
#540=FACE_OUTER_BOUND('',#999,.T.);
#541=FACE_OUTER_BOUND('',#1000,.T.);
#542=FACE_OUTER_BOUND('',#1001,.T.);
#543=FACE_OUTER_BOUND('',#1002,.T.);
#544=FACE_OUTER_BOUND('',#1003,.T.);
#545=FACE_OUTER_BOUND('',#1004,.T.);
#546=FACE_OUTER_BOUND('',#1005,.T.);
#547=FACE_OUTER_BOUND('',#1006,.T.);
#548=FACE_OUTER_BOUND('',#1007,.T.);
#549=FACE_OUTER_BOUND('',#1008,.T.);
#550=FACE_OUTER_BOUND('',#1009,.T.);
#551=FACE_OUTER_BOUND('',#1010,.T.);
#552=FACE_OUTER_BOUND('',#1011,.T.);
#553=FACE_OUTER_BOUND('',#1012,.T.);
#554=FACE_OUTER_BOUND('',#1013,.T.);
#555=FACE_OUTER_BOUND('',#1014,.T.);
#556=FACE_OUTER_BOUND('',#1015,.T.);
#557=FACE_OUTER_BOUND('',#1016,.T.);
#558=FACE_OUTER_BOUND('',#1017,.T.);
#559=FACE_OUTER_BOUND('',#1018,.T.);
#560=FACE_OUTER_BOUND('',#1019,.T.);
#561=FACE_OUTER_BOUND('',#1020,.T.);
#562=FACE_OUTER_BOUND('',#1021,.T.);
#563=FACE_OUTER_BOUND('',#1022,.T.);
#564=FACE_OUTER_BOUND('',#1023,.T.);
#565=FACE_OUTER_BOUND('',#1024,.T.);
#566=FACE_OUTER_BOUND('',#1025,.T.);
#567=FACE_OUTER_BOUND('',#1026,.T.);
#568=FACE_OUTER_BOUND('',#1027,.T.);
#569=FACE_OUTER_BOUND('',#1028,.T.);
#570=FACE_OUTER_BOUND('',#1029,.T.);
#571=FACE_OUTER_BOUND('',#1030,.T.);
#572=FACE_OUTER_BOUND('',#1031,.T.);
#573=FACE_OUTER_BOUND('',#1032,.T.);
#574=FACE_OUTER_BOUND('',#1033,.T.);
#575=FACE_OUTER_BOUND('',#1034,.T.);
#576=FACE_OUTER_BOUND('',#1035,.T.);
#577=FACE_OUTER_BOUND('',#1036,.T.);
#578=FACE_OUTER_BOUND('',#1037,.T.);
#579=FACE_OUTER_BOUND('',#1038,.T.);
#580=FACE_OUTER_BOUND('',#1039,.T.);
#581=FACE_OUTER_BOUND('',#1040,.T.);
#582=FACE_OUTER_BOUND('',#1041,.T.);
#583=FACE_OUTER_BOUND('',#1042,.T.);
#584=FACE_OUTER_BOUND('',#1043,.T.);
#585=FACE_OUTER_BOUND('',#1044,.T.);
#586=FACE_OUTER_BOUND('',#1045,.T.);
#587=FACE_OUTER_BOUND('',#1046,.T.);
#588=FACE_OUTER_BOUND('',#1047,.T.);
#589=FACE_OUTER_BOUND('',#1048,.T.);
#590=FACE_OUTER_BOUND('',#1049,.T.);
#591=FACE_OUTER_BOUND('',#1050,.T.);
#592=FACE_OUTER_BOUND('',#1051,.T.);
#593=FACE_OUTER_BOUND('',#1052,.T.);
#594=FACE_OUTER_BOUND('',#1053,.T.);
#595=FACE_OUTER_BOUND('',#1054,.T.);
#596=FACE_OUTER_BOUND('',#1055,.T.);
#597=FACE_OUTER_BOUND('',#1056,.T.);
#598=FACE_OUTER_BOUND('',#1057,.T.);
#599=FACE_OUTER_BOUND('',#1058,.T.);
#600=FACE_OUTER_BOUND('',#1059,.T.);
#601=FACE_OUTER_BOUND('',#1060,.T.);
#602=FACE_OUTER_BOUND('',#1061,.T.);
#603=FACE_OUTER_BOUND('',#1062,.T.);
#604=FACE_OUTER_BOUND('',#1063,.T.);
#605=FACE_OUTER_BOUND('',#1064,.T.);
#606=FACE_OUTER_BOUND('',#1065,.T.);
#607=FACE_OUTER_BOUND('',#1066,.T.);
#608=FACE_OUTER_BOUND('',#1067,.T.);
#609=FACE_OUTER_BOUND('',#1068,.T.);
#610=FACE_OUTER_BOUND('',#1069,.T.);
#611=FACE_OUTER_BOUND('',#1070,.T.);
#612=FACE_OUTER_BOUND('',#1071,.T.);
#613=FACE_OUTER_BOUND('',#1072,.T.);
#614=FACE_OUTER_BOUND('',#1073,.T.);
#615=FACE_OUTER_BOUND('',#1074,.T.);
#616=FACE_OUTER_BOUND('',#1075,.T.);
#617=FACE_OUTER_BOUND('',#1076,.T.);
#618=FACE_OUTER_BOUND('',#1077,.T.);
#619=FACE_OUTER_BOUND('',#1078,.T.);
#620=FACE_OUTER_BOUND('',#1079,.T.);
#621=FACE_OUTER_BOUND('',#1080,.T.);
#622=FACE_OUTER_BOUND('',#1081,.T.);
#623=FACE_OUTER_BOUND('',#1082,.T.);
#624=FACE_OUTER_BOUND('',#1083,.T.);
#625=FACE_OUTER_BOUND('',#1085,.T.);
#626=FACE_OUTER_BOUND('',#1086,.T.);
#627=EDGE_LOOP('',(#5775,#5776,#5777));
#628=EDGE_LOOP('',(#5778));
#629=EDGE_LOOP('',(#5779));
#630=EDGE_LOOP('',(#5780,#5781,#5782,#5783));
#631=EDGE_LOOP('',(#5784,#5785,#5786,#5787,#5788,#5789,#5790,#5791));
#632=EDGE_LOOP('',(#5792,#5793));
#633=EDGE_LOOP('',(#5794,#5795,#5796,#5797));
#634=EDGE_LOOP('',(#5798,#5799,#5800,#5801));
#635=EDGE_LOOP('',(#5802,#5803,#5804,#5805));
#636=EDGE_LOOP('',(#5806,#5807,#5808,#5809));
#637=EDGE_LOOP('',(#5810,#5811,#5812,#5813));
#638=EDGE_LOOP('',(#5814,#5815,#5816,#5817));
#639=EDGE_LOOP('',(#5818,#5819,#5820,#5821));
#640=EDGE_LOOP('',(#5822,#5823,#5824,#5825));
#641=EDGE_LOOP('',(#5826,#5827,#5828,#5829));
#642=EDGE_LOOP('',(#5830,#5831,#5832,#5833));
#643=EDGE_LOOP('',(#5834,#5835,#5836,#5837));
#644=EDGE_LOOP('',(#5838,#5839,#5840,#5841));
#645=EDGE_LOOP('',(#5842,#5843,#5844,#5845));
#646=EDGE_LOOP('',(#5846,#5847,#5848,#5849));
#647=EDGE_LOOP('',(#5850,#5851,#5852,#5853));
#648=EDGE_LOOP('',(#5854,#5855,#5856,#5857));
#649=EDGE_LOOP('',(#5858,#5859,#5860,#5861));
#650=EDGE_LOOP('',(#5862,#5863,#5864,#5865));
#651=EDGE_LOOP('',(#5866,#5867,#5868,#5869));
#652=EDGE_LOOP('',(#5870,#5871,#5872,#5873));
#653=EDGE_LOOP('',(#5874,#5875,#5876,#5877));
#654=EDGE_LOOP('',(#5878,#5879,#5880,#5881));
#655=EDGE_LOOP('',(#5882,#5883,#5884,#5885));
#656=EDGE_LOOP('',(#5886,#5887,#5888,#5889));
#657=EDGE_LOOP('',(#5890,#5891,#5892,#5893));
#658=EDGE_LOOP('',(#5894,#5895,#5896,#5897));
#659=EDGE_LOOP('',(#5898,#5899,#5900,#5901));
#660=EDGE_LOOP('',(#5902,#5903,#5904,#5905));
#661=EDGE_LOOP('',(#5906,#5907,#5908,#5909));
#662=EDGE_LOOP('',(#5910,#5911,#5912,#5913));
#663=EDGE_LOOP('',(#5914,#5915,#5916,#5917));
#664=EDGE_LOOP('',(#5918,#5919,#5920,#5921));
#665=EDGE_LOOP('',(#5922,#5923,#5924,#5925));
#666=EDGE_LOOP('',(#5926,#5927,#5928,#5929));
#667=EDGE_LOOP('',(#5930,#5931,#5932,#5933));
#668=EDGE_LOOP('',(#5934,#5935,#5936,#5937));
#669=EDGE_LOOP('',(#5938,#5939,#5940,#5941));
#670=EDGE_LOOP('',(#5942,#5943,#5944,#5945));
#671=EDGE_LOOP('',(#5946,#5947,#5948,#5949));
#672=EDGE_LOOP('',(#5950,#5951,#5952,#5953));
#673=EDGE_LOOP('',(#5954,#5955,#5956,#5957));
#674=EDGE_LOOP('',(#5958,#5959,#5960,#5961));
#675=EDGE_LOOP('',(#5962,#5963,#5964,#5965));
#676=EDGE_LOOP('',(#5966,#5967,#5968,#5969));
#677=EDGE_LOOP('',(#5970,#5971,#5972,#5973));
#678=EDGE_LOOP('',(#5974,#5975,#5976,#5977));
#679=EDGE_LOOP('',(#5978,#5979,#5980,#5981));
#680=EDGE_LOOP('',(#5982,#5983,#5984,#5985));
#681=EDGE_LOOP('',(#5986,#5987,#5988,#5989));
#682=EDGE_LOOP('',(#5990,#5991,#5992,#5993));
#683=EDGE_LOOP('',(#5994,#5995,#5996,#5997));
#684=EDGE_LOOP('',(#5998,#5999,#6000,#6001));
#685=EDGE_LOOP('',(#6002,#6003,#6004,#6005));
#686=EDGE_LOOP('',(#6006,#6007,#6008,#6009));
#687=EDGE_LOOP('',(#6010,#6011,#6012,#6013));
#688=EDGE_LOOP('',(#6014,#6015,#6016,#6017));
#689=EDGE_LOOP('',(#6018,#6019,#6020,#6021));
#690=EDGE_LOOP('',(#6022,#6023,#6024,#6025));
#691=EDGE_LOOP('',(#6026,#6027,#6028,#6029));
#692=EDGE_LOOP('',(#6030,#6031,#6032,#6033));
#693=EDGE_LOOP('',(#6034,#6035,#6036,#6037));
#694=EDGE_LOOP('',(#6038,#6039,#6040,#6041));
#695=EDGE_LOOP('',(#6042,#6043,#6044,#6045));
#696=EDGE_LOOP('',(#6046,#6047,#6048,#6049));
#697=EDGE_LOOP('',(#6050,#6051,#6052,#6053));
#698=EDGE_LOOP('',(#6054,#6055,#6056,#6057));
#699=EDGE_LOOP('',(#6058,#6059,#6060,#6061));
#700=EDGE_LOOP('',(#6062,#6063,#6064,#6065));
#701=EDGE_LOOP('',(#6066,#6067,#6068,#6069));
#702=EDGE_LOOP('',(#6070,#6071,#6072,#6073));
#703=EDGE_LOOP('',(#6074,#6075,#6076,#6077));
#704=EDGE_LOOP('',(#6078,#6079,#6080,#6081));
#705=EDGE_LOOP('',(#6082,#6083,#6084,#6085));
#706=EDGE_LOOP('',(#6086,#6087,#6088,#6089));
#707=EDGE_LOOP('',(#6090,#6091,#6092,#6093));
#708=EDGE_LOOP('',(#6094,#6095,#6096,#6097));
#709=EDGE_LOOP('',(#6098,#6099,#6100,#6101));
#710=EDGE_LOOP('',(#6102,#6103,#6104,#6105));
#711=EDGE_LOOP('',(#6106,#6107,#6108,#6109));
#712=EDGE_LOOP('',(#6110,#6111,#6112,#6113));
#713=EDGE_LOOP('',(#6114,#6115,#6116,#6117));
#714=EDGE_LOOP('',(#6118,#6119,#6120,#6121));
#715=EDGE_LOOP('',(#6122,#6123,#6124,#6125));
#716=EDGE_LOOP('',(#6126,#6127,#6128,#6129));
#717=EDGE_LOOP('',(#6130,#6131,#6132,#6133));
#718=EDGE_LOOP('',(#6134,#6135,#6136,#6137));
#719=EDGE_LOOP('',(#6138,#6139,#6140,#6141));
#720=EDGE_LOOP('',(#6142,#6143,#6144,#6145));
#721=EDGE_LOOP('',(#6146,#6147,#6148,#6149));
#722=EDGE_LOOP('',(#6150,#6151,#6152,#6153));
#723=EDGE_LOOP('',(#6154,#6155,#6156,#6157));
#724=EDGE_LOOP('',(#6158,#6159,#6160,#6161));
#725=EDGE_LOOP('',(#6162,#6163,#6164,#6165));
#726=EDGE_LOOP('',(#6166,#6167,#6168,#6169));
#727=EDGE_LOOP('',(#6170,#6171,#6172,#6173));
#728=EDGE_LOOP('',(#6174,#6175,#6176,#6177));
#729=EDGE_LOOP('',(#6178,#6179,#6180,#6181));
#730=EDGE_LOOP('',(#6182,#6183,#6184,#6185));
#731=EDGE_LOOP('',(#6186,#6187,#6188,#6189));
#732=EDGE_LOOP('',(#6190,#6191,#6192,#6193));
#733=EDGE_LOOP('',(#6194,#6195,#6196,#6197));
#734=EDGE_LOOP('',(#6198,#6199,#6200,#6201));
#735=EDGE_LOOP('',(#6202,#6203,#6204,#6205));
#736=EDGE_LOOP('',(#6206,#6207,#6208,#6209));
#737=EDGE_LOOP('',(#6210,#6211,#6212,#6213));
#738=EDGE_LOOP('',(#6214,#6215,#6216,#6217));
#739=EDGE_LOOP('',(#6218,#6219,#6220,#6221));
#740=EDGE_LOOP('',(#6222,#6223,#6224,#6225));
#741=EDGE_LOOP('',(#6226,#6227,#6228,#6229));
#742=EDGE_LOOP('',(#6230,#6231,#6232,#6233));
#743=EDGE_LOOP('',(#6234,#6235,#6236,#6237));
#744=EDGE_LOOP('',(#6238,#6239,#6240,#6241));
#745=EDGE_LOOP('',(#6242,#6243,#6244,#6245));
#746=EDGE_LOOP('',(#6246,#6247,#6248,#6249));
#747=EDGE_LOOP('',(#6250,#6251,#6252,#6253));
#748=EDGE_LOOP('',(#6254,#6255,#6256,#6257));
#749=EDGE_LOOP('',(#6258,#6259,#6260,#6261));
#750=EDGE_LOOP('',(#6262,#6263,#6264,#6265));
#751=EDGE_LOOP('',(#6266,#6267,#6268,#6269));
#752=EDGE_LOOP('',(#6270,#6271,#6272,#6273));
#753=EDGE_LOOP('',(#6274,#6275,#6276,#6277));
#754=EDGE_LOOP('',(#6278,#6279,#6280,#6281));
#755=EDGE_LOOP('',(#6282,#6283,#6284,#6285));
#756=EDGE_LOOP('',(#6286,#6287,#6288,#6289));
#757=EDGE_LOOP('',(#6290,#6291,#6292,#6293));
#758=EDGE_LOOP('',(#6294,#6295,#6296,#6297));
#759=EDGE_LOOP('',(#6298,#6299,#6300,#6301));
#760=EDGE_LOOP('',(#6302,#6303,#6304,#6305));
#761=EDGE_LOOP('',(#6306,#6307,#6308,#6309));
#762=EDGE_LOOP('',(#6310,#6311,#6312,#6313));
#763=EDGE_LOOP('',(#6314,#6315,#6316,#6317));
#764=EDGE_LOOP('',(#6318,#6319,#6320,#6321));
#765=EDGE_LOOP('',(#6322,#6323,#6324,#6325));
#766=EDGE_LOOP('',(#6326,#6327,#6328,#6329));
#767=EDGE_LOOP('',(#6330,#6331,#6332,#6333));
#768=EDGE_LOOP('',(#6334,#6335,#6336,#6337));
#769=EDGE_LOOP('',(#6338,#6339,#6340,#6341));
#770=EDGE_LOOP('',(#6342,#6343,#6344,#6345));
#771=EDGE_LOOP('',(#6346,#6347,#6348,#6349));
#772=EDGE_LOOP('',(#6350,#6351,#6352,#6353));
#773=EDGE_LOOP('',(#6354,#6355,#6356,#6357));
#774=EDGE_LOOP('',(#6358,#6359,#6360,#6361));
#775=EDGE_LOOP('',(#6362,#6363,#6364,#6365));
#776=EDGE_LOOP('',(#6366,#6367,#6368,#6369));
#777=EDGE_LOOP('',(#6370,#6371,#6372,#6373));
#778=EDGE_LOOP('',(#6374,#6375,#6376,#6377));
#779=EDGE_LOOP('',(#6378,#6379,#6380,#6381));
#780=EDGE_LOOP('',(#6382,#6383,#6384,#6385));
#781=EDGE_LOOP('',(#6386,#6387,#6388,#6389));
#782=EDGE_LOOP('',(#6390,#6391,#6392,#6393));
#783=EDGE_LOOP('',(#6394,#6395,#6396,#6397));
#784=EDGE_LOOP('',(#6398,#6399,#6400,#6401));
#785=EDGE_LOOP('',(#6402,#6403,#6404,#6405));
#786=EDGE_LOOP('',(#6406,#6407,#6408,#6409));
#787=EDGE_LOOP('',(#6410,#6411,#6412,#6413));
#788=EDGE_LOOP('',(#6414,#6415,#6416,#6417));
#789=EDGE_LOOP('',(#6418,#6419,#6420,#6421));
#790=EDGE_LOOP('',(#6422,#6423,#6424,#6425));
#791=EDGE_LOOP('',(#6426,#6427,#6428,#6429));
#792=EDGE_LOOP('',(#6430,#6431,#6432,#6433));
#793=EDGE_LOOP('',(#6434,#6435,#6436,#6437));
#794=EDGE_LOOP('',(#6438,#6439,#6440,#6441));
#795=EDGE_LOOP('',(#6442,#6443,#6444,#6445));
#796=EDGE_LOOP('',(#6446,#6447,#6448,#6449));
#797=EDGE_LOOP('',(#6450,#6451,#6452,#6453));
#798=EDGE_LOOP('',(#6454,#6455,#6456,#6457));
#799=EDGE_LOOP('',(#6458,#6459,#6460,#6461));
#800=EDGE_LOOP('',(#6462,#6463,#6464,#6465));
#801=EDGE_LOOP('',(#6466,#6467,#6468,#6469));
#802=EDGE_LOOP('',(#6470,#6471,#6472,#6473));
#803=EDGE_LOOP('',(#6474,#6475,#6476,#6477));
#804=EDGE_LOOP('',(#6478,#6479,#6480,#6481));
#805=EDGE_LOOP('',(#6482,#6483,#6484,#6485));
#806=EDGE_LOOP('',(#6486,#6487,#6488,#6489));
#807=EDGE_LOOP('',(#6490,#6491,#6492,#6493));
#808=EDGE_LOOP('',(#6494,#6495,#6496,#6497));
#809=EDGE_LOOP('',(#6498,#6499,#6500,#6501));
#810=EDGE_LOOP('',(#6502,#6503,#6504,#6505));
#811=EDGE_LOOP('',(#6506,#6507,#6508,#6509));
#812=EDGE_LOOP('',(#6510,#6511,#6512,#6513));
#813=EDGE_LOOP('',(#6514,#6515,#6516,#6517));
#814=EDGE_LOOP('',(#6518,#6519,#6520,#6521));
#815=EDGE_LOOP('',(#6522,#6523,#6524,#6525));
#816=EDGE_LOOP('',(#6526,#6527,#6528,#6529));
#817=EDGE_LOOP('',(#6530,#6531,#6532,#6533));
#818=EDGE_LOOP('',(#6534,#6535,#6536,#6537));
#819=EDGE_LOOP('',(#6538,#6539,#6540,#6541));
#820=EDGE_LOOP('',(#6542,#6543,#6544,#6545));
#821=EDGE_LOOP('',(#6546,#6547,#6548,#6549));
#822=EDGE_LOOP('',(#6550,#6551,#6552,#6553));
#823=EDGE_LOOP('',(#6554,#6555,#6556,#6557));
#824=EDGE_LOOP('',(#6558,#6559,#6560,#6561));
#825=EDGE_LOOP('',(#6562,#6563,#6564,#6565));
#826=EDGE_LOOP('',(#6566,#6567,#6568,#6569));
#827=EDGE_LOOP('',(#6570,#6571,#6572,#6573));
#828=EDGE_LOOP('',(#6574,#6575,#6576,#6577));
#829=EDGE_LOOP('',(#6578,#6579,#6580,#6581));
#830=EDGE_LOOP('',(#6582,#6583,#6584,#6585));
#831=EDGE_LOOP('',(#6586,#6587,#6588,#6589));
#832=EDGE_LOOP('',(#6590,#6591,#6592,#6593));
#833=EDGE_LOOP('',(#6594,#6595,#6596,#6597));
#834=EDGE_LOOP('',(#6598,#6599,#6600,#6601));
#835=EDGE_LOOP('',(#6602,#6603,#6604,#6605));
#836=EDGE_LOOP('',(#6606,#6607,#6608,#6609));
#837=EDGE_LOOP('',(#6610,#6611,#6612,#6613));
#838=EDGE_LOOP('',(#6614,#6615,#6616,#6617));
#839=EDGE_LOOP('',(#6618,#6619,#6620,#6621));
#840=EDGE_LOOP('',(#6622,#6623,#6624,#6625));
#841=EDGE_LOOP('',(#6626,#6627,#6628,#6629));
#842=EDGE_LOOP('',(#6630,#6631,#6632,#6633));
#843=EDGE_LOOP('',(#6634,#6635,#6636,#6637));
#844=EDGE_LOOP('',(#6638,#6639,#6640,#6641));
#845=EDGE_LOOP('',(#6642,#6643,#6644,#6645));
#846=EDGE_LOOP('',(#6646,#6647,#6648,#6649));
#847=EDGE_LOOP('',(#6650,#6651,#6652,#6653));
#848=EDGE_LOOP('',(#6654,#6655,#6656,#6657));
#849=EDGE_LOOP('',(#6658,#6659,#6660,#6661));
#850=EDGE_LOOP('',(#6662,#6663,#6664,#6665));
#851=EDGE_LOOP('',(#6666,#6667,#6668,#6669));
#852=EDGE_LOOP('',(#6670,#6671,#6672,#6673));
#853=EDGE_LOOP('',(#6674,#6675,#6676,#6677));
#854=EDGE_LOOP('',(#6678,#6679,#6680,#6681));
#855=EDGE_LOOP('',(#6682,#6683,#6684,#6685));
#856=EDGE_LOOP('',(#6686,#6687,#6688,#6689));
#857=EDGE_LOOP('',(#6690,#6691,#6692,#6693));
#858=EDGE_LOOP('',(#6694,#6695,#6696,#6697));
#859=EDGE_LOOP('',(#6698,#6699,#6700,#6701));
#860=EDGE_LOOP('',(#6702,#6703,#6704,#6705));
#861=EDGE_LOOP('',(#6706,#6707,#6708,#6709));
#862=EDGE_LOOP('',(#6710,#6711,#6712,#6713));
#863=EDGE_LOOP('',(#6714,#6715,#6716,#6717));
#864=EDGE_LOOP('',(#6718,#6719,#6720,#6721));
#865=EDGE_LOOP('',(#6722,#6723,#6724,#6725));
#866=EDGE_LOOP('',(#6726,#6727,#6728,#6729));
#867=EDGE_LOOP('',(#6730,#6731,#6732,#6733));
#868=EDGE_LOOP('',(#6734,#6735,#6736,#6737));
#869=EDGE_LOOP('',(#6738,#6739,#6740,#6741));
#870=EDGE_LOOP('',(#6742,#6743,#6744,#6745));
#871=EDGE_LOOP('',(#6746,#6747,#6748,#6749));
#872=EDGE_LOOP('',(#6750,#6751,#6752,#6753));
#873=EDGE_LOOP('',(#6754,#6755,#6756,#6757));
#874=EDGE_LOOP('',(#6758,#6759,#6760,#6761));
#875=EDGE_LOOP('',(#6762,#6763,#6764,#6765));
#876=EDGE_LOOP('',(#6766,#6767,#6768,#6769));
#877=EDGE_LOOP('',(#6770,#6771,#6772,#6773));
#878=EDGE_LOOP('',(#6774,#6775,#6776,#6777));
#879=EDGE_LOOP('',(#6778,#6779,#6780,#6781));
#880=EDGE_LOOP('',(#6782,#6783,#6784,#6785));
#881=EDGE_LOOP('',(#6786,#6787,#6788,#6789));
#882=EDGE_LOOP('',(#6790,#6791,#6792,#6793));
#883=EDGE_LOOP('',(#6794,#6795,#6796,#6797));
#884=EDGE_LOOP('',(#6798,#6799,#6800,#6801));
#885=EDGE_LOOP('',(#6802,#6803,#6804,#6805));
#886=EDGE_LOOP('',(#6806,#6807,#6808,#6809));
#887=EDGE_LOOP('',(#6810,#6811,#6812,#6813));
#888=EDGE_LOOP('',(#6814,#6815,#6816,#6817));
#889=EDGE_LOOP('',(#6818,#6819,#6820,#6821));
#890=EDGE_LOOP('',(#6822,#6823,#6824,#6825));
#891=EDGE_LOOP('',(#6826,#6827,#6828,#6829));
#892=EDGE_LOOP('',(#6830,#6831,#6832,#6833));
#893=EDGE_LOOP('',(#6834,#6835,#6836,#6837));
#894=EDGE_LOOP('',(#6838,#6839,#6840,#6841));
#895=EDGE_LOOP('',(#6842,#6843,#6844,#6845));
#896=EDGE_LOOP('',(#6846,#6847,#6848,#6849));
#897=EDGE_LOOP('',(#6850,#6851,#6852,#6853));
#898=EDGE_LOOP('',(#6854,#6855,#6856,#6857));
#899=EDGE_LOOP('',(#6858,#6859,#6860,#6861));
#900=EDGE_LOOP('',(#6862,#6863,#6864,#6865));
#901=EDGE_LOOP('',(#6866,#6867,#6868,#6869));
#902=EDGE_LOOP('',(#6870,#6871,#6872,#6873));
#903=EDGE_LOOP('',(#6874,#6875,#6876,#6877));
#904=EDGE_LOOP('',(#6878,#6879,#6880,#6881));
#905=EDGE_LOOP('',(#6882,#6883,#6884,#6885));
#906=EDGE_LOOP('',(#6886,#6887,#6888,#6889));
#907=EDGE_LOOP('',(#6890,#6891,#6892,#6893));
#908=EDGE_LOOP('',(#6894,#6895,#6896,#6897));
#909=EDGE_LOOP('',(#6898,#6899,#6900,#6901));
#910=EDGE_LOOP('',(#6902,#6903,#6904,#6905));
#911=EDGE_LOOP('',(#6906,#6907,#6908,#6909));
#912=EDGE_LOOP('',(#6910,#6911,#6912,#6913));
#913=EDGE_LOOP('',(#6914,#6915,#6916,#6917));
#914=EDGE_LOOP('',(#6918,#6919,#6920,#6921));
#915=EDGE_LOOP('',(#6922,#6923,#6924,#6925));
#916=EDGE_LOOP('',(#6926,#6927,#6928,#6929));
#917=EDGE_LOOP('',(#6930,#6931,#6932,#6933));
#918=EDGE_LOOP('',(#6934,#6935,#6936,#6937));
#919=EDGE_LOOP('',(#6938,#6939,#6940,#6941));
#920=EDGE_LOOP('',(#6942,#6943,#6944,#6945));
#921=EDGE_LOOP('',(#6946,#6947,#6948,#6949));
#922=EDGE_LOOP('',(#6950,#6951,#6952,#6953));
#923=EDGE_LOOP('',(#6954,#6955,#6956,#6957));
#924=EDGE_LOOP('',(#6958,#6959,#6960,#6961));
#925=EDGE_LOOP('',(#6962,#6963,#6964,#6965));
#926=EDGE_LOOP('',(#6966,#6967,#6968,#6969));
#927=EDGE_LOOP('',(#6970,#6971,#6972,#6973));
#928=EDGE_LOOP('',(#6974,#6975,#6976,#6977));
#929=EDGE_LOOP('',(#6978,#6979,#6980,#6981));
#930=EDGE_LOOP('',(#6982,#6983,#6984,#6985));
#931=EDGE_LOOP('',(#6986,#6987,#6988,#6989,#6990,#6991,#6992,#6993,#6994,
#6995,#6996,#6997,#6998,#6999,#7000,#7001,#7002,#7003,#7004,#7005,#7006,
#7007,#7008,#7009,#7010,#7011,#7012,#7013,#7014,#7015,#7016,#7017,#7018,
#7019,#7020,#7021,#7022,#7023,#7024,#7025,#7026,#7027,#7028,#7029,#7030,
#7031,#7032,#7033,#7034,#7035,#7036,#7037,#7038,#7039,#7040,#7041,#7042,
#7043,#7044,#7045,#7046,#7047,#7048,#7049,#7050,#7051,#7052,#7053,#7054,
#7055,#7056,#7057,#7058,#7059,#7060,#7061,#7062,#7063,#7064,#7065,#7066,
#7067,#7068,#7069,#7070,#7071,#7072,#7073,#7074,#7075,#7076,#7077,#7078,
#7079,#7080,#7081,#7082,#7083,#7084,#7085,#7086,#7087,#7088,#7089,#7090,
#7091,#7092,#7093,#7094,#7095,#7096,#7097,#7098,#7099,#7100,#7101,#7102,
#7103,#7104,#7105,#7106,#7107,#7108,#7109,#7110,#7111,#7112,#7113,#7114,
#7115,#7116,#7117,#7118,#7119,#7120,#7121,#7122,#7123,#7124,#7125,#7126,
#7127,#7128,#7129,#7130,#7131,#7132,#7133,#7134,#7135,#7136,#7137,#7138,
#7139,#7140,#7141,#7142,#7143,#7144,#7145,#7146,#7147,#7148,#7149,#7150,
#7151,#7152,#7153,#7154,#7155,#7156,#7157,#7158,#7159,#7160,#7161,#7162,
#7163,#7164,#7165,#7166,#7167,#7168,#7169,#7170,#7171,#7172,#7173,#7174,
#7175,#7176,#7177,#7178,#7179,#7180,#7181,#7182,#7183,#7184,#7185,#7186,
#7187,#7188,#7189,#7190,#7191,#7192,#7193,#7194,#7195,#7196,#7197,#7198,
#7199,#7200,#7201,#7202,#7203,#7204,#7205,#7206,#7207,#7208,#7209,#7210,
#7211,#7212,#7213,#7214,#7215,#7216,#7217,#7218,#7219,#7220,#7221,#7222,
#7223,#7224,#7225,#7226,#7227,#7228,#7229,#7230,#7231,#7232,#7233,#7234,
#7235,#7236,#7237,#7238,#7239,#7240,#7241,#7242,#7243,#7244,#7245,#7246,
#7247,#7248,#7249,#7250,#7251,#7252,#7253,#7254,#7255,#7256,#7257,#7258,
#7259,#7260,#7261,#7262,#7263,#7264,#7265,#7266,#7267,#7268,#7269,#7270,
#7271,#7272,#7273,#7274,#7275,#7276,#7277,#7278,#7279,#7280,#7281,#7282,
#7283,#7284,#7285,#7286,#7287,#7288,#7289,#7290,#7291,#7292,#7293,#7294,
#7295,#7296,#7297,#7298,#7299,#7300,#7301,#7302,#7303,#7304,#7305,#7306,
#7307,#7308,#7309,#7310,#7311,#7312,#7313,#7314,#7315,#7316,#7317,#7318,
#7319,#7320,#7321,#7322,#7323,#7324,#7325,#7326,#7327,#7328,#7329,#7330,
#7331,#7332,#7333,#7334,#7335,#7336,#7337,#7338,#7339,#7340,#7341,#7342,
#7343,#7344,#7345,#7346,#7347,#7348,#7349,#7350,#7351,#7352,#7353,#7354,
#7355,#7356,#7357,#7358,#7359,#7360,#7361,#7362,#7363,#7364,#7365,#7366,
#7367,#7368,#7369,#7370,#7371,#7372,#7373,#7374,#7375,#7376,#7377,#7378,
#7379,#7380,#7381,#7382,#7383,#7384,#7385,#7386,#7387,#7388,#7389,#7390,
#7391,#7392,#7393,#7394,#7395,#7396,#7397,#7398,#7399,#7400,#7401,#7402,
#7403,#7404,#7405,#7406,#7407,#7408,#7409,#7410,#7411,#7412,#7413,#7414,
#7415,#7416,#7417,#7418,#7419,#7420,#7421,#7422,#7423,#7424,#7425,#7426,
#7427,#7428,#7429,#7430,#7431,#7432,#7433,#7434,#7435));
#932=EDGE_LOOP('',(#7436,#7437,#7438,#7439));
#933=EDGE_LOOP('',(#7440,#7441,#7442,#7443));
#934=EDGE_LOOP('',(#7444,#7445,#7446,#7447));
#935=EDGE_LOOP('',(#7448,#7449,#7450,#7451));
#936=EDGE_LOOP('',(#7452,#7453,#7454,#7455));
#937=EDGE_LOOP('',(#7456,#7457,#7458,#7459));
#938=EDGE_LOOP('',(#7460,#7461,#7462,#7463));
#939=EDGE_LOOP('',(#7464,#7465,#7466,#7467));
#940=EDGE_LOOP('',(#7468,#7469,#7470,#7471));
#941=EDGE_LOOP('',(#7472,#7473,#7474,#7475));
#942=EDGE_LOOP('',(#7476,#7477,#7478,#7479));
#943=EDGE_LOOP('',(#7480,#7481,#7482,#7483));
#944=EDGE_LOOP('',(#7484,#7485,#7486,#7487));
#945=EDGE_LOOP('',(#7488,#7489,#7490,#7491));
#946=EDGE_LOOP('',(#7492,#7493,#7494,#7495));
#947=EDGE_LOOP('',(#7496,#7497,#7498,#7499));
#948=EDGE_LOOP('',(#7500,#7501,#7502,#7503));
#949=EDGE_LOOP('',(#7504,#7505,#7506,#7507));
#950=EDGE_LOOP('',(#7508,#7509,#7510,#7511));
#951=EDGE_LOOP('',(#7512,#7513,#7514,#7515));
#952=EDGE_LOOP('',(#7516,#7517,#7518,#7519));
#953=EDGE_LOOP('',(#7520,#7521,#7522,#7523));
#954=EDGE_LOOP('',(#7524,#7525,#7526,#7527));
#955=EDGE_LOOP('',(#7528,#7529,#7530,#7531));
#956=EDGE_LOOP('',(#7532,#7533,#7534,#7535));
#957=EDGE_LOOP('',(#7536,#7537,#7538,#7539));
#958=EDGE_LOOP('',(#7540,#7541,#7542,#7543));
#959=EDGE_LOOP('',(#7544,#7545,#7546,#7547));
#960=EDGE_LOOP('',(#7548,#7549,#7550,#7551));
#961=EDGE_LOOP('',(#7552,#7553,#7554,#7555));
#962=EDGE_LOOP('',(#7556,#7557,#7558,#7559));
#963=EDGE_LOOP('',(#7560,#7561,#7562,#7563));
#964=EDGE_LOOP('',(#7564,#7565,#7566,#7567));
#965=EDGE_LOOP('',(#7568,#7569,#7570,#7571));
#966=EDGE_LOOP('',(#7572,#7573,#7574,#7575));
#967=EDGE_LOOP('',(#7576,#7577,#7578,#7579));
#968=EDGE_LOOP('',(#7580,#7581,#7582,#7583));
#969=EDGE_LOOP('',(#7584,#7585,#7586,#7587));
#970=EDGE_LOOP('',(#7588,#7589,#7590,#7591));
#971=EDGE_LOOP('',(#7592,#7593,#7594,#7595));
#972=EDGE_LOOP('',(#7596,#7597,#7598,#7599));
#973=EDGE_LOOP('',(#7600,#7601,#7602,#7603));
#974=EDGE_LOOP('',(#7604,#7605,#7606,#7607));
#975=EDGE_LOOP('',(#7608,#7609,#7610,#7611));
#976=EDGE_LOOP('',(#7612,#7613,#7614,#7615));
#977=EDGE_LOOP('',(#7616,#7617,#7618,#7619));
#978=EDGE_LOOP('',(#7620,#7621,#7622,#7623));
#979=EDGE_LOOP('',(#7624,#7625,#7626,#7627));
#980=EDGE_LOOP('',(#7628,#7629,#7630,#7631));
#981=EDGE_LOOP('',(#7632,#7633,#7634,#7635));
#982=EDGE_LOOP('',(#7636,#7637,#7638,#7639));
#983=EDGE_LOOP('',(#7640,#7641,#7642,#7643));
#984=EDGE_LOOP('',(#7644,#7645,#7646,#7647));
#985=EDGE_LOOP('',(#7648,#7649,#7650,#7651));
#986=EDGE_LOOP('',(#7652,#7653,#7654,#7655));
#987=EDGE_LOOP('',(#7656,#7657,#7658,#7659));
#988=EDGE_LOOP('',(#7660,#7661,#7662,#7663));
#989=EDGE_LOOP('',(#7664,#7665,#7666,#7667));
#990=EDGE_LOOP('',(#7668,#7669,#7670,#7671));
#991=EDGE_LOOP('',(#7672,#7673,#7674,#7675));
#992=EDGE_LOOP('',(#7676,#7677,#7678,#7679));
#993=EDGE_LOOP('',(#7680,#7681,#7682,#7683));
#994=EDGE_LOOP('',(#7684,#7685,#7686,#7687));
#995=EDGE_LOOP('',(#7688,#7689,#7690,#7691));
#996=EDGE_LOOP('',(#7692,#7693,#7694,#7695));
#997=EDGE_LOOP('',(#7696,#7697,#7698,#7699));
#998=EDGE_LOOP('',(#7700,#7701,#7702,#7703));
#999=EDGE_LOOP('',(#7704,#7705,#7706,#7707));
#1000=EDGE_LOOP('',(#7708,#7709,#7710,#7711));
#1001=EDGE_LOOP('',(#7712,#7713,#7714,#7715));
#1002=EDGE_LOOP('',(#7716,#7717,#7718,#7719));
#1003=EDGE_LOOP('',(#7720,#7721,#7722,#7723));
#1004=EDGE_LOOP('',(#7724,#7725,#7726,#7727));
#1005=EDGE_LOOP('',(#7728,#7729,#7730,#7731));
#1006=EDGE_LOOP('',(#7732,#7733,#7734,#7735));
#1007=EDGE_LOOP('',(#7736,#7737,#7738,#7739));
#1008=EDGE_LOOP('',(#7740,#7741,#7742,#7743));
#1009=EDGE_LOOP('',(#7744,#7745,#7746,#7747));
#1010=EDGE_LOOP('',(#7748,#7749,#7750,#7751));
#1011=EDGE_LOOP('',(#7752,#7753,#7754,#7755));
#1012=EDGE_LOOP('',(#7756,#7757,#7758,#7759));
#1013=EDGE_LOOP('',(#7760,#7761,#7762,#7763));
#1014=EDGE_LOOP('',(#7764,#7765,#7766,#7767));
#1015=EDGE_LOOP('',(#7768,#7769,#7770,#7771));
#1016=EDGE_LOOP('',(#7772,#7773,#7774,#7775));
#1017=EDGE_LOOP('',(#7776,#7777,#7778,#7779));
#1018=EDGE_LOOP('',(#7780,#7781,#7782,#7783));
#1019=EDGE_LOOP('',(#7784,#7785,#7786,#7787));
#1020=EDGE_LOOP('',(#7788,#7789,#7790,#7791));
#1021=EDGE_LOOP('',(#7792,#7793,#7794,#7795));
#1022=EDGE_LOOP('',(#7796,#7797,#7798,#7799));
#1023=EDGE_LOOP('',(#7800,#7801,#7802,#7803));
#1024=EDGE_LOOP('',(#7804,#7805,#7806,#7807));
#1025=EDGE_LOOP('',(#7808,#7809,#7810,#7811));
#1026=EDGE_LOOP('',(#7812,#7813,#7814,#7815));
#1027=EDGE_LOOP('',(#7816,#7817,#7818,#7819));
#1028=EDGE_LOOP('',(#7820,#7821,#7822,#7823));
#1029=EDGE_LOOP('',(#7824,#7825,#7826,#7827));
#1030=EDGE_LOOP('',(#7828,#7829,#7830,#7831));
#1031=EDGE_LOOP('',(#7832,#7833,#7834,#7835));
#1032=EDGE_LOOP('',(#7836,#7837,#7838,#7839));
#1033=EDGE_LOOP('',(#7840,#7841,#7842,#7843));
#1034=EDGE_LOOP('',(#7844,#7845,#7846,#7847));
#1035=EDGE_LOOP('',(#7848,#7849,#7850,#7851));
#1036=EDGE_LOOP('',(#7852,#7853,#7854,#7855));
#1037=EDGE_LOOP('',(#7856,#7857,#7858,#7859));
#1038=EDGE_LOOP('',(#7860,#7861,#7862,#7863));
#1039=EDGE_LOOP('',(#7864,#7865,#7866,#7867));
#1040=EDGE_LOOP('',(#7868,#7869,#7870,#7871));
#1041=EDGE_LOOP('',(#7872,#7873,#7874,#7875));
#1042=EDGE_LOOP('',(#7876,#7877,#7878,#7879));
#1043=EDGE_LOOP('',(#7880,#7881,#7882,#7883));
#1044=EDGE_LOOP('',(#7884,#7885,#7886,#7887));
#1045=EDGE_LOOP('',(#7888,#7889,#7890,#7891));
#1046=EDGE_LOOP('',(#7892,#7893,#7894,#7895));
#1047=EDGE_LOOP('',(#7896,#7897,#7898,#7899));
#1048=EDGE_LOOP('',(#7900,#7901,#7902,#7903));
#1049=EDGE_LOOP('',(#7904,#7905,#7906,#7907));
#1050=EDGE_LOOP('',(#7908,#7909,#7910,#7911));
#1051=EDGE_LOOP('',(#7912,#7913,#7914,#7915));
#1052=EDGE_LOOP('',(#7916,#7917,#7918,#7919));
#1053=EDGE_LOOP('',(#7920,#7921,#7922,#7923));
#1054=EDGE_LOOP('',(#7924,#7925,#7926,#7927));
#1055=EDGE_LOOP('',(#7928,#7929,#7930,#7931));
#1056=EDGE_LOOP('',(#7932,#7933,#7934,#7935));
#1057=EDGE_LOOP('',(#7936,#7937,#7938,#7939));
#1058=EDGE_LOOP('',(#7940,#7941,#7942,#7943));
#1059=EDGE_LOOP('',(#7944,#7945,#7946,#7947));
#1060=EDGE_LOOP('',(#7948,#7949,#7950,#7951));
#1061=EDGE_LOOP('',(#7952,#7953,#7954,#7955));
#1062=EDGE_LOOP('',(#7956,#7957,#7958,#7959));
#1063=EDGE_LOOP('',(#7960,#7961,#7962,#7963));
#1064=EDGE_LOOP('',(#7964,#7965,#7966,#7967));
#1065=EDGE_LOOP('',(#7968,#7969,#7970,#7971));
#1066=EDGE_LOOP('',(#7972,#7973,#7974,#7975));
#1067=EDGE_LOOP('',(#7976,#7977,#7978,#7979));
#1068=EDGE_LOOP('',(#7980,#7981,#7982,#7983));
#1069=EDGE_LOOP('',(#7984,#7985,#7986,#7987));
#1070=EDGE_LOOP('',(#7988,#7989,#7990,#7991));
#1071=EDGE_LOOP('',(#7992,#7993,#7994,#7995));
#1072=EDGE_LOOP('',(#7996,#7997,#7998,#7999));
#1073=EDGE_LOOP('',(#8000,#8001,#8002,#8003));
#1074=EDGE_LOOP('',(#8004,#8005,#8006,#8007));
#1075=EDGE_LOOP('',(#8008,#8009,#8010,#8011));
#1076=EDGE_LOOP('',(#8012,#8013,#8014,#8015));
#1077=EDGE_LOOP('',(#8016,#8017,#8018,#8019));
#1078=EDGE_LOOP('',(#8020,#8021,#8022,#8023));
#1079=EDGE_LOOP('',(#8024,#8025,#8026,#8027));
#1080=EDGE_LOOP('',(#8028,#8029,#8030,#8031));
#1081=EDGE_LOOP('',(#8032,#8033,#8034,#8035));
#1082=EDGE_LOOP('',(#8036,#8037,#8038,#8039));
#1083=EDGE_LOOP('',(#8040,#8041,#8042,#8043,#8044,#8045,#8046,#8047,#8048,
#8049,#8050,#8051,#8052,#8053,#8054,#8055,#8056,#8057,#8058,#8059,#8060,
#8061,#8062,#8063,#8064,#8065,#8066,#8067,#8068,#8069,#8070,#8071,#8072,
#8073,#8074,#8075,#8076,#8077,#8078,#8079,#8080,#8081,#8082,#8083,#8084,
#8085,#8086,#8087,#8088,#8089,#8090,#8091,#8092,#8093,#8094,#8095,#8096,
#8097,#8098,#8099,#8100,#8101,#8102,#8103,#8104,#8105,#8106,#8107,#8108,
#8109,#8110,#8111,#8112,#8113,#8114,#8115,#8116,#8117,#8118,#8119,#8120,
#8121,#8122,#8123,#8124,#8125,#8126,#8127,#8128,#8129,#8130,#8131,#8132,
#8133,#8134,#8135,#8136,#8137,#8138,#8139,#8140,#8141,#8142,#8143,#8144,
#8145,#8146,#8147,#8148,#8149,#8150,#8151,#8152,#8153,#8154,#8155,#8156,
#8157,#8158,#8159,#8160,#8161,#8162,#8163,#8164,#8165,#8166,#8167,#8168,
#8169,#8170,#8171,#8172,#8173,#8174,#8175,#8176,#8177,#8178,#8179,#8180,
#8181,#8182,#8183,#8184,#8185,#8186,#8187,#8188,#8189,#8190,#8191,#8192,
#8193,#8194,#8195,#8196,#8197,#8198,#8199,#8200,#8201,#8202,#8203,#8204,
#8205,#8206,#8207,#8208,#8209,#8210,#8211,#8212,#8213,#8214,#8215,#8216,
#8217,#8218,#8219,#8220,#8221,#8222,#8223,#8224,#8225,#8226,#8227,#8228,
#8229,#8230,#8231,#8232,#8233,#8234,#8235,#8236,#8237,#8238,#8239,#8240,
#8241,#8242,#8243,#8244,#8245,#8246,#8247,#8248,#8249,#8250,#8251,#8252,
#8253,#8254,#8255,#8256,#8257,#8258,#8259,#8260,#8261,#8262,#8263,#8264,
#8265,#8266,#8267,#8268,#8269,#8270,#8271,#8272,#8273,#8274,#8275,#8276,
#8277,#8278,#8279,#8280,#8281,#8282,#8283,#8284,#8285,#8286,#8287,#8288,
#8289,#8290,#8291,#8292,#8293,#8294,#8295,#8296,#8297,#8298,#8299,#8300,
#8301,#8302,#8303,#8304,#8305,#8306,#8307,#8308,#8309,#8310,#8311,#8312,
#8313,#8314,#8315,#8316,#8317,#8318,#8319,#8320,#8321,#8322,#8323,#8324,
#8325,#8326,#8327,#8328,#8329,#8330,#8331,#8332,#8333,#8334,#8335,#8336,
#8337,#8338,#8339,#8340,#8341,#8342,#8343,#8344,#8345,#8346,#8347,#8348,
#8349,#8350,#8351,#8352,#8353,#8354,#8355,#8356,#8357,#8358,#8359,#8360,
#8361,#8362,#8363,#8364,#8365,#8366,#8367,#8368,#8369,#8370,#8371,#8372,
#8373,#8374,#8375,#8376,#8377,#8378,#8379,#8380,#8381,#8382,#8383,#8384,
#8385,#8386,#8387,#8388,#8389,#8390,#8391,#8392,#8393,#8394,#8395,#8396,
#8397,#8398,#8399,#8400,#8401,#8402,#8403,#8404,#8405,#8406,#8407,#8408,
#8409,#8410,#8411,#8412,#8413,#8414,#8415,#8416,#8417,#8418,#8419,#8420,
#8421,#8422,#8423,#8424,#8425,#8426,#8427,#8428,#8429,#8430,#8431,#8432,
#8433,#8434,#8435,#8436,#8437,#8438,#8439,#8440,#8441,#8442,#8443,#8444,
#8445,#8446,#8447,#8448,#8449,#8450,#8451,#8452,#8453,#8454,#8455,#8456,
#8457,#8458,#8459,#8460,#8461,#8462,#8463,#8464,#8465,#8466,#8467,#8468,
#8469,#8470,#8471,#8472,#8473,#8474,#8475,#8476,#8477,#8478,#8479,#8480,
#8481,#8482,#8483,#8484,#8485,#8486,#8487,#8488,#8489));
#1084=EDGE_LOOP('',(#8490));
#1085=EDGE_LOOP('',(#8491,#8492,#8493,#8494));
#1086=EDGE_LOOP('',(#8495,#8496,#8497,#8498));
#1087=LINE('',#12641,#2143);
#1088=LINE('',#12650,#2144);
#1089=LINE('',#12652,#2145);
#1090=LINE('',#12653,#2146);
#1091=LINE('',#12655,#2147);
#1092=LINE('',#12661,#2148);
#1093=LINE('',#12663,#2149);
#1094=LINE('',#12665,#2150);
#1095=LINE('',#12666,#2151);
#1096=LINE('',#12669,#2152);
#1097=LINE('',#12671,#2153);
#1098=LINE('',#12672,#2154);
#1099=LINE('',#12676,#2155);
#1100=LINE('',#12678,#2156);
#1101=LINE('',#12680,#2157);
#1102=LINE('',#12681,#2158);
#1103=LINE('',#12684,#2159);
#1104=LINE('',#12686,#2160);
#1105=LINE('',#12687,#2161);
#1106=LINE('',#12691,#2162);
#1107=LINE('',#12693,#2163);
#1108=LINE('',#12695,#2164);
#1109=LINE('',#12696,#2165);
#1110=LINE('',#12699,#2166);
#1111=LINE('',#12701,#2167);
#1112=LINE('',#12702,#2168);
#1113=LINE('',#12706,#2169);
#1114=LINE('',#12708,#2170);
#1115=LINE('',#12710,#2171);
#1116=LINE('',#12711,#2172);
#1117=LINE('',#12714,#2173);
#1118=LINE('',#12716,#2174);
#1119=LINE('',#12717,#2175);
#1120=LINE('',#12721,#2176);
#1121=LINE('',#12723,#2177);
#1122=LINE('',#12725,#2178);
#1123=LINE('',#12726,#2179);
#1124=LINE('',#12729,#2180);
#1125=LINE('',#12731,#2181);
#1126=LINE('',#12732,#2182);
#1127=LINE('',#12736,#2183);
#1128=LINE('',#12738,#2184);
#1129=LINE('',#12740,#2185);
#1130=LINE('',#12741,#2186);
#1131=LINE('',#12744,#2187);
#1132=LINE('',#12746,#2188);
#1133=LINE('',#12747,#2189);
#1134=LINE('',#12751,#2190);
#1135=LINE('',#12753,#2191);
#1136=LINE('',#12755,#2192);
#1137=LINE('',#12756,#2193);
#1138=LINE('',#12759,#2194);
#1139=LINE('',#12761,#2195);
#1140=LINE('',#12762,#2196);
#1141=LINE('',#12766,#2197);
#1142=LINE('',#12768,#2198);
#1143=LINE('',#12770,#2199);
#1144=LINE('',#12771,#2200);
#1145=LINE('',#12774,#2201);
#1146=LINE('',#12776,#2202);
#1147=LINE('',#12777,#2203);
#1148=LINE('',#12781,#2204);
#1149=LINE('',#12783,#2205);
#1150=LINE('',#12785,#2206);
#1151=LINE('',#12786,#2207);
#1152=LINE('',#12789,#2208);
#1153=LINE('',#12791,#2209);
#1154=LINE('',#12792,#2210);
#1155=LINE('',#12796,#2211);
#1156=LINE('',#12798,#2212);
#1157=LINE('',#12800,#2213);
#1158=LINE('',#12801,#2214);
#1159=LINE('',#12804,#2215);
#1160=LINE('',#12806,#2216);
#1161=LINE('',#12807,#2217);
#1162=LINE('',#12811,#2218);
#1163=LINE('',#12813,#2219);
#1164=LINE('',#12815,#2220);
#1165=LINE('',#12816,#2221);
#1166=LINE('',#12819,#2222);
#1167=LINE('',#12821,#2223);
#1168=LINE('',#12822,#2224);
#1169=LINE('',#12826,#2225);
#1170=LINE('',#12828,#2226);
#1171=LINE('',#12830,#2227);
#1172=LINE('',#12831,#2228);
#1173=LINE('',#12834,#2229);
#1174=LINE('',#12836,#2230);
#1175=LINE('',#12837,#2231);
#1176=LINE('',#12841,#2232);
#1177=LINE('',#12843,#2233);
#1178=LINE('',#12845,#2234);
#1179=LINE('',#12846,#2235);
#1180=LINE('',#12849,#2236);
#1181=LINE('',#12851,#2237);
#1182=LINE('',#12852,#2238);
#1183=LINE('',#12856,#2239);
#1184=LINE('',#12858,#2240);
#1185=LINE('',#12860,#2241);
#1186=LINE('',#12861,#2242);
#1187=LINE('',#12864,#2243);
#1188=LINE('',#12866,#2244);
#1189=LINE('',#12867,#2245);
#1190=LINE('',#12871,#2246);
#1191=LINE('',#12873,#2247);
#1192=LINE('',#12875,#2248);
#1193=LINE('',#12876,#2249);
#1194=LINE('',#12879,#2250);
#1195=LINE('',#12881,#2251);
#1196=LINE('',#12882,#2252);
#1197=LINE('',#12886,#2253);
#1198=LINE('',#12888,#2254);
#1199=LINE('',#12890,#2255);
#1200=LINE('',#12891,#2256);
#1201=LINE('',#12894,#2257);
#1202=LINE('',#12896,#2258);
#1203=LINE('',#12897,#2259);
#1204=LINE('',#12901,#2260);
#1205=LINE('',#12903,#2261);
#1206=LINE('',#12905,#2262);
#1207=LINE('',#12906,#2263);
#1208=LINE('',#12909,#2264);
#1209=LINE('',#12911,#2265);
#1210=LINE('',#12912,#2266);
#1211=LINE('',#12916,#2267);
#1212=LINE('',#12918,#2268);
#1213=LINE('',#12920,#2269);
#1214=LINE('',#12921,#2270);
#1215=LINE('',#12924,#2271);
#1216=LINE('',#12926,#2272);
#1217=LINE('',#12927,#2273);
#1218=LINE('',#12931,#2274);
#1219=LINE('',#12933,#2275);
#1220=LINE('',#12935,#2276);
#1221=LINE('',#12936,#2277);
#1222=LINE('',#12939,#2278);
#1223=LINE('',#12941,#2279);
#1224=LINE('',#12942,#2280);
#1225=LINE('',#12946,#2281);
#1226=LINE('',#12948,#2282);
#1227=LINE('',#12950,#2283);
#1228=LINE('',#12951,#2284);
#1229=LINE('',#12954,#2285);
#1230=LINE('',#12956,#2286);
#1231=LINE('',#12957,#2287);
#1232=LINE('',#12961,#2288);
#1233=LINE('',#12963,#2289);
#1234=LINE('',#12965,#2290);
#1235=LINE('',#12966,#2291);
#1236=LINE('',#12969,#2292);
#1237=LINE('',#12971,#2293);
#1238=LINE('',#12972,#2294);
#1239=LINE('',#12976,#2295);
#1240=LINE('',#12978,#2296);
#1241=LINE('',#12980,#2297);
#1242=LINE('',#12981,#2298);
#1243=LINE('',#12984,#2299);
#1244=LINE('',#12986,#2300);
#1245=LINE('',#12987,#2301);
#1246=LINE('',#12991,#2302);
#1247=LINE('',#12993,#2303);
#1248=LINE('',#12995,#2304);
#1249=LINE('',#12996,#2305);
#1250=LINE('',#12999,#2306);
#1251=LINE('',#13001,#2307);
#1252=LINE('',#13002,#2308);
#1253=LINE('',#13006,#2309);
#1254=LINE('',#13008,#2310);
#1255=LINE('',#13010,#2311);
#1256=LINE('',#13011,#2312);
#1257=LINE('',#13014,#2313);
#1258=LINE('',#13016,#2314);
#1259=LINE('',#13017,#2315);
#1260=LINE('',#13021,#2316);
#1261=LINE('',#13023,#2317);
#1262=LINE('',#13025,#2318);
#1263=LINE('',#13026,#2319);
#1264=LINE('',#13029,#2320);
#1265=LINE('',#13031,#2321);
#1266=LINE('',#13032,#2322);
#1267=LINE('',#13036,#2323);
#1268=LINE('',#13038,#2324);
#1269=LINE('',#13040,#2325);
#1270=LINE('',#13041,#2326);
#1271=LINE('',#13044,#2327);
#1272=LINE('',#13046,#2328);
#1273=LINE('',#13047,#2329);
#1274=LINE('',#13051,#2330);
#1275=LINE('',#13053,#2331);
#1276=LINE('',#13055,#2332);
#1277=LINE('',#13056,#2333);
#1278=LINE('',#13059,#2334);
#1279=LINE('',#13061,#2335);
#1280=LINE('',#13062,#2336);
#1281=LINE('',#13066,#2337);
#1282=LINE('',#13068,#2338);
#1283=LINE('',#13070,#2339);
#1284=LINE('',#13071,#2340);
#1285=LINE('',#13074,#2341);
#1286=LINE('',#13076,#2342);
#1287=LINE('',#13077,#2343);
#1288=LINE('',#13081,#2344);
#1289=LINE('',#13083,#2345);
#1290=LINE('',#13085,#2346);
#1291=LINE('',#13086,#2347);
#1292=LINE('',#13089,#2348);
#1293=LINE('',#13091,#2349);
#1294=LINE('',#13092,#2350);
#1295=LINE('',#13096,#2351);
#1296=LINE('',#13098,#2352);
#1297=LINE('',#13100,#2353);
#1298=LINE('',#13101,#2354);
#1299=LINE('',#13104,#2355);
#1300=LINE('',#13106,#2356);
#1301=LINE('',#13107,#2357);
#1302=LINE('',#13111,#2358);
#1303=LINE('',#13113,#2359);
#1304=LINE('',#13115,#2360);
#1305=LINE('',#13116,#2361);
#1306=LINE('',#13119,#2362);
#1307=LINE('',#13121,#2363);
#1308=LINE('',#13122,#2364);
#1309=LINE('',#13126,#2365);
#1310=LINE('',#13128,#2366);
#1311=LINE('',#13130,#2367);
#1312=LINE('',#13131,#2368);
#1313=LINE('',#13134,#2369);
#1314=LINE('',#13136,#2370);
#1315=LINE('',#13137,#2371);
#1316=LINE('',#13141,#2372);
#1317=LINE('',#13143,#2373);
#1318=LINE('',#13145,#2374);
#1319=LINE('',#13146,#2375);
#1320=LINE('',#13149,#2376);
#1321=LINE('',#13151,#2377);
#1322=LINE('',#13152,#2378);
#1323=LINE('',#13156,#2379);
#1324=LINE('',#13158,#2380);
#1325=LINE('',#13160,#2381);
#1326=LINE('',#13161,#2382);
#1327=LINE('',#13164,#2383);
#1328=LINE('',#13166,#2384);
#1329=LINE('',#13167,#2385);
#1330=LINE('',#13171,#2386);
#1331=LINE('',#13173,#2387);
#1332=LINE('',#13175,#2388);
#1333=LINE('',#13176,#2389);
#1334=LINE('',#13179,#2390);
#1335=LINE('',#13181,#2391);
#1336=LINE('',#13182,#2392);
#1337=LINE('',#13186,#2393);
#1338=LINE('',#13188,#2394);
#1339=LINE('',#13190,#2395);
#1340=LINE('',#13191,#2396);
#1341=LINE('',#13194,#2397);
#1342=LINE('',#13196,#2398);
#1343=LINE('',#13197,#2399);
#1344=LINE('',#13201,#2400);
#1345=LINE('',#13203,#2401);
#1346=LINE('',#13205,#2402);
#1347=LINE('',#13206,#2403);
#1348=LINE('',#13209,#2404);
#1349=LINE('',#13211,#2405);
#1350=LINE('',#13212,#2406);
#1351=LINE('',#13216,#2407);
#1352=LINE('',#13218,#2408);
#1353=LINE('',#13220,#2409);
#1354=LINE('',#13221,#2410);
#1355=LINE('',#13224,#2411);
#1356=LINE('',#13226,#2412);
#1357=LINE('',#13227,#2413);
#1358=LINE('',#13231,#2414);
#1359=LINE('',#13233,#2415);
#1360=LINE('',#13235,#2416);
#1361=LINE('',#13236,#2417);
#1362=LINE('',#13239,#2418);
#1363=LINE('',#13241,#2419);
#1364=LINE('',#13242,#2420);
#1365=LINE('',#13246,#2421);
#1366=LINE('',#13248,#2422);
#1367=LINE('',#13250,#2423);
#1368=LINE('',#13251,#2424);
#1369=LINE('',#13254,#2425);
#1370=LINE('',#13256,#2426);
#1371=LINE('',#13257,#2427);
#1372=LINE('',#13261,#2428);
#1373=LINE('',#13263,#2429);
#1374=LINE('',#13265,#2430);
#1375=LINE('',#13266,#2431);
#1376=LINE('',#13269,#2432);
#1377=LINE('',#13271,#2433);
#1378=LINE('',#13272,#2434);
#1379=LINE('',#13276,#2435);
#1380=LINE('',#13278,#2436);
#1381=LINE('',#13280,#2437);
#1382=LINE('',#13281,#2438);
#1383=LINE('',#13284,#2439);
#1384=LINE('',#13286,#2440);
#1385=LINE('',#13287,#2441);
#1386=LINE('',#13291,#2442);
#1387=LINE('',#13293,#2443);
#1388=LINE('',#13295,#2444);
#1389=LINE('',#13296,#2445);
#1390=LINE('',#13299,#2446);
#1391=LINE('',#13301,#2447);
#1392=LINE('',#13302,#2448);
#1393=LINE('',#13306,#2449);
#1394=LINE('',#13308,#2450);
#1395=LINE('',#13310,#2451);
#1396=LINE('',#13311,#2452);
#1397=LINE('',#13314,#2453);
#1398=LINE('',#13316,#2454);
#1399=LINE('',#13317,#2455);
#1400=LINE('',#13321,#2456);
#1401=LINE('',#13323,#2457);
#1402=LINE('',#13325,#2458);
#1403=LINE('',#13326,#2459);
#1404=LINE('',#13329,#2460);
#1405=LINE('',#13331,#2461);
#1406=LINE('',#13332,#2462);
#1407=LINE('',#13336,#2463);
#1408=LINE('',#13338,#2464);
#1409=LINE('',#13340,#2465);
#1410=LINE('',#13341,#2466);
#1411=LINE('',#13344,#2467);
#1412=LINE('',#13346,#2468);
#1413=LINE('',#13347,#2469);
#1414=LINE('',#13351,#2470);
#1415=LINE('',#13353,#2471);
#1416=LINE('',#13355,#2472);
#1417=LINE('',#13356,#2473);
#1418=LINE('',#13359,#2474);
#1419=LINE('',#13361,#2475);
#1420=LINE('',#13362,#2476);
#1421=LINE('',#13366,#2477);
#1422=LINE('',#13368,#2478);
#1423=LINE('',#13370,#2479);
#1424=LINE('',#13371,#2480);
#1425=LINE('',#13374,#2481);
#1426=LINE('',#13376,#2482);
#1427=LINE('',#13377,#2483);
#1428=LINE('',#13381,#2484);
#1429=LINE('',#13383,#2485);
#1430=LINE('',#13385,#2486);
#1431=LINE('',#13386,#2487);
#1432=LINE('',#13389,#2488);
#1433=LINE('',#13391,#2489);
#1434=LINE('',#13392,#2490);
#1435=LINE('',#13396,#2491);
#1436=LINE('',#13398,#2492);
#1437=LINE('',#13400,#2493);
#1438=LINE('',#13401,#2494);
#1439=LINE('',#13404,#2495);
#1440=LINE('',#13406,#2496);
#1441=LINE('',#13407,#2497);
#1442=LINE('',#13411,#2498);
#1443=LINE('',#13413,#2499);
#1444=LINE('',#13415,#2500);
#1445=LINE('',#13416,#2501);
#1446=LINE('',#13419,#2502);
#1447=LINE('',#13421,#2503);
#1448=LINE('',#13422,#2504);
#1449=LINE('',#13426,#2505);
#1450=LINE('',#13428,#2506);
#1451=LINE('',#13430,#2507);
#1452=LINE('',#13431,#2508);
#1453=LINE('',#13434,#2509);
#1454=LINE('',#13436,#2510);
#1455=LINE('',#13437,#2511);
#1456=LINE('',#13441,#2512);
#1457=LINE('',#13443,#2513);
#1458=LINE('',#13445,#2514);
#1459=LINE('',#13446,#2515);
#1460=LINE('',#13449,#2516);
#1461=LINE('',#13451,#2517);
#1462=LINE('',#13452,#2518);
#1463=LINE('',#13456,#2519);
#1464=LINE('',#13458,#2520);
#1465=LINE('',#13460,#2521);
#1466=LINE('',#13461,#2522);
#1467=LINE('',#13464,#2523);
#1468=LINE('',#13466,#2524);
#1469=LINE('',#13467,#2525);
#1470=LINE('',#13471,#2526);
#1471=LINE('',#13473,#2527);
#1472=LINE('',#13475,#2528);
#1473=LINE('',#13476,#2529);
#1474=LINE('',#13479,#2530);
#1475=LINE('',#13481,#2531);
#1476=LINE('',#13482,#2532);
#1477=LINE('',#13486,#2533);
#1478=LINE('',#13488,#2534);
#1479=LINE('',#13490,#2535);
#1480=LINE('',#13491,#2536);
#1481=LINE('',#13494,#2537);
#1482=LINE('',#13496,#2538);
#1483=LINE('',#13497,#2539);
#1484=LINE('',#13501,#2540);
#1485=LINE('',#13503,#2541);
#1486=LINE('',#13505,#2542);
#1487=LINE('',#13506,#2543);
#1488=LINE('',#13509,#2544);
#1489=LINE('',#13511,#2545);
#1490=LINE('',#13512,#2546);
#1491=LINE('',#13516,#2547);
#1492=LINE('',#13518,#2548);
#1493=LINE('',#13520,#2549);
#1494=LINE('',#13521,#2550);
#1495=LINE('',#13524,#2551);
#1496=LINE('',#13526,#2552);
#1497=LINE('',#13527,#2553);
#1498=LINE('',#13531,#2554);
#1499=LINE('',#13533,#2555);
#1500=LINE('',#13535,#2556);
#1501=LINE('',#13536,#2557);
#1502=LINE('',#13539,#2558);
#1503=LINE('',#13541,#2559);
#1504=LINE('',#13542,#2560);
#1505=LINE('',#13546,#2561);
#1506=LINE('',#13548,#2562);
#1507=LINE('',#13550,#2563);
#1508=LINE('',#13551,#2564);
#1509=LINE('',#13554,#2565);
#1510=LINE('',#13556,#2566);
#1511=LINE('',#13557,#2567);
#1512=LINE('',#13561,#2568);
#1513=LINE('',#13563,#2569);
#1514=LINE('',#13565,#2570);
#1515=LINE('',#13566,#2571);
#1516=LINE('',#13569,#2572);
#1517=LINE('',#13571,#2573);
#1518=LINE('',#13572,#2574);
#1519=LINE('',#13576,#2575);
#1520=LINE('',#13578,#2576);
#1521=LINE('',#13580,#2577);
#1522=LINE('',#13581,#2578);
#1523=LINE('',#13584,#2579);
#1524=LINE('',#13586,#2580);
#1525=LINE('',#13587,#2581);
#1526=LINE('',#13591,#2582);
#1527=LINE('',#13593,#2583);
#1528=LINE('',#13595,#2584);
#1529=LINE('',#13596,#2585);
#1530=LINE('',#13599,#2586);
#1531=LINE('',#13601,#2587);
#1532=LINE('',#13602,#2588);
#1533=LINE('',#13606,#2589);
#1534=LINE('',#13608,#2590);
#1535=LINE('',#13610,#2591);
#1536=LINE('',#13611,#2592);
#1537=LINE('',#13614,#2593);
#1538=LINE('',#13616,#2594);
#1539=LINE('',#13617,#2595);
#1540=LINE('',#13621,#2596);
#1541=LINE('',#13623,#2597);
#1542=LINE('',#13625,#2598);
#1543=LINE('',#13626,#2599);
#1544=LINE('',#13629,#2600);
#1545=LINE('',#13631,#2601);
#1546=LINE('',#13632,#2602);
#1547=LINE('',#13636,#2603);
#1548=LINE('',#13638,#2604);
#1549=LINE('',#13640,#2605);
#1550=LINE('',#13641,#2606);
#1551=LINE('',#13644,#2607);
#1552=LINE('',#13646,#2608);
#1553=LINE('',#13647,#2609);
#1554=LINE('',#13651,#2610);
#1555=LINE('',#13653,#2611);
#1556=LINE('',#13655,#2612);
#1557=LINE('',#13656,#2613);
#1558=LINE('',#13659,#2614);
#1559=LINE('',#13661,#2615);
#1560=LINE('',#13662,#2616);
#1561=LINE('',#13666,#2617);
#1562=LINE('',#13668,#2618);
#1563=LINE('',#13670,#2619);
#1564=LINE('',#13671,#2620);
#1565=LINE('',#13674,#2621);
#1566=LINE('',#13676,#2622);
#1567=LINE('',#13677,#2623);
#1568=LINE('',#13681,#2624);
#1569=LINE('',#13683,#2625);
#1570=LINE('',#13685,#2626);
#1571=LINE('',#13686,#2627);
#1572=LINE('',#13689,#2628);
#1573=LINE('',#13691,#2629);
#1574=LINE('',#13692,#2630);
#1575=LINE('',#13696,#2631);
#1576=LINE('',#13698,#2632);
#1577=LINE('',#13700,#2633);
#1578=LINE('',#13701,#2634);
#1579=LINE('',#13704,#2635);
#1580=LINE('',#13706,#2636);
#1581=LINE('',#13707,#2637);
#1582=LINE('',#13711,#2638);
#1583=LINE('',#13713,#2639);
#1584=LINE('',#13715,#2640);
#1585=LINE('',#13716,#2641);
#1586=LINE('',#13719,#2642);
#1587=LINE('',#13721,#2643);
#1588=LINE('',#13722,#2644);
#1589=LINE('',#13726,#2645);
#1590=LINE('',#13728,#2646);
#1591=LINE('',#13730,#2647);
#1592=LINE('',#13731,#2648);
#1593=LINE('',#13734,#2649);
#1594=LINE('',#13736,#2650);
#1595=LINE('',#13737,#2651);
#1596=LINE('',#13741,#2652);
#1597=LINE('',#13743,#2653);
#1598=LINE('',#13745,#2654);
#1599=LINE('',#13746,#2655);
#1600=LINE('',#13749,#2656);
#1601=LINE('',#13751,#2657);
#1602=LINE('',#13752,#2658);
#1603=LINE('',#13756,#2659);
#1604=LINE('',#13758,#2660);
#1605=LINE('',#13760,#2661);
#1606=LINE('',#13761,#2662);
#1607=LINE('',#13764,#2663);
#1608=LINE('',#13766,#2664);
#1609=LINE('',#13767,#2665);
#1610=LINE('',#13771,#2666);
#1611=LINE('',#13773,#2667);
#1612=LINE('',#13775,#2668);
#1613=LINE('',#13776,#2669);
#1614=LINE('',#13779,#2670);
#1615=LINE('',#13781,#2671);
#1616=LINE('',#13782,#2672);
#1617=LINE('',#13786,#2673);
#1618=LINE('',#13788,#2674);
#1619=LINE('',#13790,#2675);
#1620=LINE('',#13791,#2676);
#1621=LINE('',#13794,#2677);
#1622=LINE('',#13796,#2678);
#1623=LINE('',#13797,#2679);
#1624=LINE('',#13801,#2680);
#1625=LINE('',#13803,#2681);
#1626=LINE('',#13805,#2682);
#1627=LINE('',#13806,#2683);
#1628=LINE('',#13809,#2684);
#1629=LINE('',#13811,#2685);
#1630=LINE('',#13812,#2686);
#1631=LINE('',#13816,#2687);
#1632=LINE('',#13818,#2688);
#1633=LINE('',#13820,#2689);
#1634=LINE('',#13821,#2690);
#1635=LINE('',#13824,#2691);
#1636=LINE('',#13826,#2692);
#1637=LINE('',#13827,#2693);
#1638=LINE('',#13831,#2694);
#1639=LINE('',#13833,#2695);
#1640=LINE('',#13835,#2696);
#1641=LINE('',#13836,#2697);
#1642=LINE('',#13839,#2698);
#1643=LINE('',#13841,#2699);
#1644=LINE('',#13842,#2700);
#1645=LINE('',#13846,#2701);
#1646=LINE('',#13848,#2702);
#1647=LINE('',#13850,#2703);
#1648=LINE('',#13851,#2704);
#1649=LINE('',#13854,#2705);
#1650=LINE('',#13856,#2706);
#1651=LINE('',#13857,#2707);
#1652=LINE('',#13861,#2708);
#1653=LINE('',#13863,#2709);
#1654=LINE('',#13865,#2710);
#1655=LINE('',#13866,#2711);
#1656=LINE('',#13869,#2712);
#1657=LINE('',#13871,#2713);
#1658=LINE('',#13872,#2714);
#1659=LINE('',#13876,#2715);
#1660=LINE('',#13878,#2716);
#1661=LINE('',#13880,#2717);
#1662=LINE('',#13881,#2718);
#1663=LINE('',#13884,#2719);
#1664=LINE('',#13886,#2720);
#1665=LINE('',#13887,#2721);
#1666=LINE('',#13891,#2722);
#1667=LINE('',#13893,#2723);
#1668=LINE('',#13895,#2724);
#1669=LINE('',#13896,#2725);
#1670=LINE('',#13899,#2726);
#1671=LINE('',#13901,#2727);
#1672=LINE('',#13902,#2728);
#1673=LINE('',#13906,#2729);
#1674=LINE('',#13908,#2730);
#1675=LINE('',#13910,#2731);
#1676=LINE('',#13911,#2732);
#1677=LINE('',#13914,#2733);
#1678=LINE('',#13916,#2734);
#1679=LINE('',#13917,#2735);
#1680=LINE('',#13921,#2736);
#1681=LINE('',#13923,#2737);
#1682=LINE('',#13925,#2738);
#1683=LINE('',#13926,#2739);
#1684=LINE('',#13929,#2740);
#1685=LINE('',#13931,#2741);
#1686=LINE('',#13932,#2742);
#1687=LINE('',#13936,#2743);
#1688=LINE('',#13938,#2744);
#1689=LINE('',#13940,#2745);
#1690=LINE('',#13941,#2746);
#1691=LINE('',#13944,#2747);
#1692=LINE('',#13946,#2748);
#1693=LINE('',#13947,#2749);
#1694=LINE('',#13951,#2750);
#1695=LINE('',#13953,#2751);
#1696=LINE('',#13955,#2752);
#1697=LINE('',#13956,#2753);
#1698=LINE('',#13959,#2754);
#1699=LINE('',#13961,#2755);
#1700=LINE('',#13962,#2756);
#1701=LINE('',#13966,#2757);
#1702=LINE('',#13968,#2758);
#1703=LINE('',#13970,#2759);
#1704=LINE('',#13971,#2760);
#1705=LINE('',#13974,#2761);
#1706=LINE('',#13976,#2762);
#1707=LINE('',#13977,#2763);
#1708=LINE('',#13981,#2764);
#1709=LINE('',#13983,#2765);
#1710=LINE('',#13985,#2766);
#1711=LINE('',#13986,#2767);
#1712=LINE('',#13989,#2768);
#1713=LINE('',#13991,#2769);
#1714=LINE('',#13992,#2770);
#1715=LINE('',#13996,#2771);
#1716=LINE('',#13998,#2772);
#1717=LINE('',#14000,#2773);
#1718=LINE('',#14001,#2774);
#1719=LINE('',#14004,#2775);
#1720=LINE('',#14006,#2776);
#1721=LINE('',#14007,#2777);
#1722=LINE('',#14011,#2778);
#1723=LINE('',#14013,#2779);
#1724=LINE('',#14015,#2780);
#1725=LINE('',#14016,#2781);
#1726=LINE('',#14019,#2782);
#1727=LINE('',#14021,#2783);
#1728=LINE('',#14022,#2784);
#1729=LINE('',#14026,#2785);
#1730=LINE('',#14028,#2786);
#1731=LINE('',#14030,#2787);
#1732=LINE('',#14031,#2788);
#1733=LINE('',#14034,#2789);
#1734=LINE('',#14036,#2790);
#1735=LINE('',#14037,#2791);
#1736=LINE('',#14041,#2792);
#1737=LINE('',#14043,#2793);
#1738=LINE('',#14045,#2794);
#1739=LINE('',#14046,#2795);
#1740=LINE('',#14049,#2796);
#1741=LINE('',#14051,#2797);
#1742=LINE('',#14052,#2798);
#1743=LINE('',#14056,#2799);
#1744=LINE('',#14058,#2800);
#1745=LINE('',#14060,#2801);
#1746=LINE('',#14061,#2802);
#1747=LINE('',#14064,#2803);
#1748=LINE('',#14066,#2804);
#1749=LINE('',#14067,#2805);
#1750=LINE('',#14071,#2806);
#1751=LINE('',#14073,#2807);
#1752=LINE('',#14075,#2808);
#1753=LINE('',#14076,#2809);
#1754=LINE('',#14079,#2810);
#1755=LINE('',#14081,#2811);
#1756=LINE('',#14082,#2812);
#1757=LINE('',#14086,#2813);
#1758=LINE('',#14088,#2814);
#1759=LINE('',#14090,#2815);
#1760=LINE('',#14091,#2816);
#1761=LINE('',#14094,#2817);
#1762=LINE('',#14096,#2818);
#1763=LINE('',#14097,#2819);
#1764=LINE('',#14101,#2820);
#1765=LINE('',#14103,#2821);
#1766=LINE('',#14105,#2822);
#1767=LINE('',#14106,#2823);
#1768=LINE('',#14109,#2824);
#1769=LINE('',#14111,#2825);
#1770=LINE('',#14112,#2826);
#1771=LINE('',#14116,#2827);
#1772=LINE('',#14118,#2828);
#1773=LINE('',#14120,#2829);
#1774=LINE('',#14121,#2830);
#1775=LINE('',#14124,#2831);
#1776=LINE('',#14126,#2832);
#1777=LINE('',#14127,#2833);
#1778=LINE('',#14131,#2834);
#1779=LINE('',#14133,#2835);
#1780=LINE('',#14135,#2836);
#1781=LINE('',#14136,#2837);
#1782=LINE('',#14139,#2838);
#1783=LINE('',#14141,#2839);
#1784=LINE('',#14142,#2840);
#1785=LINE('',#14146,#2841);
#1786=LINE('',#14148,#2842);
#1787=LINE('',#14150,#2843);
#1788=LINE('',#14151,#2844);
#1789=LINE('',#14154,#2845);
#1790=LINE('',#14156,#2846);
#1791=LINE('',#14157,#2847);
#1792=LINE('',#14161,#2848);
#1793=LINE('',#14163,#2849);
#1794=LINE('',#14165,#2850);
#1795=LINE('',#14166,#2851);
#1796=LINE('',#14169,#2852);
#1797=LINE('',#14171,#2853);
#1798=LINE('',#14172,#2854);
#1799=LINE('',#14176,#2855);
#1800=LINE('',#14178,#2856);
#1801=LINE('',#14180,#2857);
#1802=LINE('',#14181,#2858);
#1803=LINE('',#14184,#2859);
#1804=LINE('',#14186,#2860);
#1805=LINE('',#14187,#2861);
#1806=LINE('',#14191,#2862);
#1807=LINE('',#14193,#2863);
#1808=LINE('',#14195,#2864);
#1809=LINE('',#14196,#2865);
#1810=LINE('',#14199,#2866);
#1811=LINE('',#14201,#2867);
#1812=LINE('',#14202,#2868);
#1813=LINE('',#14206,#2869);
#1814=LINE('',#14208,#2870);
#1815=LINE('',#14210,#2871);
#1816=LINE('',#14211,#2872);
#1817=LINE('',#14214,#2873);
#1818=LINE('',#14216,#2874);
#1819=LINE('',#14217,#2875);
#1820=LINE('',#14221,#2876);
#1821=LINE('',#14223,#2877);
#1822=LINE('',#14225,#2878);
#1823=LINE('',#14226,#2879);
#1824=LINE('',#14229,#2880);
#1825=LINE('',#14231,#2881);
#1826=LINE('',#14232,#2882);
#1827=LINE('',#14236,#2883);
#1828=LINE('',#14238,#2884);
#1829=LINE('',#14240,#2885);
#1830=LINE('',#14241,#2886);
#1831=LINE('',#14244,#2887);
#1832=LINE('',#14246,#2888);
#1833=LINE('',#14247,#2889);
#1834=LINE('',#14251,#2890);
#1835=LINE('',#14253,#2891);
#1836=LINE('',#14255,#2892);
#1837=LINE('',#14256,#2893);
#1838=LINE('',#14259,#2894);
#1839=LINE('',#14261,#2895);
#1840=LINE('',#14262,#2896);
#1841=LINE('',#14266,#2897);
#1842=LINE('',#14268,#2898);
#1843=LINE('',#14270,#2899);
#1844=LINE('',#14271,#2900);
#1845=LINE('',#14274,#2901);
#1846=LINE('',#14276,#2902);
#1847=LINE('',#14277,#2903);
#1848=LINE('',#14281,#2904);
#1849=LINE('',#14283,#2905);
#1850=LINE('',#14285,#2906);
#1851=LINE('',#14286,#2907);
#1852=LINE('',#14289,#2908);
#1853=LINE('',#14291,#2909);
#1854=LINE('',#14292,#2910);
#1855=LINE('',#14296,#2911);
#1856=LINE('',#14298,#2912);
#1857=LINE('',#14300,#2913);
#1858=LINE('',#14301,#2914);
#1859=LINE('',#14304,#2915);
#1860=LINE('',#14306,#2916);
#1861=LINE('',#14307,#2917);
#1862=LINE('',#14311,#2918);
#1863=LINE('',#14313,#2919);
#1864=LINE('',#14315,#2920);
#1865=LINE('',#14316,#2921);
#1866=LINE('',#14319,#2922);
#1867=LINE('',#14321,#2923);
#1868=LINE('',#14322,#2924);
#1869=LINE('',#14326,#2925);
#1870=LINE('',#14328,#2926);
#1871=LINE('',#14330,#2927);
#1872=LINE('',#14331,#2928);
#1873=LINE('',#14334,#2929);
#1874=LINE('',#14336,#2930);
#1875=LINE('',#14337,#2931);
#1876=LINE('',#14341,#2932);
#1877=LINE('',#14343,#2933);
#1878=LINE('',#14345,#2934);
#1879=LINE('',#14346,#2935);
#1880=LINE('',#14349,#2936);
#1881=LINE('',#14351,#2937);
#1882=LINE('',#14352,#2938);
#1883=LINE('',#14356,#2939);
#1884=LINE('',#14358,#2940);
#1885=LINE('',#14360,#2941);
#1886=LINE('',#14361,#2942);
#1887=LINE('',#14364,#2943);
#1888=LINE('',#14366,#2944);
#1889=LINE('',#14367,#2945);
#1890=LINE('',#14371,#2946);
#1891=LINE('',#14373,#2947);
#1892=LINE('',#14375,#2948);
#1893=LINE('',#14376,#2949);
#1894=LINE('',#14379,#2950);
#1895=LINE('',#14381,#2951);
#1896=LINE('',#14382,#2952);
#1897=LINE('',#14386,#2953);
#1898=LINE('',#14388,#2954);
#1899=LINE('',#14390,#2955);
#1900=LINE('',#14391,#2956);
#1901=LINE('',#14394,#2957);
#1902=LINE('',#14396,#2958);
#1903=LINE('',#14397,#2959);
#1904=LINE('',#14401,#2960);
#1905=LINE('',#14403,#2961);
#1906=LINE('',#14405,#2962);
#1907=LINE('',#14406,#2963);
#1908=LINE('',#14409,#2964);
#1909=LINE('',#14411,#2965);
#1910=LINE('',#14412,#2966);
#1911=LINE('',#14416,#2967);
#1912=LINE('',#14418,#2968);
#1913=LINE('',#14420,#2969);
#1914=LINE('',#14421,#2970);
#1915=LINE('',#14424,#2971);
#1916=LINE('',#14426,#2972);
#1917=LINE('',#14427,#2973);
#1918=LINE('',#14431,#2974);
#1919=LINE('',#14433,#2975);
#1920=LINE('',#14435,#2976);
#1921=LINE('',#14436,#2977);
#1922=LINE('',#14439,#2978);
#1923=LINE('',#14441,#2979);
#1924=LINE('',#14442,#2980);
#1925=LINE('',#14446,#2981);
#1926=LINE('',#14448,#2982);
#1927=LINE('',#14450,#2983);
#1928=LINE('',#14451,#2984);
#1929=LINE('',#14454,#2985);
#1930=LINE('',#14456,#2986);
#1931=LINE('',#14457,#2987);
#1932=LINE('',#14461,#2988);
#1933=LINE('',#14463,#2989);
#1934=LINE('',#14465,#2990);
#1935=LINE('',#14466,#2991);
#1936=LINE('',#14469,#2992);
#1937=LINE('',#14471,#2993);
#1938=LINE('',#14472,#2994);
#1939=LINE('',#14476,#2995);
#1940=LINE('',#14478,#2996);
#1941=LINE('',#14480,#2997);
#1942=LINE('',#14481,#2998);
#1943=LINE('',#14484,#2999);
#1944=LINE('',#14486,#3000);
#1945=LINE('',#14487,#3001);
#1946=LINE('',#14491,#3002);
#1947=LINE('',#14493,#3003);
#1948=LINE('',#14495,#3004);
#1949=LINE('',#14496,#3005);
#1950=LINE('',#14499,#3006);
#1951=LINE('',#14501,#3007);
#1952=LINE('',#14502,#3008);
#1953=LINE('',#14506,#3009);
#1954=LINE('',#14508,#3010);
#1955=LINE('',#14510,#3011);
#1956=LINE('',#14511,#3012);
#1957=LINE('',#14514,#3013);
#1958=LINE('',#14516,#3014);
#1959=LINE('',#14517,#3015);
#1960=LINE('',#14521,#3016);
#1961=LINE('',#14523,#3017);
#1962=LINE('',#14525,#3018);
#1963=LINE('',#14526,#3019);
#1964=LINE('',#14529,#3020);
#1965=LINE('',#14531,#3021);
#1966=LINE('',#14532,#3022);
#1967=LINE('',#14536,#3023);
#1968=LINE('',#14538,#3024);
#1969=LINE('',#14540,#3025);
#1970=LINE('',#14541,#3026);
#1971=LINE('',#14544,#3027);
#1972=LINE('',#14546,#3028);
#1973=LINE('',#14547,#3029);
#1974=LINE('',#14551,#3030);
#1975=LINE('',#14553,#3031);
#1976=LINE('',#14555,#3032);
#1977=LINE('',#14556,#3033);
#1978=LINE('',#14559,#3034);
#1979=LINE('',#14561,#3035);
#1980=LINE('',#14562,#3036);
#1981=LINE('',#14566,#3037);
#1982=LINE('',#14568,#3038);
#1983=LINE('',#14570,#3039);
#1984=LINE('',#14571,#3040);
#1985=LINE('',#14574,#3041);
#1986=LINE('',#14576,#3042);
#1987=LINE('',#14577,#3043);
#1988=LINE('',#14581,#3044);
#1989=LINE('',#14583,#3045);
#1990=LINE('',#14585,#3046);
#1991=LINE('',#14586,#3047);
#1992=LINE('',#14589,#3048);
#1993=LINE('',#14591,#3049);
#1994=LINE('',#14592,#3050);
#1995=LINE('',#14596,#3051);
#1996=LINE('',#14598,#3052);
#1997=LINE('',#14600,#3053);
#1998=LINE('',#14601,#3054);
#1999=LINE('',#14604,#3055);
#2000=LINE('',#14606,#3056);
#2001=LINE('',#14607,#3057);
#2002=LINE('',#14611,#3058);
#2003=LINE('',#14613,#3059);
#2004=LINE('',#14615,#3060);
#2005=LINE('',#14616,#3061);
#2006=LINE('',#14619,#3062);
#2007=LINE('',#14621,#3063);
#2008=LINE('',#14622,#3064);
#2009=LINE('',#14626,#3065);
#2010=LINE('',#14628,#3066);
#2011=LINE('',#14630,#3067);
#2012=LINE('',#14631,#3068);
#2013=LINE('',#14634,#3069);
#2014=LINE('',#14636,#3070);
#2015=LINE('',#14637,#3071);
#2016=LINE('',#14641,#3072);
#2017=LINE('',#14643,#3073);
#2018=LINE('',#14645,#3074);
#2019=LINE('',#14646,#3075);
#2020=LINE('',#14649,#3076);
#2021=LINE('',#14651,#3077);
#2022=LINE('',#14652,#3078);
#2023=LINE('',#14656,#3079);
#2024=LINE('',#14658,#3080);
#2025=LINE('',#14660,#3081);
#2026=LINE('',#14661,#3082);
#2027=LINE('',#14664,#3083);
#2028=LINE('',#14666,#3084);
#2029=LINE('',#14667,#3085);
#2030=LINE('',#14671,#3086);
#2031=LINE('',#14673,#3087);
#2032=LINE('',#14675,#3088);
#2033=LINE('',#14676,#3089);
#2034=LINE('',#14679,#3090);
#2035=LINE('',#14681,#3091);
#2036=LINE('',#14682,#3092);
#2037=LINE('',#14686,#3093);
#2038=LINE('',#14688,#3094);
#2039=LINE('',#14690,#3095);
#2040=LINE('',#14691,#3096);
#2041=LINE('',#14694,#3097);
#2042=LINE('',#14696,#3098);
#2043=LINE('',#14697,#3099);
#2044=LINE('',#14701,#3100);
#2045=LINE('',#14703,#3101);
#2046=LINE('',#14705,#3102);
#2047=LINE('',#14706,#3103);
#2048=LINE('',#14709,#3104);
#2049=LINE('',#14711,#3105);
#2050=LINE('',#14712,#3106);
#2051=LINE('',#14716,#3107);
#2052=LINE('',#14718,#3108);
#2053=LINE('',#14720,#3109);
#2054=LINE('',#14721,#3110);
#2055=LINE('',#14724,#3111);
#2056=LINE('',#14726,#3112);
#2057=LINE('',#14727,#3113);
#2058=LINE('',#14731,#3114);
#2059=LINE('',#14733,#3115);
#2060=LINE('',#14735,#3116);
#2061=LINE('',#14736,#3117);
#2062=LINE('',#14739,#3118);
#2063=LINE('',#14741,#3119);
#2064=LINE('',#14742,#3120);
#2065=LINE('',#14746,#3121);
#2066=LINE('',#14748,#3122);
#2067=LINE('',#14750,#3123);
#2068=LINE('',#14751,#3124);
#2069=LINE('',#14754,#3125);
#2070=LINE('',#14756,#3126);
#2071=LINE('',#14757,#3127);
#2072=LINE('',#14761,#3128);
#2073=LINE('',#14763,#3129);
#2074=LINE('',#14765,#3130);
#2075=LINE('',#14766,#3131);
#2076=LINE('',#14769,#3132);
#2077=LINE('',#14771,#3133);
#2078=LINE('',#14772,#3134);
#2079=LINE('',#14776,#3135);
#2080=LINE('',#14778,#3136);
#2081=LINE('',#14780,#3137);
#2082=LINE('',#14781,#3138);
#2083=LINE('',#14784,#3139);
#2084=LINE('',#14786,#3140);
#2085=LINE('',#14787,#3141);
#2086=LINE('',#14791,#3142);
#2087=LINE('',#14793,#3143);
#2088=LINE('',#14795,#3144);
#2089=LINE('',#14796,#3145);
#2090=LINE('',#14799,#3146);
#2091=LINE('',#14801,#3147);
#2092=LINE('',#14802,#3148);
#2093=LINE('',#14806,#3149);
#2094=LINE('',#14808,#3150);
#2095=LINE('',#14810,#3151);
#2096=LINE('',#14811,#3152);
#2097=LINE('',#14814,#3153);
#2098=LINE('',#14816,#3154);
#2099=LINE('',#14817,#3155);
#2100=LINE('',#14821,#3156);
#2101=LINE('',#14823,#3157);
#2102=LINE('',#14825,#3158);
#2103=LINE('',#14826,#3159);
#2104=LINE('',#14829,#3160);
#2105=LINE('',#14831,#3161);
#2106=LINE('',#14832,#3162);
#2107=LINE('',#14836,#3163);
#2108=LINE('',#14838,#3164);
#2109=LINE('',#14840,#3165);
#2110=LINE('',#14841,#3166);
#2111=LINE('',#14844,#3167);
#2112=LINE('',#14846,#3168);
#2113=LINE('',#14847,#3169);
#2114=LINE('',#14851,#3170);
#2115=LINE('',#14853,#3171);
#2116=LINE('',#14855,#3172);
#2117=LINE('',#14856,#3173);
#2118=LINE('',#14859,#3174);
#2119=LINE('',#14861,#3175);
#2120=LINE('',#14862,#3176);
#2121=LINE('',#14866,#3177);
#2122=LINE('',#14868,#3178);
#2123=LINE('',#14870,#3179);
#2124=LINE('',#14871,#3180);
#2125=LINE('',#14874,#3181);
#2126=LINE('',#14876,#3182);
#2127=LINE('',#14877,#3183);
#2128=LINE('',#14881,#3184);
#2129=LINE('',#14883,#3185);
#2130=LINE('',#14885,#3186);
#2131=LINE('',#14886,#3187);
#2132=LINE('',#14889,#3188);
#2133=LINE('',#14891,#3189);
#2134=LINE('',#14892,#3190);
#2135=LINE('',#15045,#3191);
#2136=LINE('',#15047,#3192);
#2137=LINE('',#15052,#3193);
#2138=LINE('',#15352,#3194);
#2139=LINE('',#15353,#3195);
#2140=LINE('',#15354,#3196);
#2141=LINE('',#15356,#3197);
#2142=LINE('',#15362,#3198);
#2143=VECTOR('',#10055,0.393700787401575);
#2144=VECTOR('',#10066,0.393700787401575);
#2145=VECTOR('',#10067,0.393700787401575);
#2146=VECTOR('',#10068,0.393700787401575);
#2147=VECTOR('',#10071,0.135);
#2148=VECTOR('',#10078,0.393700787401575);
#2149=VECTOR('',#10079,0.393700787401575);
#2150=VECTOR('',#10080,0.393700787401575);
#2151=VECTOR('',#10081,0.393700787401575);
#2152=VECTOR('',#10084,0.393700787401575);
#2153=VECTOR('',#10085,0.393700787401575);
#2154=VECTOR('',#10086,0.393700787401575);
#2155=VECTOR('',#10089,0.393700787401575);
#2156=VECTOR('',#10090,0.393700787401575);
#2157=VECTOR('',#10091,0.393700787401575);
#2158=VECTOR('',#10092,0.393700787401575);
#2159=VECTOR('',#10095,0.393700787401575);
#2160=VECTOR('',#10096,0.393700787401575);
#2161=VECTOR('',#10097,0.393700787401575);
#2162=VECTOR('',#10100,0.393700787401575);
#2163=VECTOR('',#10101,0.393700787401575);
#2164=VECTOR('',#10102,0.393700787401575);
#2165=VECTOR('',#10103,0.393700787401575);
#2166=VECTOR('',#10106,0.393700787401575);
#2167=VECTOR('',#10107,0.393700787401575);
#2168=VECTOR('',#10108,0.393700787401575);
#2169=VECTOR('',#10111,0.393700787401575);
#2170=VECTOR('',#10112,0.393700787401575);
#2171=VECTOR('',#10113,0.393700787401575);
#2172=VECTOR('',#10114,0.393700787401575);
#2173=VECTOR('',#10117,0.393700787401575);
#2174=VECTOR('',#10118,0.393700787401575);
#2175=VECTOR('',#10119,0.393700787401575);
#2176=VECTOR('',#10122,0.393700787401575);
#2177=VECTOR('',#10123,0.393700787401575);
#2178=VECTOR('',#10124,0.393700787401575);
#2179=VECTOR('',#10125,0.393700787401575);
#2180=VECTOR('',#10128,0.393700787401575);
#2181=VECTOR('',#10129,0.393700787401575);
#2182=VECTOR('',#10130,0.393700787401575);
#2183=VECTOR('',#10133,0.393700787401575);
#2184=VECTOR('',#10134,0.393700787401575);
#2185=VECTOR('',#10135,0.393700787401575);
#2186=VECTOR('',#10136,0.393700787401575);
#2187=VECTOR('',#10139,0.393700787401575);
#2188=VECTOR('',#10140,0.393700787401575);
#2189=VECTOR('',#10141,0.393700787401575);
#2190=VECTOR('',#10144,0.393700787401575);
#2191=VECTOR('',#10145,0.393700787401575);
#2192=VECTOR('',#10146,0.393700787401575);
#2193=VECTOR('',#10147,0.393700787401575);
#2194=VECTOR('',#10150,0.393700787401575);
#2195=VECTOR('',#10151,0.393700787401575);
#2196=VECTOR('',#10152,0.393700787401575);
#2197=VECTOR('',#10155,0.393700787401575);
#2198=VECTOR('',#10156,0.393700787401575);
#2199=VECTOR('',#10157,0.393700787401575);
#2200=VECTOR('',#10158,0.393700787401575);
#2201=VECTOR('',#10161,0.393700787401575);
#2202=VECTOR('',#10162,0.393700787401575);
#2203=VECTOR('',#10163,0.393700787401575);
#2204=VECTOR('',#10166,0.393700787401575);
#2205=VECTOR('',#10167,0.393700787401575);
#2206=VECTOR('',#10168,0.393700787401575);
#2207=VECTOR('',#10169,0.393700787401575);
#2208=VECTOR('',#10172,0.393700787401575);
#2209=VECTOR('',#10173,0.393700787401575);
#2210=VECTOR('',#10174,0.393700787401575);
#2211=VECTOR('',#10177,0.393700787401575);
#2212=VECTOR('',#10178,0.393700787401575);
#2213=VECTOR('',#10179,0.393700787401575);
#2214=VECTOR('',#10180,0.393700787401575);
#2215=VECTOR('',#10183,0.393700787401575);
#2216=VECTOR('',#10184,0.393700787401575);
#2217=VECTOR('',#10185,0.393700787401575);
#2218=VECTOR('',#10188,0.393700787401575);
#2219=VECTOR('',#10189,0.393700787401575);
#2220=VECTOR('',#10190,0.393700787401575);
#2221=VECTOR('',#10191,0.393700787401575);
#2222=VECTOR('',#10194,0.393700787401575);
#2223=VECTOR('',#10195,0.393700787401575);
#2224=VECTOR('',#10196,0.393700787401575);
#2225=VECTOR('',#10199,0.393700787401575);
#2226=VECTOR('',#10200,0.393700787401575);
#2227=VECTOR('',#10201,0.393700787401575);
#2228=VECTOR('',#10202,0.393700787401575);
#2229=VECTOR('',#10205,0.393700787401575);
#2230=VECTOR('',#10206,0.393700787401575);
#2231=VECTOR('',#10207,0.393700787401575);
#2232=VECTOR('',#10210,0.393700787401575);
#2233=VECTOR('',#10211,0.393700787401575);
#2234=VECTOR('',#10212,0.393700787401575);
#2235=VECTOR('',#10213,0.393700787401575);
#2236=VECTOR('',#10216,0.393700787401575);
#2237=VECTOR('',#10217,0.393700787401575);
#2238=VECTOR('',#10218,0.393700787401575);
#2239=VECTOR('',#10221,0.393700787401575);
#2240=VECTOR('',#10222,0.393700787401575);
#2241=VECTOR('',#10223,0.393700787401575);
#2242=VECTOR('',#10224,0.393700787401575);
#2243=VECTOR('',#10227,0.393700787401575);
#2244=VECTOR('',#10228,0.393700787401575);
#2245=VECTOR('',#10229,0.393700787401575);
#2246=VECTOR('',#10232,0.393700787401575);
#2247=VECTOR('',#10233,0.393700787401575);
#2248=VECTOR('',#10234,0.393700787401575);
#2249=VECTOR('',#10235,0.393700787401575);
#2250=VECTOR('',#10238,0.393700787401575);
#2251=VECTOR('',#10239,0.393700787401575);
#2252=VECTOR('',#10240,0.393700787401575);
#2253=VECTOR('',#10243,0.393700787401575);
#2254=VECTOR('',#10244,0.393700787401575);
#2255=VECTOR('',#10245,0.393700787401575);
#2256=VECTOR('',#10246,0.393700787401575);
#2257=VECTOR('',#10249,0.393700787401575);
#2258=VECTOR('',#10250,0.393700787401575);
#2259=VECTOR('',#10251,0.393700787401575);
#2260=VECTOR('',#10254,0.393700787401575);
#2261=VECTOR('',#10255,0.393700787401575);
#2262=VECTOR('',#10256,0.393700787401575);
#2263=VECTOR('',#10257,0.393700787401575);
#2264=VECTOR('',#10260,0.393700787401575);
#2265=VECTOR('',#10261,0.393700787401575);
#2266=VECTOR('',#10262,0.393700787401575);
#2267=VECTOR('',#10265,0.393700787401575);
#2268=VECTOR('',#10266,0.393700787401575);
#2269=VECTOR('',#10267,0.393700787401575);
#2270=VECTOR('',#10268,0.393700787401575);
#2271=VECTOR('',#10271,0.393700787401575);
#2272=VECTOR('',#10272,0.393700787401575);
#2273=VECTOR('',#10273,0.393700787401575);
#2274=VECTOR('',#10276,0.393700787401575);
#2275=VECTOR('',#10277,0.393700787401575);
#2276=VECTOR('',#10278,0.393700787401575);
#2277=VECTOR('',#10279,0.393700787401575);
#2278=VECTOR('',#10282,0.393700787401575);
#2279=VECTOR('',#10283,0.393700787401575);
#2280=VECTOR('',#10284,0.393700787401575);
#2281=VECTOR('',#10287,0.393700787401575);
#2282=VECTOR('',#10288,0.393700787401575);
#2283=VECTOR('',#10289,0.393700787401575);
#2284=VECTOR('',#10290,0.393700787401575);
#2285=VECTOR('',#10293,0.393700787401575);
#2286=VECTOR('',#10294,0.393700787401575);
#2287=VECTOR('',#10295,0.393700787401575);
#2288=VECTOR('',#10298,0.393700787401575);
#2289=VECTOR('',#10299,0.393700787401575);
#2290=VECTOR('',#10300,0.393700787401575);
#2291=VECTOR('',#10301,0.393700787401575);
#2292=VECTOR('',#10304,0.393700787401575);
#2293=VECTOR('',#10305,0.393700787401575);
#2294=VECTOR('',#10306,0.393700787401575);
#2295=VECTOR('',#10309,0.393700787401575);
#2296=VECTOR('',#10310,0.393700787401575);
#2297=VECTOR('',#10311,0.393700787401575);
#2298=VECTOR('',#10312,0.393700787401575);
#2299=VECTOR('',#10315,0.393700787401575);
#2300=VECTOR('',#10316,0.393700787401575);
#2301=VECTOR('',#10317,0.393700787401575);
#2302=VECTOR('',#10320,0.393700787401575);
#2303=VECTOR('',#10321,0.393700787401575);
#2304=VECTOR('',#10322,0.393700787401575);
#2305=VECTOR('',#10323,0.393700787401575);
#2306=VECTOR('',#10326,0.393700787401575);
#2307=VECTOR('',#10327,0.393700787401575);
#2308=VECTOR('',#10328,0.393700787401575);
#2309=VECTOR('',#10331,0.393700787401575);
#2310=VECTOR('',#10332,0.393700787401575);
#2311=VECTOR('',#10333,0.393700787401575);
#2312=VECTOR('',#10334,0.393700787401575);
#2313=VECTOR('',#10337,0.393700787401575);
#2314=VECTOR('',#10338,0.393700787401575);
#2315=VECTOR('',#10339,0.393700787401575);
#2316=VECTOR('',#10342,0.393700787401575);
#2317=VECTOR('',#10343,0.393700787401575);
#2318=VECTOR('',#10344,0.393700787401575);
#2319=VECTOR('',#10345,0.393700787401575);
#2320=VECTOR('',#10348,0.393700787401575);
#2321=VECTOR('',#10349,0.393700787401575);
#2322=VECTOR('',#10350,0.393700787401575);
#2323=VECTOR('',#10353,0.393700787401575);
#2324=VECTOR('',#10354,0.393700787401575);
#2325=VECTOR('',#10355,0.393700787401575);
#2326=VECTOR('',#10356,0.393700787401575);
#2327=VECTOR('',#10359,0.393700787401575);
#2328=VECTOR('',#10360,0.393700787401575);
#2329=VECTOR('',#10361,0.393700787401575);
#2330=VECTOR('',#10364,0.393700787401575);
#2331=VECTOR('',#10365,0.393700787401575);
#2332=VECTOR('',#10366,0.393700787401575);
#2333=VECTOR('',#10367,0.393700787401575);
#2334=VECTOR('',#10370,0.393700787401575);
#2335=VECTOR('',#10371,0.393700787401575);
#2336=VECTOR('',#10372,0.393700787401575);
#2337=VECTOR('',#10375,0.393700787401575);
#2338=VECTOR('',#10376,0.393700787401575);
#2339=VECTOR('',#10377,0.393700787401575);
#2340=VECTOR('',#10378,0.393700787401575);
#2341=VECTOR('',#10381,0.393700787401575);
#2342=VECTOR('',#10382,0.393700787401575);
#2343=VECTOR('',#10383,0.393700787401575);
#2344=VECTOR('',#10386,0.393700787401575);
#2345=VECTOR('',#10387,0.393700787401575);
#2346=VECTOR('',#10388,0.393700787401575);
#2347=VECTOR('',#10389,0.393700787401575);
#2348=VECTOR('',#10392,0.393700787401575);
#2349=VECTOR('',#10393,0.393700787401575);
#2350=VECTOR('',#10394,0.393700787401575);
#2351=VECTOR('',#10397,0.393700787401575);
#2352=VECTOR('',#10398,0.393700787401575);
#2353=VECTOR('',#10399,0.393700787401575);
#2354=VECTOR('',#10400,0.393700787401575);
#2355=VECTOR('',#10403,0.393700787401575);
#2356=VECTOR('',#10404,0.393700787401575);
#2357=VECTOR('',#10405,0.393700787401575);
#2358=VECTOR('',#10408,0.393700787401575);
#2359=VECTOR('',#10409,0.393700787401575);
#2360=VECTOR('',#10410,0.393700787401575);
#2361=VECTOR('',#10411,0.393700787401575);
#2362=VECTOR('',#10414,0.393700787401575);
#2363=VECTOR('',#10415,0.393700787401575);
#2364=VECTOR('',#10416,0.393700787401575);
#2365=VECTOR('',#10419,0.393700787401575);
#2366=VECTOR('',#10420,0.393700787401575);
#2367=VECTOR('',#10421,0.393700787401575);
#2368=VECTOR('',#10422,0.393700787401575);
#2369=VECTOR('',#10425,0.393700787401575);
#2370=VECTOR('',#10426,0.393700787401575);
#2371=VECTOR('',#10427,0.393700787401575);
#2372=VECTOR('',#10430,0.393700787401575);
#2373=VECTOR('',#10431,0.393700787401575);
#2374=VECTOR('',#10432,0.393700787401575);
#2375=VECTOR('',#10433,0.393700787401575);
#2376=VECTOR('',#10436,0.393700787401575);
#2377=VECTOR('',#10437,0.393700787401575);
#2378=VECTOR('',#10438,0.393700787401575);
#2379=VECTOR('',#10441,0.393700787401575);
#2380=VECTOR('',#10442,0.393700787401575);
#2381=VECTOR('',#10443,0.393700787401575);
#2382=VECTOR('',#10444,0.393700787401575);
#2383=VECTOR('',#10447,0.393700787401575);
#2384=VECTOR('',#10448,0.393700787401575);
#2385=VECTOR('',#10449,0.393700787401575);
#2386=VECTOR('',#10452,0.393700787401575);
#2387=VECTOR('',#10453,0.393700787401575);
#2388=VECTOR('',#10454,0.393700787401575);
#2389=VECTOR('',#10455,0.393700787401575);
#2390=VECTOR('',#10458,0.393700787401575);
#2391=VECTOR('',#10459,0.393700787401575);
#2392=VECTOR('',#10460,0.393700787401575);
#2393=VECTOR('',#10463,0.393700787401575);
#2394=VECTOR('',#10464,0.393700787401575);
#2395=VECTOR('',#10465,0.393700787401575);
#2396=VECTOR('',#10466,0.393700787401575);
#2397=VECTOR('',#10469,0.393700787401575);
#2398=VECTOR('',#10470,0.393700787401575);
#2399=VECTOR('',#10471,0.393700787401575);
#2400=VECTOR('',#10474,0.393700787401575);
#2401=VECTOR('',#10475,0.393700787401575);
#2402=VECTOR('',#10476,0.393700787401575);
#2403=VECTOR('',#10477,0.393700787401575);
#2404=VECTOR('',#10480,0.393700787401575);
#2405=VECTOR('',#10481,0.393700787401575);
#2406=VECTOR('',#10482,0.393700787401575);
#2407=VECTOR('',#10485,0.393700787401575);
#2408=VECTOR('',#10486,0.393700787401575);
#2409=VECTOR('',#10487,0.393700787401575);
#2410=VECTOR('',#10488,0.393700787401575);
#2411=VECTOR('',#10491,0.393700787401575);
#2412=VECTOR('',#10492,0.393700787401575);
#2413=VECTOR('',#10493,0.393700787401575);
#2414=VECTOR('',#10496,0.393700787401575);
#2415=VECTOR('',#10497,0.393700787401575);
#2416=VECTOR('',#10498,0.393700787401575);
#2417=VECTOR('',#10499,0.393700787401575);
#2418=VECTOR('',#10502,0.393700787401575);
#2419=VECTOR('',#10503,0.393700787401575);
#2420=VECTOR('',#10504,0.393700787401575);
#2421=VECTOR('',#10507,0.393700787401575);
#2422=VECTOR('',#10508,0.393700787401575);
#2423=VECTOR('',#10509,0.393700787401575);
#2424=VECTOR('',#10510,0.393700787401575);
#2425=VECTOR('',#10513,0.393700787401575);
#2426=VECTOR('',#10514,0.393700787401575);
#2427=VECTOR('',#10515,0.393700787401575);
#2428=VECTOR('',#10518,0.393700787401575);
#2429=VECTOR('',#10519,0.393700787401575);
#2430=VECTOR('',#10520,0.393700787401575);
#2431=VECTOR('',#10521,0.393700787401575);
#2432=VECTOR('',#10524,0.393700787401575);
#2433=VECTOR('',#10525,0.393700787401575);
#2434=VECTOR('',#10526,0.393700787401575);
#2435=VECTOR('',#10529,0.393700787401575);
#2436=VECTOR('',#10530,0.393700787401575);
#2437=VECTOR('',#10531,0.393700787401575);
#2438=VECTOR('',#10532,0.393700787401575);
#2439=VECTOR('',#10535,0.393700787401575);
#2440=VECTOR('',#10536,0.393700787401575);
#2441=VECTOR('',#10537,0.393700787401575);
#2442=VECTOR('',#10540,0.393700787401575);
#2443=VECTOR('',#10541,0.393700787401575);
#2444=VECTOR('',#10542,0.393700787401575);
#2445=VECTOR('',#10543,0.393700787401575);
#2446=VECTOR('',#10546,0.393700787401575);
#2447=VECTOR('',#10547,0.393700787401575);
#2448=VECTOR('',#10548,0.393700787401575);
#2449=VECTOR('',#10551,0.393700787401575);
#2450=VECTOR('',#10552,0.393700787401575);
#2451=VECTOR('',#10553,0.393700787401575);
#2452=VECTOR('',#10554,0.393700787401575);
#2453=VECTOR('',#10557,0.393700787401575);
#2454=VECTOR('',#10558,0.393700787401575);
#2455=VECTOR('',#10559,0.393700787401575);
#2456=VECTOR('',#10562,0.393700787401575);
#2457=VECTOR('',#10563,0.393700787401575);
#2458=VECTOR('',#10564,0.393700787401575);
#2459=VECTOR('',#10565,0.393700787401575);
#2460=VECTOR('',#10568,0.393700787401575);
#2461=VECTOR('',#10569,0.393700787401575);
#2462=VECTOR('',#10570,0.393700787401575);
#2463=VECTOR('',#10573,0.393700787401575);
#2464=VECTOR('',#10574,0.393700787401575);
#2465=VECTOR('',#10575,0.393700787401575);
#2466=VECTOR('',#10576,0.393700787401575);
#2467=VECTOR('',#10579,0.393700787401575);
#2468=VECTOR('',#10580,0.393700787401575);
#2469=VECTOR('',#10581,0.393700787401575);
#2470=VECTOR('',#10584,0.393700787401575);
#2471=VECTOR('',#10585,0.393700787401575);
#2472=VECTOR('',#10586,0.393700787401575);
#2473=VECTOR('',#10587,0.393700787401575);
#2474=VECTOR('',#10590,0.393700787401575);
#2475=VECTOR('',#10591,0.393700787401575);
#2476=VECTOR('',#10592,0.393700787401575);
#2477=VECTOR('',#10595,0.393700787401575);
#2478=VECTOR('',#10596,0.393700787401575);
#2479=VECTOR('',#10597,0.393700787401575);
#2480=VECTOR('',#10598,0.393700787401575);
#2481=VECTOR('',#10601,0.393700787401575);
#2482=VECTOR('',#10602,0.393700787401575);
#2483=VECTOR('',#10603,0.393700787401575);
#2484=VECTOR('',#10606,0.393700787401575);
#2485=VECTOR('',#10607,0.393700787401575);
#2486=VECTOR('',#10608,0.393700787401575);
#2487=VECTOR('',#10609,0.393700787401575);
#2488=VECTOR('',#10612,0.393700787401575);
#2489=VECTOR('',#10613,0.393700787401575);
#2490=VECTOR('',#10614,0.393700787401575);
#2491=VECTOR('',#10617,0.393700787401575);
#2492=VECTOR('',#10618,0.393700787401575);
#2493=VECTOR('',#10619,0.393700787401575);
#2494=VECTOR('',#10620,0.393700787401575);
#2495=VECTOR('',#10623,0.393700787401575);
#2496=VECTOR('',#10624,0.393700787401575);
#2497=VECTOR('',#10625,0.393700787401575);
#2498=VECTOR('',#10628,0.393700787401575);
#2499=VECTOR('',#10629,0.393700787401575);
#2500=VECTOR('',#10630,0.393700787401575);
#2501=VECTOR('',#10631,0.393700787401575);
#2502=VECTOR('',#10634,0.393700787401575);
#2503=VECTOR('',#10635,0.393700787401575);
#2504=VECTOR('',#10636,0.393700787401575);
#2505=VECTOR('',#10639,0.393700787401575);
#2506=VECTOR('',#10640,0.393700787401575);
#2507=VECTOR('',#10641,0.393700787401575);
#2508=VECTOR('',#10642,0.393700787401575);
#2509=VECTOR('',#10645,0.393700787401575);
#2510=VECTOR('',#10646,0.393700787401575);
#2511=VECTOR('',#10647,0.393700787401575);
#2512=VECTOR('',#10650,0.393700787401575);
#2513=VECTOR('',#10651,0.393700787401575);
#2514=VECTOR('',#10652,0.393700787401575);
#2515=VECTOR('',#10653,0.393700787401575);
#2516=VECTOR('',#10656,0.393700787401575);
#2517=VECTOR('',#10657,0.393700787401575);
#2518=VECTOR('',#10658,0.393700787401575);
#2519=VECTOR('',#10661,0.393700787401575);
#2520=VECTOR('',#10662,0.393700787401575);
#2521=VECTOR('',#10663,0.393700787401575);
#2522=VECTOR('',#10664,0.393700787401575);
#2523=VECTOR('',#10667,0.393700787401575);
#2524=VECTOR('',#10668,0.393700787401575);
#2525=VECTOR('',#10669,0.393700787401575);
#2526=VECTOR('',#10672,0.393700787401575);
#2527=VECTOR('',#10673,0.393700787401575);
#2528=VECTOR('',#10674,0.393700787401575);
#2529=VECTOR('',#10675,0.393700787401575);
#2530=VECTOR('',#10678,0.393700787401575);
#2531=VECTOR('',#10679,0.393700787401575);
#2532=VECTOR('',#10680,0.393700787401575);
#2533=VECTOR('',#10683,0.393700787401575);
#2534=VECTOR('',#10684,0.393700787401575);
#2535=VECTOR('',#10685,0.393700787401575);
#2536=VECTOR('',#10686,0.393700787401575);
#2537=VECTOR('',#10689,0.393700787401575);
#2538=VECTOR('',#10690,0.393700787401575);
#2539=VECTOR('',#10691,0.393700787401575);
#2540=VECTOR('',#10694,0.393700787401575);
#2541=VECTOR('',#10695,0.393700787401575);
#2542=VECTOR('',#10696,0.393700787401575);
#2543=VECTOR('',#10697,0.393700787401575);
#2544=VECTOR('',#10700,0.393700787401575);
#2545=VECTOR('',#10701,0.393700787401575);
#2546=VECTOR('',#10702,0.393700787401575);
#2547=VECTOR('',#10705,0.393700787401575);
#2548=VECTOR('',#10706,0.393700787401575);
#2549=VECTOR('',#10707,0.393700787401575);
#2550=VECTOR('',#10708,0.393700787401575);
#2551=VECTOR('',#10711,0.393700787401575);
#2552=VECTOR('',#10712,0.393700787401575);
#2553=VECTOR('',#10713,0.393700787401575);
#2554=VECTOR('',#10716,0.393700787401575);
#2555=VECTOR('',#10717,0.393700787401575);
#2556=VECTOR('',#10718,0.393700787401575);
#2557=VECTOR('',#10719,0.393700787401575);
#2558=VECTOR('',#10722,0.393700787401575);
#2559=VECTOR('',#10723,0.393700787401575);
#2560=VECTOR('',#10724,0.393700787401575);
#2561=VECTOR('',#10727,0.393700787401575);
#2562=VECTOR('',#10728,0.393700787401575);
#2563=VECTOR('',#10729,0.393700787401575);
#2564=VECTOR('',#10730,0.393700787401575);
#2565=VECTOR('',#10733,0.393700787401575);
#2566=VECTOR('',#10734,0.393700787401575);
#2567=VECTOR('',#10735,0.393700787401575);
#2568=VECTOR('',#10738,0.393700787401575);
#2569=VECTOR('',#10739,0.393700787401575);
#2570=VECTOR('',#10740,0.393700787401575);
#2571=VECTOR('',#10741,0.393700787401575);
#2572=VECTOR('',#10744,0.393700787401575);
#2573=VECTOR('',#10745,0.393700787401575);
#2574=VECTOR('',#10746,0.393700787401575);
#2575=VECTOR('',#10749,0.393700787401575);
#2576=VECTOR('',#10750,0.393700787401575);
#2577=VECTOR('',#10751,0.393700787401575);
#2578=VECTOR('',#10752,0.393700787401575);
#2579=VECTOR('',#10755,0.393700787401575);
#2580=VECTOR('',#10756,0.393700787401575);
#2581=VECTOR('',#10757,0.393700787401575);
#2582=VECTOR('',#10760,0.393700787401575);
#2583=VECTOR('',#10761,0.393700787401575);
#2584=VECTOR('',#10762,0.393700787401575);
#2585=VECTOR('',#10763,0.393700787401575);
#2586=VECTOR('',#10766,0.393700787401575);
#2587=VECTOR('',#10767,0.393700787401575);
#2588=VECTOR('',#10768,0.393700787401575);
#2589=VECTOR('',#10771,0.393700787401575);
#2590=VECTOR('',#10772,0.393700787401575);
#2591=VECTOR('',#10773,0.393700787401575);
#2592=VECTOR('',#10774,0.393700787401575);
#2593=VECTOR('',#10777,0.393700787401575);
#2594=VECTOR('',#10778,0.393700787401575);
#2595=VECTOR('',#10779,0.393700787401575);
#2596=VECTOR('',#10782,0.393700787401575);
#2597=VECTOR('',#10783,0.393700787401575);
#2598=VECTOR('',#10784,0.393700787401575);
#2599=VECTOR('',#10785,0.393700787401575);
#2600=VECTOR('',#10788,0.393700787401575);
#2601=VECTOR('',#10789,0.393700787401575);
#2602=VECTOR('',#10790,0.393700787401575);
#2603=VECTOR('',#10793,0.393700787401575);
#2604=VECTOR('',#10794,0.393700787401575);
#2605=VECTOR('',#10795,0.393700787401575);
#2606=VECTOR('',#10796,0.393700787401575);
#2607=VECTOR('',#10799,0.393700787401575);
#2608=VECTOR('',#10800,0.393700787401575);
#2609=VECTOR('',#10801,0.393700787401575);
#2610=VECTOR('',#10804,0.393700787401575);
#2611=VECTOR('',#10805,0.393700787401575);
#2612=VECTOR('',#10806,0.393700787401575);
#2613=VECTOR('',#10807,0.393700787401575);
#2614=VECTOR('',#10810,0.393700787401575);
#2615=VECTOR('',#10811,0.393700787401575);
#2616=VECTOR('',#10812,0.393700787401575);
#2617=VECTOR('',#10815,0.393700787401575);
#2618=VECTOR('',#10816,0.393700787401575);
#2619=VECTOR('',#10817,0.393700787401575);
#2620=VECTOR('',#10818,0.393700787401575);
#2621=VECTOR('',#10821,0.393700787401575);
#2622=VECTOR('',#10822,0.393700787401575);
#2623=VECTOR('',#10823,0.393700787401575);
#2624=VECTOR('',#10826,0.393700787401575);
#2625=VECTOR('',#10827,0.393700787401575);
#2626=VECTOR('',#10828,0.393700787401575);
#2627=VECTOR('',#10829,0.393700787401575);
#2628=VECTOR('',#10832,0.393700787401575);
#2629=VECTOR('',#10833,0.393700787401575);
#2630=VECTOR('',#10834,0.393700787401575);
#2631=VECTOR('',#10837,0.393700787401575);
#2632=VECTOR('',#10838,0.393700787401575);
#2633=VECTOR('',#10839,0.393700787401575);
#2634=VECTOR('',#10840,0.393700787401575);
#2635=VECTOR('',#10843,0.393700787401575);
#2636=VECTOR('',#10844,0.393700787401575);
#2637=VECTOR('',#10845,0.393700787401575);
#2638=VECTOR('',#10848,0.393700787401575);
#2639=VECTOR('',#10849,0.393700787401575);
#2640=VECTOR('',#10850,0.393700787401575);
#2641=VECTOR('',#10851,0.393700787401575);
#2642=VECTOR('',#10854,0.393700787401575);
#2643=VECTOR('',#10855,0.393700787401575);
#2644=VECTOR('',#10856,0.393700787401575);
#2645=VECTOR('',#10859,0.393700787401575);
#2646=VECTOR('',#10860,0.393700787401575);
#2647=VECTOR('',#10861,0.393700787401575);
#2648=VECTOR('',#10862,0.393700787401575);
#2649=VECTOR('',#10865,0.393700787401575);
#2650=VECTOR('',#10866,0.393700787401575);
#2651=VECTOR('',#10867,0.393700787401575);
#2652=VECTOR('',#10870,0.393700787401575);
#2653=VECTOR('',#10871,0.393700787401575);
#2654=VECTOR('',#10872,0.393700787401575);
#2655=VECTOR('',#10873,0.393700787401575);
#2656=VECTOR('',#10876,0.393700787401575);
#2657=VECTOR('',#10877,0.393700787401575);
#2658=VECTOR('',#10878,0.393700787401575);
#2659=VECTOR('',#10881,0.393700787401575);
#2660=VECTOR('',#10882,0.393700787401575);
#2661=VECTOR('',#10883,0.393700787401575);
#2662=VECTOR('',#10884,0.393700787401575);
#2663=VECTOR('',#10887,0.393700787401575);
#2664=VECTOR('',#10888,0.393700787401575);
#2665=VECTOR('',#10889,0.393700787401575);
#2666=VECTOR('',#10892,0.393700787401575);
#2667=VECTOR('',#10893,0.393700787401575);
#2668=VECTOR('',#10894,0.393700787401575);
#2669=VECTOR('',#10895,0.393700787401575);
#2670=VECTOR('',#10898,0.393700787401575);
#2671=VECTOR('',#10899,0.393700787401575);
#2672=VECTOR('',#10900,0.393700787401575);
#2673=VECTOR('',#10903,0.393700787401575);
#2674=VECTOR('',#10904,0.393700787401575);
#2675=VECTOR('',#10905,0.393700787401575);
#2676=VECTOR('',#10906,0.393700787401575);
#2677=VECTOR('',#10909,0.393700787401575);
#2678=VECTOR('',#10910,0.393700787401575);
#2679=VECTOR('',#10911,0.393700787401575);
#2680=VECTOR('',#10914,0.393700787401575);
#2681=VECTOR('',#10915,0.393700787401575);
#2682=VECTOR('',#10916,0.393700787401575);
#2683=VECTOR('',#10917,0.393700787401575);
#2684=VECTOR('',#10920,0.393700787401575);
#2685=VECTOR('',#10921,0.393700787401575);
#2686=VECTOR('',#10922,0.393700787401575);
#2687=VECTOR('',#10925,0.393700787401575);
#2688=VECTOR('',#10926,0.393700787401575);
#2689=VECTOR('',#10927,0.393700787401575);
#2690=VECTOR('',#10928,0.393700787401575);
#2691=VECTOR('',#10931,0.393700787401575);
#2692=VECTOR('',#10932,0.393700787401575);
#2693=VECTOR('',#10933,0.393700787401575);
#2694=VECTOR('',#10936,0.393700787401575);
#2695=VECTOR('',#10937,0.393700787401575);
#2696=VECTOR('',#10938,0.393700787401575);
#2697=VECTOR('',#10939,0.393700787401575);
#2698=VECTOR('',#10942,0.393700787401575);
#2699=VECTOR('',#10943,0.393700787401575);
#2700=VECTOR('',#10944,0.393700787401575);
#2701=VECTOR('',#10947,0.393700787401575);
#2702=VECTOR('',#10948,0.393700787401575);
#2703=VECTOR('',#10949,0.393700787401575);
#2704=VECTOR('',#10950,0.393700787401575);
#2705=VECTOR('',#10953,0.393700787401575);
#2706=VECTOR('',#10954,0.393700787401575);
#2707=VECTOR('',#10955,0.393700787401575);
#2708=VECTOR('',#10958,0.393700787401575);
#2709=VECTOR('',#10959,0.393700787401575);
#2710=VECTOR('',#10960,0.393700787401575);
#2711=VECTOR('',#10961,0.393700787401575);
#2712=VECTOR('',#10964,0.393700787401575);
#2713=VECTOR('',#10965,0.393700787401575);
#2714=VECTOR('',#10966,0.393700787401575);
#2715=VECTOR('',#10969,0.393700787401575);
#2716=VECTOR('',#10970,0.393700787401575);
#2717=VECTOR('',#10971,0.393700787401575);
#2718=VECTOR('',#10972,0.393700787401575);
#2719=VECTOR('',#10975,0.393700787401575);
#2720=VECTOR('',#10976,0.393700787401575);
#2721=VECTOR('',#10977,0.393700787401575);
#2722=VECTOR('',#10980,0.393700787401575);
#2723=VECTOR('',#10981,0.393700787401575);
#2724=VECTOR('',#10982,0.393700787401575);
#2725=VECTOR('',#10983,0.393700787401575);
#2726=VECTOR('',#10986,0.393700787401575);
#2727=VECTOR('',#10987,0.393700787401575);
#2728=VECTOR('',#10988,0.393700787401575);
#2729=VECTOR('',#10991,0.393700787401575);
#2730=VECTOR('',#10992,0.393700787401575);
#2731=VECTOR('',#10993,0.393700787401575);
#2732=VECTOR('',#10994,0.393700787401575);
#2733=VECTOR('',#10997,0.393700787401575);
#2734=VECTOR('',#10998,0.393700787401575);
#2735=VECTOR('',#10999,0.393700787401575);
#2736=VECTOR('',#11002,0.393700787401575);
#2737=VECTOR('',#11003,0.393700787401575);
#2738=VECTOR('',#11004,0.393700787401575);
#2739=VECTOR('',#11005,0.393700787401575);
#2740=VECTOR('',#11008,0.393700787401575);
#2741=VECTOR('',#11009,0.393700787401575);
#2742=VECTOR('',#11010,0.393700787401575);
#2743=VECTOR('',#11013,0.393700787401575);
#2744=VECTOR('',#11014,0.393700787401575);
#2745=VECTOR('',#11015,0.393700787401575);
#2746=VECTOR('',#11016,0.393700787401575);
#2747=VECTOR('',#11019,0.393700787401575);
#2748=VECTOR('',#11020,0.393700787401575);
#2749=VECTOR('',#11021,0.393700787401575);
#2750=VECTOR('',#11024,0.393700787401575);
#2751=VECTOR('',#11025,0.393700787401575);
#2752=VECTOR('',#11026,0.393700787401575);
#2753=VECTOR('',#11027,0.393700787401575);
#2754=VECTOR('',#11030,0.393700787401575);
#2755=VECTOR('',#11031,0.393700787401575);
#2756=VECTOR('',#11032,0.393700787401575);
#2757=VECTOR('',#11035,0.393700787401575);
#2758=VECTOR('',#11036,0.393700787401575);
#2759=VECTOR('',#11037,0.393700787401575);
#2760=VECTOR('',#11038,0.393700787401575);
#2761=VECTOR('',#11041,0.393700787401575);
#2762=VECTOR('',#11042,0.393700787401575);
#2763=VECTOR('',#11043,0.393700787401575);
#2764=VECTOR('',#11046,0.393700787401575);
#2765=VECTOR('',#11047,0.393700787401575);
#2766=VECTOR('',#11048,0.393700787401575);
#2767=VECTOR('',#11049,0.393700787401575);
#2768=VECTOR('',#11052,0.393700787401575);
#2769=VECTOR('',#11053,0.393700787401575);
#2770=VECTOR('',#11054,0.393700787401575);
#2771=VECTOR('',#11057,0.393700787401575);
#2772=VECTOR('',#11058,0.393700787401575);
#2773=VECTOR('',#11059,0.393700787401575);
#2774=VECTOR('',#11060,0.393700787401575);
#2775=VECTOR('',#11063,0.393700787401575);
#2776=VECTOR('',#11064,0.393700787401575);
#2777=VECTOR('',#11065,0.393700787401575);
#2778=VECTOR('',#11068,0.393700787401575);
#2779=VECTOR('',#11069,0.393700787401575);
#2780=VECTOR('',#11070,0.393700787401575);
#2781=VECTOR('',#11071,0.393700787401575);
#2782=VECTOR('',#11074,0.393700787401575);
#2783=VECTOR('',#11075,0.393700787401575);
#2784=VECTOR('',#11076,0.393700787401575);
#2785=VECTOR('',#11079,0.393700787401575);
#2786=VECTOR('',#11080,0.393700787401575);
#2787=VECTOR('',#11081,0.393700787401575);
#2788=VECTOR('',#11082,0.393700787401575);
#2789=VECTOR('',#11085,0.393700787401575);
#2790=VECTOR('',#11086,0.393700787401575);
#2791=VECTOR('',#11087,0.393700787401575);
#2792=VECTOR('',#11090,0.393700787401575);
#2793=VECTOR('',#11091,0.393700787401575);
#2794=VECTOR('',#11092,0.393700787401575);
#2795=VECTOR('',#11093,0.393700787401575);
#2796=VECTOR('',#11096,0.393700787401575);
#2797=VECTOR('',#11097,0.393700787401575);
#2798=VECTOR('',#11098,0.393700787401575);
#2799=VECTOR('',#11101,0.393700787401575);
#2800=VECTOR('',#11102,0.393700787401575);
#2801=VECTOR('',#11103,0.393700787401575);
#2802=VECTOR('',#11104,0.393700787401575);
#2803=VECTOR('',#11107,0.393700787401575);
#2804=VECTOR('',#11108,0.393700787401575);
#2805=VECTOR('',#11109,0.393700787401575);
#2806=VECTOR('',#11112,0.393700787401575);
#2807=VECTOR('',#11113,0.393700787401575);
#2808=VECTOR('',#11114,0.393700787401575);
#2809=VECTOR('',#11115,0.393700787401575);
#2810=VECTOR('',#11118,0.393700787401575);
#2811=VECTOR('',#11119,0.393700787401575);
#2812=VECTOR('',#11120,0.393700787401575);
#2813=VECTOR('',#11123,0.393700787401575);
#2814=VECTOR('',#11124,0.393700787401575);
#2815=VECTOR('',#11125,0.393700787401575);
#2816=VECTOR('',#11126,0.393700787401575);
#2817=VECTOR('',#11129,0.393700787401575);
#2818=VECTOR('',#11130,0.393700787401575);
#2819=VECTOR('',#11131,0.393700787401575);
#2820=VECTOR('',#11134,0.393700787401575);
#2821=VECTOR('',#11135,0.393700787401575);
#2822=VECTOR('',#11136,0.393700787401575);
#2823=VECTOR('',#11137,0.393700787401575);
#2824=VECTOR('',#11140,0.393700787401575);
#2825=VECTOR('',#11141,0.393700787401575);
#2826=VECTOR('',#11142,0.393700787401575);
#2827=VECTOR('',#11145,0.393700787401575);
#2828=VECTOR('',#11146,0.393700787401575);
#2829=VECTOR('',#11147,0.393700787401575);
#2830=VECTOR('',#11148,0.393700787401575);
#2831=VECTOR('',#11151,0.393700787401575);
#2832=VECTOR('',#11152,0.393700787401575);
#2833=VECTOR('',#11153,0.393700787401575);
#2834=VECTOR('',#11156,0.393700787401575);
#2835=VECTOR('',#11157,0.393700787401575);
#2836=VECTOR('',#11158,0.393700787401575);
#2837=VECTOR('',#11159,0.393700787401575);
#2838=VECTOR('',#11162,0.393700787401575);
#2839=VECTOR('',#11163,0.393700787401575);
#2840=VECTOR('',#11164,0.393700787401575);
#2841=VECTOR('',#11167,0.393700787401575);
#2842=VECTOR('',#11168,0.393700787401575);
#2843=VECTOR('',#11169,0.393700787401575);
#2844=VECTOR('',#11170,0.393700787401575);
#2845=VECTOR('',#11173,0.393700787401575);
#2846=VECTOR('',#11174,0.393700787401575);
#2847=VECTOR('',#11175,0.393700787401575);
#2848=VECTOR('',#11178,0.393700787401575);
#2849=VECTOR('',#11179,0.393700787401575);
#2850=VECTOR('',#11180,0.393700787401575);
#2851=VECTOR('',#11181,0.393700787401575);
#2852=VECTOR('',#11184,0.393700787401575);
#2853=VECTOR('',#11185,0.393700787401575);
#2854=VECTOR('',#11186,0.393700787401575);
#2855=VECTOR('',#11189,0.393700787401575);
#2856=VECTOR('',#11190,0.393700787401575);
#2857=VECTOR('',#11191,0.393700787401575);
#2858=VECTOR('',#11192,0.393700787401575);
#2859=VECTOR('',#11195,0.393700787401575);
#2860=VECTOR('',#11196,0.393700787401575);
#2861=VECTOR('',#11197,0.393700787401575);
#2862=VECTOR('',#11200,0.393700787401575);
#2863=VECTOR('',#11201,0.393700787401575);
#2864=VECTOR('',#11202,0.393700787401575);
#2865=VECTOR('',#11203,0.393700787401575);
#2866=VECTOR('',#11206,0.393700787401575);
#2867=VECTOR('',#11207,0.393700787401575);
#2868=VECTOR('',#11208,0.393700787401575);
#2869=VECTOR('',#11211,0.393700787401575);
#2870=VECTOR('',#11212,0.393700787401575);
#2871=VECTOR('',#11213,0.393700787401575);
#2872=VECTOR('',#11214,0.393700787401575);
#2873=VECTOR('',#11217,0.393700787401575);
#2874=VECTOR('',#11218,0.393700787401575);
#2875=VECTOR('',#11219,0.393700787401575);
#2876=VECTOR('',#11222,0.393700787401575);
#2877=VECTOR('',#11223,0.393700787401575);
#2878=VECTOR('',#11224,0.393700787401575);
#2879=VECTOR('',#11225,0.393700787401575);
#2880=VECTOR('',#11228,0.393700787401575);
#2881=VECTOR('',#11229,0.393700787401575);
#2882=VECTOR('',#11230,0.393700787401575);
#2883=VECTOR('',#11233,0.393700787401575);
#2884=VECTOR('',#11234,0.393700787401575);
#2885=VECTOR('',#11235,0.393700787401575);
#2886=VECTOR('',#11236,0.393700787401575);
#2887=VECTOR('',#11239,0.393700787401575);
#2888=VECTOR('',#11240,0.393700787401575);
#2889=VECTOR('',#11241,0.393700787401575);
#2890=VECTOR('',#11244,0.393700787401575);
#2891=VECTOR('',#11245,0.393700787401575);
#2892=VECTOR('',#11246,0.393700787401575);
#2893=VECTOR('',#11247,0.393700787401575);
#2894=VECTOR('',#11250,0.393700787401575);
#2895=VECTOR('',#11251,0.393700787401575);
#2896=VECTOR('',#11252,0.393700787401575);
#2897=VECTOR('',#11255,0.393700787401575);
#2898=VECTOR('',#11256,0.393700787401575);
#2899=VECTOR('',#11257,0.393700787401575);
#2900=VECTOR('',#11258,0.393700787401575);
#2901=VECTOR('',#11261,0.393700787401575);
#2902=VECTOR('',#11262,0.393700787401575);
#2903=VECTOR('',#11263,0.393700787401575);
#2904=VECTOR('',#11266,0.393700787401575);
#2905=VECTOR('',#11267,0.393700787401575);
#2906=VECTOR('',#11268,0.393700787401575);
#2907=VECTOR('',#11269,0.393700787401575);
#2908=VECTOR('',#11272,0.393700787401575);
#2909=VECTOR('',#11273,0.393700787401575);
#2910=VECTOR('',#11274,0.393700787401575);
#2911=VECTOR('',#11277,0.393700787401575);
#2912=VECTOR('',#11278,0.393700787401575);
#2913=VECTOR('',#11279,0.393700787401575);
#2914=VECTOR('',#11280,0.393700787401575);
#2915=VECTOR('',#11283,0.393700787401575);
#2916=VECTOR('',#11284,0.393700787401575);
#2917=VECTOR('',#11285,0.393700787401575);
#2918=VECTOR('',#11288,0.393700787401575);
#2919=VECTOR('',#11289,0.393700787401575);
#2920=VECTOR('',#11290,0.393700787401575);
#2921=VECTOR('',#11291,0.393700787401575);
#2922=VECTOR('',#11294,0.393700787401575);
#2923=VECTOR('',#11295,0.393700787401575);
#2924=VECTOR('',#11296,0.393700787401575);
#2925=VECTOR('',#11299,0.393700787401575);
#2926=VECTOR('',#11300,0.393700787401575);
#2927=VECTOR('',#11301,0.393700787401575);
#2928=VECTOR('',#11302,0.393700787401575);
#2929=VECTOR('',#11305,0.393700787401575);
#2930=VECTOR('',#11306,0.393700787401575);
#2931=VECTOR('',#11307,0.393700787401575);
#2932=VECTOR('',#11310,0.393700787401575);
#2933=VECTOR('',#11311,0.393700787401575);
#2934=VECTOR('',#11312,0.393700787401575);
#2935=VECTOR('',#11313,0.393700787401575);
#2936=VECTOR('',#11316,0.393700787401575);
#2937=VECTOR('',#11317,0.393700787401575);
#2938=VECTOR('',#11318,0.393700787401575);
#2939=VECTOR('',#11321,0.393700787401575);
#2940=VECTOR('',#11322,0.393700787401575);
#2941=VECTOR('',#11323,0.393700787401575);
#2942=VECTOR('',#11324,0.393700787401575);
#2943=VECTOR('',#11327,0.393700787401575);
#2944=VECTOR('',#11328,0.393700787401575);
#2945=VECTOR('',#11329,0.393700787401575);
#2946=VECTOR('',#11332,0.393700787401575);
#2947=VECTOR('',#11333,0.393700787401575);
#2948=VECTOR('',#11334,0.393700787401575);
#2949=VECTOR('',#11335,0.393700787401575);
#2950=VECTOR('',#11338,0.393700787401575);
#2951=VECTOR('',#11339,0.393700787401575);
#2952=VECTOR('',#11340,0.393700787401575);
#2953=VECTOR('',#11343,0.393700787401575);
#2954=VECTOR('',#11344,0.393700787401575);
#2955=VECTOR('',#11345,0.393700787401575);
#2956=VECTOR('',#11346,0.393700787401575);
#2957=VECTOR('',#11349,0.393700787401575);
#2958=VECTOR('',#11350,0.393700787401575);
#2959=VECTOR('',#11351,0.393700787401575);
#2960=VECTOR('',#11354,0.393700787401575);
#2961=VECTOR('',#11355,0.393700787401575);
#2962=VECTOR('',#11356,0.393700787401575);
#2963=VECTOR('',#11357,0.393700787401575);
#2964=VECTOR('',#11360,0.393700787401575);
#2965=VECTOR('',#11361,0.393700787401575);
#2966=VECTOR('',#11362,0.393700787401575);
#2967=VECTOR('',#11365,0.393700787401575);
#2968=VECTOR('',#11366,0.393700787401575);
#2969=VECTOR('',#11367,0.393700787401575);
#2970=VECTOR('',#11368,0.393700787401575);
#2971=VECTOR('',#11371,0.393700787401575);
#2972=VECTOR('',#11372,0.393700787401575);
#2973=VECTOR('',#11373,0.393700787401575);
#2974=VECTOR('',#11376,0.393700787401575);
#2975=VECTOR('',#11377,0.393700787401575);
#2976=VECTOR('',#11378,0.393700787401575);
#2977=VECTOR('',#11379,0.393700787401575);
#2978=VECTOR('',#11382,0.393700787401575);
#2979=VECTOR('',#11383,0.393700787401575);
#2980=VECTOR('',#11384,0.393700787401575);
#2981=VECTOR('',#11387,0.393700787401575);
#2982=VECTOR('',#11388,0.393700787401575);
#2983=VECTOR('',#11389,0.393700787401575);
#2984=VECTOR('',#11390,0.393700787401575);
#2985=VECTOR('',#11393,0.393700787401575);
#2986=VECTOR('',#11394,0.393700787401575);
#2987=VECTOR('',#11395,0.393700787401575);
#2988=VECTOR('',#11398,0.393700787401575);
#2989=VECTOR('',#11399,0.393700787401575);
#2990=VECTOR('',#11400,0.393700787401575);
#2991=VECTOR('',#11401,0.393700787401575);
#2992=VECTOR('',#11404,0.393700787401575);
#2993=VECTOR('',#11405,0.393700787401575);
#2994=VECTOR('',#11406,0.393700787401575);
#2995=VECTOR('',#11409,0.393700787401575);
#2996=VECTOR('',#11410,0.393700787401575);
#2997=VECTOR('',#11411,0.393700787401575);
#2998=VECTOR('',#11412,0.393700787401575);
#2999=VECTOR('',#11415,0.393700787401575);
#3000=VECTOR('',#11416,0.393700787401575);
#3001=VECTOR('',#11417,0.393700787401575);
#3002=VECTOR('',#11420,0.393700787401575);
#3003=VECTOR('',#11421,0.393700787401575);
#3004=VECTOR('',#11422,0.393700787401575);
#3005=VECTOR('',#11423,0.393700787401575);
#3006=VECTOR('',#11426,0.393700787401575);
#3007=VECTOR('',#11427,0.393700787401575);
#3008=VECTOR('',#11428,0.393700787401575);
#3009=VECTOR('',#11431,0.393700787401575);
#3010=VECTOR('',#11432,0.393700787401575);
#3011=VECTOR('',#11433,0.393700787401575);
#3012=VECTOR('',#11434,0.393700787401575);
#3013=VECTOR('',#11437,0.393700787401575);
#3014=VECTOR('',#11438,0.393700787401575);
#3015=VECTOR('',#11439,0.393700787401575);
#3016=VECTOR('',#11442,0.393700787401575);
#3017=VECTOR('',#11443,0.393700787401575);
#3018=VECTOR('',#11444,0.393700787401575);
#3019=VECTOR('',#11445,0.393700787401575);
#3020=VECTOR('',#11448,0.393700787401575);
#3021=VECTOR('',#11449,0.393700787401575);
#3022=VECTOR('',#11450,0.393700787401575);
#3023=VECTOR('',#11453,0.393700787401575);
#3024=VECTOR('',#11454,0.393700787401575);
#3025=VECTOR('',#11455,0.393700787401575);
#3026=VECTOR('',#11456,0.393700787401575);
#3027=VECTOR('',#11459,0.393700787401575);
#3028=VECTOR('',#11460,0.393700787401575);
#3029=VECTOR('',#11461,0.393700787401575);
#3030=VECTOR('',#11464,0.393700787401575);
#3031=VECTOR('',#11465,0.393700787401575);
#3032=VECTOR('',#11466,0.393700787401575);
#3033=VECTOR('',#11467,0.393700787401575);
#3034=VECTOR('',#11470,0.393700787401575);
#3035=VECTOR('',#11471,0.393700787401575);
#3036=VECTOR('',#11472,0.393700787401575);
#3037=VECTOR('',#11475,0.393700787401575);
#3038=VECTOR('',#11476,0.393700787401575);
#3039=VECTOR('',#11477,0.393700787401575);
#3040=VECTOR('',#11478,0.393700787401575);
#3041=VECTOR('',#11481,0.393700787401575);
#3042=VECTOR('',#11482,0.393700787401575);
#3043=VECTOR('',#11483,0.393700787401575);
#3044=VECTOR('',#11486,0.393700787401575);
#3045=VECTOR('',#11487,0.393700787401575);
#3046=VECTOR('',#11488,0.393700787401575);
#3047=VECTOR('',#11489,0.393700787401575);
#3048=VECTOR('',#11492,0.393700787401575);
#3049=VECTOR('',#11493,0.393700787401575);
#3050=VECTOR('',#11494,0.393700787401575);
#3051=VECTOR('',#11497,0.393700787401575);
#3052=VECTOR('',#11498,0.393700787401575);
#3053=VECTOR('',#11499,0.393700787401575);
#3054=VECTOR('',#11500,0.393700787401575);
#3055=VECTOR('',#11503,0.393700787401575);
#3056=VECTOR('',#11504,0.393700787401575);
#3057=VECTOR('',#11505,0.393700787401575);
#3058=VECTOR('',#11508,0.393700787401575);
#3059=VECTOR('',#11509,0.393700787401575);
#3060=VECTOR('',#11510,0.393700787401575);
#3061=VECTOR('',#11511,0.393700787401575);
#3062=VECTOR('',#11514,0.393700787401575);
#3063=VECTOR('',#11515,0.393700787401575);
#3064=VECTOR('',#11516,0.393700787401575);
#3065=VECTOR('',#11519,0.393700787401575);
#3066=VECTOR('',#11520,0.393700787401575);
#3067=VECTOR('',#11521,0.393700787401575);
#3068=VECTOR('',#11522,0.393700787401575);
#3069=VECTOR('',#11525,0.393700787401575);
#3070=VECTOR('',#11526,0.393700787401575);
#3071=VECTOR('',#11527,0.393700787401575);
#3072=VECTOR('',#11530,0.393700787401575);
#3073=VECTOR('',#11531,0.393700787401575);
#3074=VECTOR('',#11532,0.393700787401575);
#3075=VECTOR('',#11533,0.393700787401575);
#3076=VECTOR('',#11536,0.393700787401575);
#3077=VECTOR('',#11537,0.393700787401575);
#3078=VECTOR('',#11538,0.393700787401575);
#3079=VECTOR('',#11541,0.393700787401575);
#3080=VECTOR('',#11542,0.393700787401575);
#3081=VECTOR('',#11543,0.393700787401575);
#3082=VECTOR('',#11544,0.393700787401575);
#3083=VECTOR('',#11547,0.393700787401575);
#3084=VECTOR('',#11548,0.393700787401575);
#3085=VECTOR('',#11549,0.393700787401575);
#3086=VECTOR('',#11552,0.393700787401575);
#3087=VECTOR('',#11553,0.393700787401575);
#3088=VECTOR('',#11554,0.393700787401575);
#3089=VECTOR('',#11555,0.393700787401575);
#3090=VECTOR('',#11558,0.393700787401575);
#3091=VECTOR('',#11559,0.393700787401575);
#3092=VECTOR('',#11560,0.393700787401575);
#3093=VECTOR('',#11563,0.393700787401575);
#3094=VECTOR('',#11564,0.393700787401575);
#3095=VECTOR('',#11565,0.393700787401575);
#3096=VECTOR('',#11566,0.393700787401575);
#3097=VECTOR('',#11569,0.393700787401575);
#3098=VECTOR('',#11570,0.393700787401575);
#3099=VECTOR('',#11571,0.393700787401575);
#3100=VECTOR('',#11574,0.393700787401575);
#3101=VECTOR('',#11575,0.393700787401575);
#3102=VECTOR('',#11576,0.393700787401575);
#3103=VECTOR('',#11577,0.393700787401575);
#3104=VECTOR('',#11580,0.393700787401575);
#3105=VECTOR('',#11581,0.393700787401575);
#3106=VECTOR('',#11582,0.393700787401575);
#3107=VECTOR('',#11585,0.393700787401575);
#3108=VECTOR('',#11586,0.393700787401575);
#3109=VECTOR('',#11587,0.393700787401575);
#3110=VECTOR('',#11588,0.393700787401575);
#3111=VECTOR('',#11591,0.393700787401575);
#3112=VECTOR('',#11592,0.393700787401575);
#3113=VECTOR('',#11593,0.393700787401575);
#3114=VECTOR('',#11596,0.393700787401575);
#3115=VECTOR('',#11597,0.393700787401575);
#3116=VECTOR('',#11598,0.393700787401575);
#3117=VECTOR('',#11599,0.393700787401575);
#3118=VECTOR('',#11602,0.393700787401575);
#3119=VECTOR('',#11603,0.393700787401575);
#3120=VECTOR('',#11604,0.393700787401575);
#3121=VECTOR('',#11607,0.393700787401575);
#3122=VECTOR('',#11608,0.393700787401575);
#3123=VECTOR('',#11609,0.393700787401575);
#3124=VECTOR('',#11610,0.393700787401575);
#3125=VECTOR('',#11613,0.393700787401575);
#3126=VECTOR('',#11614,0.393700787401575);
#3127=VECTOR('',#11615,0.393700787401575);
#3128=VECTOR('',#11618,0.393700787401575);
#3129=VECTOR('',#11619,0.393700787401575);
#3130=VECTOR('',#11620,0.393700787401575);
#3131=VECTOR('',#11621,0.393700787401575);
#3132=VECTOR('',#11624,0.393700787401575);
#3133=VECTOR('',#11625,0.393700787401575);
#3134=VECTOR('',#11626,0.393700787401575);
#3135=VECTOR('',#11629,0.393700787401575);
#3136=VECTOR('',#11630,0.393700787401575);
#3137=VECTOR('',#11631,0.393700787401575);
#3138=VECTOR('',#11632,0.393700787401575);
#3139=VECTOR('',#11635,0.393700787401575);
#3140=VECTOR('',#11636,0.393700787401575);
#3141=VECTOR('',#11637,0.393700787401575);
#3142=VECTOR('',#11640,0.393700787401575);
#3143=VECTOR('',#11641,0.393700787401575);
#3144=VECTOR('',#11642,0.393700787401575);
#3145=VECTOR('',#11643,0.393700787401575);
#3146=VECTOR('',#11646,0.393700787401575);
#3147=VECTOR('',#11647,0.393700787401575);
#3148=VECTOR('',#11648,0.393700787401575);
#3149=VECTOR('',#11651,0.393700787401575);
#3150=VECTOR('',#11652,0.393700787401575);
#3151=VECTOR('',#11653,0.393700787401575);
#3152=VECTOR('',#11654,0.393700787401575);
#3153=VECTOR('',#11657,0.393700787401575);
#3154=VECTOR('',#11658,0.393700787401575);
#3155=VECTOR('',#11659,0.393700787401575);
#3156=VECTOR('',#11662,0.393700787401575);
#3157=VECTOR('',#11663,0.393700787401575);
#3158=VECTOR('',#11664,0.393700787401575);
#3159=VECTOR('',#11665,0.393700787401575);
#3160=VECTOR('',#11668,0.393700787401575);
#3161=VECTOR('',#11669,0.393700787401575);
#3162=VECTOR('',#11670,0.393700787401575);
#3163=VECTOR('',#11673,0.393700787401575);
#3164=VECTOR('',#11674,0.393700787401575);
#3165=VECTOR('',#11675,0.393700787401575);
#3166=VECTOR('',#11676,0.393700787401575);
#3167=VECTOR('',#11679,0.393700787401575);
#3168=VECTOR('',#11680,0.393700787401575);
#3169=VECTOR('',#11681,0.393700787401575);
#3170=VECTOR('',#11684,0.393700787401575);
#3171=VECTOR('',#11685,0.393700787401575);
#3172=VECTOR('',#11686,0.393700787401575);
#3173=VECTOR('',#11687,0.393700787401575);
#3174=VECTOR('',#11690,0.393700787401575);
#3175=VECTOR('',#11691,0.393700787401575);
#3176=VECTOR('',#11692,0.393700787401575);
#3177=VECTOR('',#11695,0.393700787401575);
#3178=VECTOR('',#11696,0.393700787401575);
#3179=VECTOR('',#11697,0.393700787401575);
#3180=VECTOR('',#11698,0.393700787401575);
#3181=VECTOR('',#11701,0.393700787401575);
#3182=VECTOR('',#11702,0.393700787401575);
#3183=VECTOR('',#11703,0.393700787401575);
#3184=VECTOR('',#11706,0.393700787401575);
#3185=VECTOR('',#11707,0.393700787401575);
#3186=VECTOR('',#11708,0.393700787401575);
#3187=VECTOR('',#11709,0.393700787401575);
#3188=VECTOR('',#11712,0.393700787401575);
#3189=VECTOR('',#11713,0.393700787401575);
#3190=VECTOR('',#11714,0.393700787401575);
#3191=VECTOR('',#12015,0.393700787401575);
#3192=VECTOR('',#12016,0.393700787401575);
#3193=VECTOR('',#12023,0.393700787401575);
#3194=VECTOR('',#12618,0.393700787401575);
#3195=VECTOR('',#12619,0.393700787401575);
#3196=VECTOR('',#12620,0.393700787401575);
#3197=VECTOR('',#12623,0.393700787401575);
#3198=VECTOR('',#12632,0.225);
#3199=CIRCLE('',#9286,0.135);
#3200=CIRCLE('',#9287,0.135);
#3201=CIRCLE('',#9289,0.225);
#3202=CIRCLE('',#9290,0.135);
#3203=CIRCLE('',#9293,0.135);
#3204=CIRCLE('',#9594,0.375);
#3205=CIRCLE('',#9595,0.375);
#3206=CIRCLE('',#9596,0.375);
#3207=CIRCLE('',#9597,0.375);
#3208=CIRCLE('',#9598,0.375);
#3209=CIRCLE('',#9599,0.375);
#3210=CIRCLE('',#9600,0.375);
#3211=CIRCLE('',#9601,0.375);
#3212=CIRCLE('',#9602,0.375);
#3213=CIRCLE('',#9603,0.375);
#3214=CIRCLE('',#9604,0.375);
#3215=CIRCLE('',#9605,0.375);
#3216=CIRCLE('',#9606,0.375);
#3217=CIRCLE('',#9607,0.375);
#3218=CIRCLE('',#9608,0.375);
#3219=CIRCLE('',#9609,0.375);
#3220=CIRCLE('',#9610,0.375);
#3221=CIRCLE('',#9611,0.375);
#3222=CIRCLE('',#9612,0.375);
#3223=CIRCLE('',#9613,0.375);
#3224=CIRCLE('',#9614,0.375);
#3225=CIRCLE('',#9615,0.375);
#3226=CIRCLE('',#9616,0.375);
#3227=CIRCLE('',#9617,0.375);
#3228=CIRCLE('',#9618,0.375);
#3229=CIRCLE('',#9619,0.375);
#3230=CIRCLE('',#9620,0.375);
#3231=CIRCLE('',#9621,0.375);
#3232=CIRCLE('',#9622,0.375);
#3233=CIRCLE('',#9623,0.375);
#3234=CIRCLE('',#9624,0.375);
#3235=CIRCLE('',#9625,0.375);
#3236=CIRCLE('',#9626,0.375);
#3237=CIRCLE('',#9627,0.375);
#3238=CIRCLE('',#9628,0.375);
#3239=CIRCLE('',#9629,0.375);
#3240=CIRCLE('',#9630,0.375);
#3241=CIRCLE('',#9631,0.375);
#3242=CIRCLE('',#9632,0.375);
#3243=CIRCLE('',#9633,0.375);
#3244=CIRCLE('',#9634,0.375);
#3245=CIRCLE('',#9635,0.375);
#3246=CIRCLE('',#9636,0.375);
#3247=CIRCLE('',#9637,0.375);
#3248=CIRCLE('',#9638,0.375);
#3249=CIRCLE('',#9639,0.375);
#3250=CIRCLE('',#9640,0.375);
#3251=CIRCLE('',#9641,0.375);
#3252=CIRCLE('',#9642,0.375);
#3253=CIRCLE('',#9643,0.375);
#3254=CIRCLE('',#9644,0.375);
#3255=CIRCLE('',#9645,0.375);
#3256=CIRCLE('',#9646,0.375);
#3257=CIRCLE('',#9647,0.375);
#3258=CIRCLE('',#9648,0.375);
#3259=CIRCLE('',#9649,0.375);
#3260=CIRCLE('',#9650,0.375);
#3261=CIRCLE('',#9651,0.375);
#3262=CIRCLE('',#9652,0.375);
#3263=CIRCLE('',#9653,0.375);
#3264=CIRCLE('',#9654,0.375);
#3265=CIRCLE('',#9655,0.375);
#3266=CIRCLE('',#9656,0.375);
#3267=CIRCLE('',#9657,0.375);
#3268=CIRCLE('',#9658,0.375);
#3269=CIRCLE('',#9659,0.375);
#3270=CIRCLE('',#9660,0.375);
#3271=CIRCLE('',#9661,0.375);
#3272=CIRCLE('',#9662,0.375);
#3273=CIRCLE('',#9663,0.375);
#3274=CIRCLE('',#9664,0.375);
#3275=CIRCLE('',#9665,0.375);
#3276=CIRCLE('',#9666,0.375);
#3277=CIRCLE('',#9667,0.375);
#3278=CIRCLE('',#9668,0.375);
#3279=CIRCLE('',#9669,0.375);
#3280=CIRCLE('',#9670,0.375);
#3281=CIRCLE('',#9671,0.375);
#3282=CIRCLE('',#9672,0.375);
#3283=CIRCLE('',#9673,0.375);
#3284=CIRCLE('',#9674,0.375);
#3285=CIRCLE('',#9675,0.375);
#3286=CIRCLE('',#9676,0.375);
#3287=CIRCLE('',#9677,0.375);
#3288=CIRCLE('',#9678,0.375);
#3289=CIRCLE('',#9679,0.375);
#3290=CIRCLE('',#9680,0.375);
#3291=CIRCLE('',#9681,0.375);
#3292=CIRCLE('',#9682,0.375);
#3293=CIRCLE('',#9683,0.375);
#3294=CIRCLE('',#9684,0.375);
#3295=CIRCLE('',#9685,0.375);
#3296=CIRCLE('',#9686,0.375);
#3297=CIRCLE('',#9687,0.375);
#3298=CIRCLE('',#9688,0.375);
#3299=CIRCLE('',#9689,0.375);
#3300=CIRCLE('',#9690,0.375);
#3301=CIRCLE('',#9691,0.375);
#3302=CIRCLE('',#9692,0.375);
#3303=CIRCLE('',#9693,0.375);
#3304=CIRCLE('',#9694,0.375);
#3305=CIRCLE('',#9695,0.375);
#3306=CIRCLE('',#9696,0.375);
#3307=CIRCLE('',#9697,0.375);
#3308=CIRCLE('',#9698,0.375);
#3309=CIRCLE('',#9699,0.375);
#3310=CIRCLE('',#9700,0.375);
#3311=CIRCLE('',#9701,0.375);
#3312=CIRCLE('',#9702,0.375);
#3313=CIRCLE('',#9703,0.375);
#3314=CIRCLE('',#9704,0.375);
#3315=CIRCLE('',#9705,0.375);
#3316=CIRCLE('',#9706,0.375);
#3317=CIRCLE('',#9707,0.375);
#3318=CIRCLE('',#9708,0.375);
#3319=CIRCLE('',#9709,0.375);
#3320=CIRCLE('',#9710,0.375);
#3321=CIRCLE('',#9711,0.375);
#3322=CIRCLE('',#9712,0.375);
#3323=CIRCLE('',#9713,0.375);
#3324=CIRCLE('',#9714,0.375);
#3325=CIRCLE('',#9715,0.375);
#3326=CIRCLE('',#9716,0.375);
#3327=CIRCLE('',#9717,0.375);
#3328=CIRCLE('',#9718,0.375);
#3329=CIRCLE('',#9719,0.375);
#3330=CIRCLE('',#9720,0.375);
#3331=CIRCLE('',#9721,0.375);
#3332=CIRCLE('',#9722,0.375);
#3333=CIRCLE('',#9723,0.375);
#3334=CIRCLE('',#9724,0.375);
#3335=CIRCLE('',#9725,0.375);
#3336=CIRCLE('',#9726,0.375);
#3337=CIRCLE('',#9727,0.375);
#3338=CIRCLE('',#9728,0.375);
#3339=CIRCLE('',#9729,0.375);
#3340=CIRCLE('',#9730,0.375);
#3341=CIRCLE('',#9731,0.375);
#3342=CIRCLE('',#9732,0.375);
#3343=CIRCLE('',#9733,0.375);
#3344=CIRCLE('',#9734,0.375);
#3345=CIRCLE('',#9735,0.375);
#3346=CIRCLE('',#9736,0.375);
#3347=CIRCLE('',#9737,0.375);
#3348=CIRCLE('',#9738,0.375);
#3349=CIRCLE('',#9739,0.375);
#3350=CIRCLE('',#9740,0.375);
#3351=CIRCLE('',#9741,0.375);
#3352=CIRCLE('',#9742,0.375);
#3353=CIRCLE('',#9743,0.375);
#3354=CIRCLE('',#9745,0.375);
#3355=CIRCLE('',#9747,0.375);
#3356=CIRCLE('',#9749,0.375);
#3357=CIRCLE('',#9751,0.375);
#3358=CIRCLE('',#9753,0.375);
#3359=CIRCLE('',#9755,0.375);
#3360=CIRCLE('',#9757,0.375);
#3361=CIRCLE('',#9759,0.375);
#3362=CIRCLE('',#9761,0.375);
#3363=CIRCLE('',#9763,0.375);
#3364=CIRCLE('',#9765,0.375);
#3365=CIRCLE('',#9767,0.375);
#3366=CIRCLE('',#9769,0.375);
#3367=CIRCLE('',#9771,0.375);
#3368=CIRCLE('',#9773,0.375);
#3369=CIRCLE('',#9775,0.375);
#3370=CIRCLE('',#9777,0.375);
#3371=CIRCLE('',#9779,0.375);
#3372=CIRCLE('',#9781,0.375);
#3373=CIRCLE('',#9783,0.375);
#3374=CIRCLE('',#9785,0.375);
#3375=CIRCLE('',#9787,0.375);
#3376=CIRCLE('',#9789,0.375);
#3377=CIRCLE('',#9791,0.375);
#3378=CIRCLE('',#9793,0.375);
#3379=CIRCLE('',#9795,0.375);
#3380=CIRCLE('',#9797,0.375);
#3381=CIRCLE('',#9799,0.375);
#3382=CIRCLE('',#9801,0.375);
#3383=CIRCLE('',#9803,0.375);
#3384=CIRCLE('',#9805,0.375);
#3385=CIRCLE('',#9807,0.375);
#3386=CIRCLE('',#9809,0.375);
#3387=CIRCLE('',#9811,0.375);
#3388=CIRCLE('',#9813,0.375);
#3389=CIRCLE('',#9815,0.375);
#3390=CIRCLE('',#9817,0.375);
#3391=CIRCLE('',#9819,0.375);
#3392=CIRCLE('',#9821,0.375);
#3393=CIRCLE('',#9823,0.375);
#3394=CIRCLE('',#9825,0.375);
#3395=CIRCLE('',#9827,0.375);
#3396=CIRCLE('',#9829,0.375);
#3397=CIRCLE('',#9831,0.375);
#3398=CIRCLE('',#9833,0.375);
#3399=CIRCLE('',#9835,0.375);
#3400=CIRCLE('',#9837,0.375);
#3401=CIRCLE('',#9839,0.375);
#3402=CIRCLE('',#9841,0.375);
#3403=CIRCLE('',#9843,0.375);
#3404=CIRCLE('',#9845,0.375);
#3405=CIRCLE('',#9847,0.375);
#3406=CIRCLE('',#9849,0.375);
#3407=CIRCLE('',#9851,0.375);
#3408=CIRCLE('',#9853,0.375);
#3409=CIRCLE('',#9855,0.375);
#3410=CIRCLE('',#9857,0.375);
#3411=CIRCLE('',#9859,0.375);
#3412=CIRCLE('',#9861,0.375);
#3413=CIRCLE('',#9863,0.375);
#3414=CIRCLE('',#9865,0.375);
#3415=CIRCLE('',#9867,0.375);
#3416=CIRCLE('',#9869,0.375);
#3417=CIRCLE('',#9871,0.375);
#3418=CIRCLE('',#9873,0.375);
#3419=CIRCLE('',#9875,0.375);
#3420=CIRCLE('',#9877,0.375);
#3421=CIRCLE('',#9879,0.375);
#3422=CIRCLE('',#9881,0.375);
#3423=CIRCLE('',#9883,0.375);
#3424=CIRCLE('',#9885,0.375);
#3425=CIRCLE('',#9887,0.375);
#3426=CIRCLE('',#9889,0.375);
#3427=CIRCLE('',#9891,0.375);
#3428=CIRCLE('',#9893,0.375);
#3429=CIRCLE('',#9895,0.375);
#3430=CIRCLE('',#9897,0.375);
#3431=CIRCLE('',#9899,0.375);
#3432=CIRCLE('',#9901,0.375);
#3433=CIRCLE('',#9903,0.375);
#3434=CIRCLE('',#9905,0.375);
#3435=CIRCLE('',#9907,0.375);
#3436=CIRCLE('',#9909,0.375);
#3437=CIRCLE('',#9911,0.375);
#3438=CIRCLE('',#9913,0.375);
#3439=CIRCLE('',#9915,0.375);
#3440=CIRCLE('',#9917,0.375);
#3441=CIRCLE('',#9919,0.375);
#3442=CIRCLE('',#9921,0.375);
#3443=CIRCLE('',#9923,0.375);
#3444=CIRCLE('',#9925,0.375);
#3445=CIRCLE('',#9927,0.375);
#3446=CIRCLE('',#9929,0.375);
#3447=CIRCLE('',#9931,0.375);
#3448=CIRCLE('',#9933,0.375);
#3449=CIRCLE('',#9935,0.375);
#3450=CIRCLE('',#9937,0.375);
#3451=CIRCLE('',#9939,0.375);
#3452=CIRCLE('',#9941,0.375);
#3453=CIRCLE('',#9943,0.375);
#3454=CIRCLE('',#9945,0.375);
#3455=CIRCLE('',#9947,0.375);
#3456=CIRCLE('',#9949,0.375);
#3457=CIRCLE('',#9951,0.375);
#3458=CIRCLE('',#9953,0.375);
#3459=CIRCLE('',#9955,0.375);
#3460=CIRCLE('',#9957,0.375);
#3461=CIRCLE('',#9959,0.375);
#3462=CIRCLE('',#9961,0.375);
#3463=CIRCLE('',#9963,0.375);
#3464=CIRCLE('',#9965,0.375);
#3465=CIRCLE('',#9967,0.375);
#3466=CIRCLE('',#9969,0.375);
#3467=CIRCLE('',#9971,0.375);
#3468=CIRCLE('',#9973,0.375);
#3469=CIRCLE('',#9975,0.375);
#3470=CIRCLE('',#9977,0.375);
#3471=CIRCLE('',#9979,0.375);
#3472=CIRCLE('',#9981,0.375);
#3473=CIRCLE('',#9983,0.375);
#3474=CIRCLE('',#9985,0.375);
#3475=CIRCLE('',#9987,0.375);
#3476=CIRCLE('',#9989,0.375);
#3477=CIRCLE('',#9991,0.375);
#3478=CIRCLE('',#9993,0.375);
#3479=CIRCLE('',#9995,0.375);
#3480=CIRCLE('',#9997,0.375);
#3481=CIRCLE('',#9999,0.375);
#3482=CIRCLE('',#10001,0.375);
#3483=CIRCLE('',#10003,0.375);
#3484=CIRCLE('',#10005,0.375);
#3485=CIRCLE('',#10007,0.375);
#3486=CIRCLE('',#10009,0.375);
#3487=CIRCLE('',#10011,0.375);
#3488=CIRCLE('',#10013,0.375);
#3489=CIRCLE('',#10015,0.375);
#3490=CIRCLE('',#10017,0.375);
#3491=CIRCLE('',#10019,0.375);
#3492=CIRCLE('',#10021,0.375);
#3493=CIRCLE('',#10023,0.375);
#3494=CIRCLE('',#10025,0.375);
#3495=CIRCLE('',#10027,0.375);
#3496=CIRCLE('',#10029,0.375);
#3497=CIRCLE('',#10031,0.375);
#3498=CIRCLE('',#10033,0.375);
#3499=CIRCLE('',#10035,0.375);
#3500=CIRCLE('',#10037,0.375);
#3501=CIRCLE('',#10039,0.375);
#3502=CIRCLE('',#10041,0.375);
#3503=CIRCLE('',#10045,0.375);
#3504=CIRCLE('',#10046,0.225);
#3505=VERTEX_POINT('',#12637);
#3506=VERTEX_POINT('',#12638);
#3507=VERTEX_POINT('',#12640);
#3508=VERTEX_POINT('',#12644);
#3509=VERTEX_POINT('',#12646);
#3510=VERTEX_POINT('',#12649);
#3511=VERTEX_POINT('',#12651);
#3512=VERTEX_POINT('',#12659);
#3513=VERTEX_POINT('',#12660);
#3514=VERTEX_POINT('',#12662);
#3515=VERTEX_POINT('',#12664);
#3516=VERTEX_POINT('',#12668);
#3517=VERTEX_POINT('',#12670);
#3518=VERTEX_POINT('',#12674);
#3519=VERTEX_POINT('',#12675);
#3520=VERTEX_POINT('',#12677);
#3521=VERTEX_POINT('',#12679);
#3522=VERTEX_POINT('',#12683);
#3523=VERTEX_POINT('',#12685);
#3524=VERTEX_POINT('',#12689);
#3525=VERTEX_POINT('',#12690);
#3526=VERTEX_POINT('',#12692);
#3527=VERTEX_POINT('',#12694);
#3528=VERTEX_POINT('',#12698);
#3529=VERTEX_POINT('',#12700);
#3530=VERTEX_POINT('',#12704);
#3531=VERTEX_POINT('',#12705);
#3532=VERTEX_POINT('',#12707);
#3533=VERTEX_POINT('',#12709);
#3534=VERTEX_POINT('',#12713);
#3535=VERTEX_POINT('',#12715);
#3536=VERTEX_POINT('',#12719);
#3537=VERTEX_POINT('',#12720);
#3538=VERTEX_POINT('',#12722);
#3539=VERTEX_POINT('',#12724);
#3540=VERTEX_POINT('',#12728);
#3541=VERTEX_POINT('',#12730);
#3542=VERTEX_POINT('',#12734);
#3543=VERTEX_POINT('',#12735);
#3544=VERTEX_POINT('',#12737);
#3545=VERTEX_POINT('',#12739);
#3546=VERTEX_POINT('',#12743);
#3547=VERTEX_POINT('',#12745);
#3548=VERTEX_POINT('',#12749);
#3549=VERTEX_POINT('',#12750);
#3550=VERTEX_POINT('',#12752);
#3551=VERTEX_POINT('',#12754);
#3552=VERTEX_POINT('',#12758);
#3553=VERTEX_POINT('',#12760);
#3554=VERTEX_POINT('',#12764);
#3555=VERTEX_POINT('',#12765);
#3556=VERTEX_POINT('',#12767);
#3557=VERTEX_POINT('',#12769);
#3558=VERTEX_POINT('',#12773);
#3559=VERTEX_POINT('',#12775);
#3560=VERTEX_POINT('',#12779);
#3561=VERTEX_POINT('',#12780);
#3562=VERTEX_POINT('',#12782);
#3563=VERTEX_POINT('',#12784);
#3564=VERTEX_POINT('',#12788);
#3565=VERTEX_POINT('',#12790);
#3566=VERTEX_POINT('',#12794);
#3567=VERTEX_POINT('',#12795);
#3568=VERTEX_POINT('',#12797);
#3569=VERTEX_POINT('',#12799);
#3570=VERTEX_POINT('',#12803);
#3571=VERTEX_POINT('',#12805);
#3572=VERTEX_POINT('',#12809);
#3573=VERTEX_POINT('',#12810);
#3574=VERTEX_POINT('',#12812);
#3575=VERTEX_POINT('',#12814);
#3576=VERTEX_POINT('',#12818);
#3577=VERTEX_POINT('',#12820);
#3578=VERTEX_POINT('',#12824);
#3579=VERTEX_POINT('',#12825);
#3580=VERTEX_POINT('',#12827);
#3581=VERTEX_POINT('',#12829);
#3582=VERTEX_POINT('',#12833);
#3583=VERTEX_POINT('',#12835);
#3584=VERTEX_POINT('',#12839);
#3585=VERTEX_POINT('',#12840);
#3586=VERTEX_POINT('',#12842);
#3587=VERTEX_POINT('',#12844);
#3588=VERTEX_POINT('',#12848);
#3589=VERTEX_POINT('',#12850);
#3590=VERTEX_POINT('',#12854);
#3591=VERTEX_POINT('',#12855);
#3592=VERTEX_POINT('',#12857);
#3593=VERTEX_POINT('',#12859);
#3594=VERTEX_POINT('',#12863);
#3595=VERTEX_POINT('',#12865);
#3596=VERTEX_POINT('',#12869);
#3597=VERTEX_POINT('',#12870);
#3598=VERTEX_POINT('',#12872);
#3599=VERTEX_POINT('',#12874);
#3600=VERTEX_POINT('',#12878);
#3601=VERTEX_POINT('',#12880);
#3602=VERTEX_POINT('',#12884);
#3603=VERTEX_POINT('',#12885);
#3604=VERTEX_POINT('',#12887);
#3605=VERTEX_POINT('',#12889);
#3606=VERTEX_POINT('',#12893);
#3607=VERTEX_POINT('',#12895);
#3608=VERTEX_POINT('',#12899);
#3609=VERTEX_POINT('',#12900);
#3610=VERTEX_POINT('',#12902);
#3611=VERTEX_POINT('',#12904);
#3612=VERTEX_POINT('',#12908);
#3613=VERTEX_POINT('',#12910);
#3614=VERTEX_POINT('',#12914);
#3615=VERTEX_POINT('',#12915);
#3616=VERTEX_POINT('',#12917);
#3617=VERTEX_POINT('',#12919);
#3618=VERTEX_POINT('',#12923);
#3619=VERTEX_POINT('',#12925);
#3620=VERTEX_POINT('',#12929);
#3621=VERTEX_POINT('',#12930);
#3622=VERTEX_POINT('',#12932);
#3623=VERTEX_POINT('',#12934);
#3624=VERTEX_POINT('',#12938);
#3625=VERTEX_POINT('',#12940);
#3626=VERTEX_POINT('',#12944);
#3627=VERTEX_POINT('',#12945);
#3628=VERTEX_POINT('',#12947);
#3629=VERTEX_POINT('',#12949);
#3630=VERTEX_POINT('',#12953);
#3631=VERTEX_POINT('',#12955);
#3632=VERTEX_POINT('',#12959);
#3633=VERTEX_POINT('',#12960);
#3634=VERTEX_POINT('',#12962);
#3635=VERTEX_POINT('',#12964);
#3636=VERTEX_POINT('',#12968);
#3637=VERTEX_POINT('',#12970);
#3638=VERTEX_POINT('',#12974);
#3639=VERTEX_POINT('',#12975);
#3640=VERTEX_POINT('',#12977);
#3641=VERTEX_POINT('',#12979);
#3642=VERTEX_POINT('',#12983);
#3643=VERTEX_POINT('',#12985);
#3644=VERTEX_POINT('',#12989);
#3645=VERTEX_POINT('',#12990);
#3646=VERTEX_POINT('',#12992);
#3647=VERTEX_POINT('',#12994);
#3648=VERTEX_POINT('',#12998);
#3649=VERTEX_POINT('',#13000);
#3650=VERTEX_POINT('',#13004);
#3651=VERTEX_POINT('',#13005);
#3652=VERTEX_POINT('',#13007);
#3653=VERTEX_POINT('',#13009);
#3654=VERTEX_POINT('',#13013);
#3655=VERTEX_POINT('',#13015);
#3656=VERTEX_POINT('',#13019);
#3657=VERTEX_POINT('',#13020);
#3658=VERTEX_POINT('',#13022);
#3659=VERTEX_POINT('',#13024);
#3660=VERTEX_POINT('',#13028);
#3661=VERTEX_POINT('',#13030);
#3662=VERTEX_POINT('',#13034);
#3663=VERTEX_POINT('',#13035);
#3664=VERTEX_POINT('',#13037);
#3665=VERTEX_POINT('',#13039);
#3666=VERTEX_POINT('',#13043);
#3667=VERTEX_POINT('',#13045);
#3668=VERTEX_POINT('',#13049);
#3669=VERTEX_POINT('',#13050);
#3670=VERTEX_POINT('',#13052);
#3671=VERTEX_POINT('',#13054);
#3672=VERTEX_POINT('',#13058);
#3673=VERTEX_POINT('',#13060);
#3674=VERTEX_POINT('',#13064);
#3675=VERTEX_POINT('',#13065);
#3676=VERTEX_POINT('',#13067);
#3677=VERTEX_POINT('',#13069);
#3678=VERTEX_POINT('',#13073);
#3679=VERTEX_POINT('',#13075);
#3680=VERTEX_POINT('',#13079);
#3681=VERTEX_POINT('',#13080);
#3682=VERTEX_POINT('',#13082);
#3683=VERTEX_POINT('',#13084);
#3684=VERTEX_POINT('',#13088);
#3685=VERTEX_POINT('',#13090);
#3686=VERTEX_POINT('',#13094);
#3687=VERTEX_POINT('',#13095);
#3688=VERTEX_POINT('',#13097);
#3689=VERTEX_POINT('',#13099);
#3690=VERTEX_POINT('',#13103);
#3691=VERTEX_POINT('',#13105);
#3692=VERTEX_POINT('',#13109);
#3693=VERTEX_POINT('',#13110);
#3694=VERTEX_POINT('',#13112);
#3695=VERTEX_POINT('',#13114);
#3696=VERTEX_POINT('',#13118);
#3697=VERTEX_POINT('',#13120);
#3698=VERTEX_POINT('',#13124);
#3699=VERTEX_POINT('',#13125);
#3700=VERTEX_POINT('',#13127);
#3701=VERTEX_POINT('',#13129);
#3702=VERTEX_POINT('',#13133);
#3703=VERTEX_POINT('',#13135);
#3704=VERTEX_POINT('',#13139);
#3705=VERTEX_POINT('',#13140);
#3706=VERTEX_POINT('',#13142);
#3707=VERTEX_POINT('',#13144);
#3708=VERTEX_POINT('',#13148);
#3709=VERTEX_POINT('',#13150);
#3710=VERTEX_POINT('',#13154);
#3711=VERTEX_POINT('',#13155);
#3712=VERTEX_POINT('',#13157);
#3713=VERTEX_POINT('',#13159);
#3714=VERTEX_POINT('',#13163);
#3715=VERTEX_POINT('',#13165);
#3716=VERTEX_POINT('',#13169);
#3717=VERTEX_POINT('',#13170);
#3718=VERTEX_POINT('',#13172);
#3719=VERTEX_POINT('',#13174);
#3720=VERTEX_POINT('',#13178);
#3721=VERTEX_POINT('',#13180);
#3722=VERTEX_POINT('',#13184);
#3723=VERTEX_POINT('',#13185);
#3724=VERTEX_POINT('',#13187);
#3725=VERTEX_POINT('',#13189);
#3726=VERTEX_POINT('',#13193);
#3727=VERTEX_POINT('',#13195);
#3728=VERTEX_POINT('',#13199);
#3729=VERTEX_POINT('',#13200);
#3730=VERTEX_POINT('',#13202);
#3731=VERTEX_POINT('',#13204);
#3732=VERTEX_POINT('',#13208);
#3733=VERTEX_POINT('',#13210);
#3734=VERTEX_POINT('',#13214);
#3735=VERTEX_POINT('',#13215);
#3736=VERTEX_POINT('',#13217);
#3737=VERTEX_POINT('',#13219);
#3738=VERTEX_POINT('',#13223);
#3739=VERTEX_POINT('',#13225);
#3740=VERTEX_POINT('',#13229);
#3741=VERTEX_POINT('',#13230);
#3742=VERTEX_POINT('',#13232);
#3743=VERTEX_POINT('',#13234);
#3744=VERTEX_POINT('',#13238);
#3745=VERTEX_POINT('',#13240);
#3746=VERTEX_POINT('',#13244);
#3747=VERTEX_POINT('',#13245);
#3748=VERTEX_POINT('',#13247);
#3749=VERTEX_POINT('',#13249);
#3750=VERTEX_POINT('',#13253);
#3751=VERTEX_POINT('',#13255);
#3752=VERTEX_POINT('',#13259);
#3753=VERTEX_POINT('',#13260);
#3754=VERTEX_POINT('',#13262);
#3755=VERTEX_POINT('',#13264);
#3756=VERTEX_POINT('',#13268);
#3757=VERTEX_POINT('',#13270);
#3758=VERTEX_POINT('',#13274);
#3759=VERTEX_POINT('',#13275);
#3760=VERTEX_POINT('',#13277);
#3761=VERTEX_POINT('',#13279);
#3762=VERTEX_POINT('',#13283);
#3763=VERTEX_POINT('',#13285);
#3764=VERTEX_POINT('',#13289);
#3765=VERTEX_POINT('',#13290);
#3766=VERTEX_POINT('',#13292);
#3767=VERTEX_POINT('',#13294);
#3768=VERTEX_POINT('',#13298);
#3769=VERTEX_POINT('',#13300);
#3770=VERTEX_POINT('',#13304);
#3771=VERTEX_POINT('',#13305);
#3772=VERTEX_POINT('',#13307);
#3773=VERTEX_POINT('',#13309);
#3774=VERTEX_POINT('',#13313);
#3775=VERTEX_POINT('',#13315);
#3776=VERTEX_POINT('',#13319);
#3777=VERTEX_POINT('',#13320);
#3778=VERTEX_POINT('',#13322);
#3779=VERTEX_POINT('',#13324);
#3780=VERTEX_POINT('',#13328);
#3781=VERTEX_POINT('',#13330);
#3782=VERTEX_POINT('',#13334);
#3783=VERTEX_POINT('',#13335);
#3784=VERTEX_POINT('',#13337);
#3785=VERTEX_POINT('',#13339);
#3786=VERTEX_POINT('',#13343);
#3787=VERTEX_POINT('',#13345);
#3788=VERTEX_POINT('',#13349);
#3789=VERTEX_POINT('',#13350);
#3790=VERTEX_POINT('',#13352);
#3791=VERTEX_POINT('',#13354);
#3792=VERTEX_POINT('',#13358);
#3793=VERTEX_POINT('',#13360);
#3794=VERTEX_POINT('',#13364);
#3795=VERTEX_POINT('',#13365);
#3796=VERTEX_POINT('',#13367);
#3797=VERTEX_POINT('',#13369);
#3798=VERTEX_POINT('',#13373);
#3799=VERTEX_POINT('',#13375);
#3800=VERTEX_POINT('',#13379);
#3801=VERTEX_POINT('',#13380);
#3802=VERTEX_POINT('',#13382);
#3803=VERTEX_POINT('',#13384);
#3804=VERTEX_POINT('',#13388);
#3805=VERTEX_POINT('',#13390);
#3806=VERTEX_POINT('',#13394);
#3807=VERTEX_POINT('',#13395);
#3808=VERTEX_POINT('',#13397);
#3809=VERTEX_POINT('',#13399);
#3810=VERTEX_POINT('',#13403);
#3811=VERTEX_POINT('',#13405);
#3812=VERTEX_POINT('',#13409);
#3813=VERTEX_POINT('',#13410);
#3814=VERTEX_POINT('',#13412);
#3815=VERTEX_POINT('',#13414);
#3816=VERTEX_POINT('',#13418);
#3817=VERTEX_POINT('',#13420);
#3818=VERTEX_POINT('',#13424);
#3819=VERTEX_POINT('',#13425);
#3820=VERTEX_POINT('',#13427);
#3821=VERTEX_POINT('',#13429);
#3822=VERTEX_POINT('',#13433);
#3823=VERTEX_POINT('',#13435);
#3824=VERTEX_POINT('',#13439);
#3825=VERTEX_POINT('',#13440);
#3826=VERTEX_POINT('',#13442);
#3827=VERTEX_POINT('',#13444);
#3828=VERTEX_POINT('',#13448);
#3829=VERTEX_POINT('',#13450);
#3830=VERTEX_POINT('',#13454);
#3831=VERTEX_POINT('',#13455);
#3832=VERTEX_POINT('',#13457);
#3833=VERTEX_POINT('',#13459);
#3834=VERTEX_POINT('',#13463);
#3835=VERTEX_POINT('',#13465);
#3836=VERTEX_POINT('',#13469);
#3837=VERTEX_POINT('',#13470);
#3838=VERTEX_POINT('',#13472);
#3839=VERTEX_POINT('',#13474);
#3840=VERTEX_POINT('',#13478);
#3841=VERTEX_POINT('',#13480);
#3842=VERTEX_POINT('',#13484);
#3843=VERTEX_POINT('',#13485);
#3844=VERTEX_POINT('',#13487);
#3845=VERTEX_POINT('',#13489);
#3846=VERTEX_POINT('',#13493);
#3847=VERTEX_POINT('',#13495);
#3848=VERTEX_POINT('',#13499);
#3849=VERTEX_POINT('',#13500);
#3850=VERTEX_POINT('',#13502);
#3851=VERTEX_POINT('',#13504);
#3852=VERTEX_POINT('',#13508);
#3853=VERTEX_POINT('',#13510);
#3854=VERTEX_POINT('',#13514);
#3855=VERTEX_POINT('',#13515);
#3856=VERTEX_POINT('',#13517);
#3857=VERTEX_POINT('',#13519);
#3858=VERTEX_POINT('',#13523);
#3859=VERTEX_POINT('',#13525);
#3860=VERTEX_POINT('',#13529);
#3861=VERTEX_POINT('',#13530);
#3862=VERTEX_POINT('',#13532);
#3863=VERTEX_POINT('',#13534);
#3864=VERTEX_POINT('',#13538);
#3865=VERTEX_POINT('',#13540);
#3866=VERTEX_POINT('',#13544);
#3867=VERTEX_POINT('',#13545);
#3868=VERTEX_POINT('',#13547);
#3869=VERTEX_POINT('',#13549);
#3870=VERTEX_POINT('',#13553);
#3871=VERTEX_POINT('',#13555);
#3872=VERTEX_POINT('',#13559);
#3873=VERTEX_POINT('',#13560);
#3874=VERTEX_POINT('',#13562);
#3875=VERTEX_POINT('',#13564);
#3876=VERTEX_POINT('',#13568);
#3877=VERTEX_POINT('',#13570);
#3878=VERTEX_POINT('',#13574);
#3879=VERTEX_POINT('',#13575);
#3880=VERTEX_POINT('',#13577);
#3881=VERTEX_POINT('',#13579);
#3882=VERTEX_POINT('',#13583);
#3883=VERTEX_POINT('',#13585);
#3884=VERTEX_POINT('',#13589);
#3885=VERTEX_POINT('',#13590);
#3886=VERTEX_POINT('',#13592);
#3887=VERTEX_POINT('',#13594);
#3888=VERTEX_POINT('',#13598);
#3889=VERTEX_POINT('',#13600);
#3890=VERTEX_POINT('',#13604);
#3891=VERTEX_POINT('',#13605);
#3892=VERTEX_POINT('',#13607);
#3893=VERTEX_POINT('',#13609);
#3894=VERTEX_POINT('',#13613);
#3895=VERTEX_POINT('',#13615);
#3896=VERTEX_POINT('',#13619);
#3897=VERTEX_POINT('',#13620);
#3898=VERTEX_POINT('',#13622);
#3899=VERTEX_POINT('',#13624);
#3900=VERTEX_POINT('',#13628);
#3901=VERTEX_POINT('',#13630);
#3902=VERTEX_POINT('',#13634);
#3903=VERTEX_POINT('',#13635);
#3904=VERTEX_POINT('',#13637);
#3905=VERTEX_POINT('',#13639);
#3906=VERTEX_POINT('',#13643);
#3907=VERTEX_POINT('',#13645);
#3908=VERTEX_POINT('',#13649);
#3909=VERTEX_POINT('',#13650);
#3910=VERTEX_POINT('',#13652);
#3911=VERTEX_POINT('',#13654);
#3912=VERTEX_POINT('',#13658);
#3913=VERTEX_POINT('',#13660);
#3914=VERTEX_POINT('',#13664);
#3915=VERTEX_POINT('',#13665);
#3916=VERTEX_POINT('',#13667);
#3917=VERTEX_POINT('',#13669);
#3918=VERTEX_POINT('',#13673);
#3919=VERTEX_POINT('',#13675);
#3920=VERTEX_POINT('',#13679);
#3921=VERTEX_POINT('',#13680);
#3922=VERTEX_POINT('',#13682);
#3923=VERTEX_POINT('',#13684);
#3924=VERTEX_POINT('',#13688);
#3925=VERTEX_POINT('',#13690);
#3926=VERTEX_POINT('',#13694);
#3927=VERTEX_POINT('',#13695);
#3928=VERTEX_POINT('',#13697);
#3929=VERTEX_POINT('',#13699);
#3930=VERTEX_POINT('',#13703);
#3931=VERTEX_POINT('',#13705);
#3932=VERTEX_POINT('',#13709);
#3933=VERTEX_POINT('',#13710);
#3934=VERTEX_POINT('',#13712);
#3935=VERTEX_POINT('',#13714);
#3936=VERTEX_POINT('',#13718);
#3937=VERTEX_POINT('',#13720);
#3938=VERTEX_POINT('',#13724);
#3939=VERTEX_POINT('',#13725);
#3940=VERTEX_POINT('',#13727);
#3941=VERTEX_POINT('',#13729);
#3942=VERTEX_POINT('',#13733);
#3943=VERTEX_POINT('',#13735);
#3944=VERTEX_POINT('',#13739);
#3945=VERTEX_POINT('',#13740);
#3946=VERTEX_POINT('',#13742);
#3947=VERTEX_POINT('',#13744);
#3948=VERTEX_POINT('',#13748);
#3949=VERTEX_POINT('',#13750);
#3950=VERTEX_POINT('',#13754);
#3951=VERTEX_POINT('',#13755);
#3952=VERTEX_POINT('',#13757);
#3953=VERTEX_POINT('',#13759);
#3954=VERTEX_POINT('',#13763);
#3955=VERTEX_POINT('',#13765);
#3956=VERTEX_POINT('',#13769);
#3957=VERTEX_POINT('',#13770);
#3958=VERTEX_POINT('',#13772);
#3959=VERTEX_POINT('',#13774);
#3960=VERTEX_POINT('',#13778);
#3961=VERTEX_POINT('',#13780);
#3962=VERTEX_POINT('',#13784);
#3963=VERTEX_POINT('',#13785);
#3964=VERTEX_POINT('',#13787);
#3965=VERTEX_POINT('',#13789);
#3966=VERTEX_POINT('',#13793);
#3967=VERTEX_POINT('',#13795);
#3968=VERTEX_POINT('',#13799);
#3969=VERTEX_POINT('',#13800);
#3970=VERTEX_POINT('',#13802);
#3971=VERTEX_POINT('',#13804);
#3972=VERTEX_POINT('',#13808);
#3973=VERTEX_POINT('',#13810);
#3974=VERTEX_POINT('',#13814);
#3975=VERTEX_POINT('',#13815);
#3976=VERTEX_POINT('',#13817);
#3977=VERTEX_POINT('',#13819);
#3978=VERTEX_POINT('',#13823);
#3979=VERTEX_POINT('',#13825);
#3980=VERTEX_POINT('',#13829);
#3981=VERTEX_POINT('',#13830);
#3982=VERTEX_POINT('',#13832);
#3983=VERTEX_POINT('',#13834);
#3984=VERTEX_POINT('',#13838);
#3985=VERTEX_POINT('',#13840);
#3986=VERTEX_POINT('',#13844);
#3987=VERTEX_POINT('',#13845);
#3988=VERTEX_POINT('',#13847);
#3989=VERTEX_POINT('',#13849);
#3990=VERTEX_POINT('',#13853);
#3991=VERTEX_POINT('',#13855);
#3992=VERTEX_POINT('',#13859);
#3993=VERTEX_POINT('',#13860);
#3994=VERTEX_POINT('',#13862);
#3995=VERTEX_POINT('',#13864);
#3996=VERTEX_POINT('',#13868);
#3997=VERTEX_POINT('',#13870);
#3998=VERTEX_POINT('',#13874);
#3999=VERTEX_POINT('',#13875);
#4000=VERTEX_POINT('',#13877);
#4001=VERTEX_POINT('',#13879);
#4002=VERTEX_POINT('',#13883);
#4003=VERTEX_POINT('',#13885);
#4004=VERTEX_POINT('',#13889);
#4005=VERTEX_POINT('',#13890);
#4006=VERTEX_POINT('',#13892);
#4007=VERTEX_POINT('',#13894);
#4008=VERTEX_POINT('',#13898);
#4009=VERTEX_POINT('',#13900);
#4010=VERTEX_POINT('',#13904);
#4011=VERTEX_POINT('',#13905);
#4012=VERTEX_POINT('',#13907);
#4013=VERTEX_POINT('',#13909);
#4014=VERTEX_POINT('',#13913);
#4015=VERTEX_POINT('',#13915);
#4016=VERTEX_POINT('',#13919);
#4017=VERTEX_POINT('',#13920);
#4018=VERTEX_POINT('',#13922);
#4019=VERTEX_POINT('',#13924);
#4020=VERTEX_POINT('',#13928);
#4021=VERTEX_POINT('',#13930);
#4022=VERTEX_POINT('',#13934);
#4023=VERTEX_POINT('',#13935);
#4024=VERTEX_POINT('',#13937);
#4025=VERTEX_POINT('',#13939);
#4026=VERTEX_POINT('',#13943);
#4027=VERTEX_POINT('',#13945);
#4028=VERTEX_POINT('',#13949);
#4029=VERTEX_POINT('',#13950);
#4030=VERTEX_POINT('',#13952);
#4031=VERTEX_POINT('',#13954);
#4032=VERTEX_POINT('',#13958);
#4033=VERTEX_POINT('',#13960);
#4034=VERTEX_POINT('',#13964);
#4035=VERTEX_POINT('',#13965);
#4036=VERTEX_POINT('',#13967);
#4037=VERTEX_POINT('',#13969);
#4038=VERTEX_POINT('',#13973);
#4039=VERTEX_POINT('',#13975);
#4040=VERTEX_POINT('',#13979);
#4041=VERTEX_POINT('',#13980);
#4042=VERTEX_POINT('',#13982);
#4043=VERTEX_POINT('',#13984);
#4044=VERTEX_POINT('',#13988);
#4045=VERTEX_POINT('',#13990);
#4046=VERTEX_POINT('',#13994);
#4047=VERTEX_POINT('',#13995);
#4048=VERTEX_POINT('',#13997);
#4049=VERTEX_POINT('',#13999);
#4050=VERTEX_POINT('',#14003);
#4051=VERTEX_POINT('',#14005);
#4052=VERTEX_POINT('',#14009);
#4053=VERTEX_POINT('',#14010);
#4054=VERTEX_POINT('',#14012);
#4055=VERTEX_POINT('',#14014);
#4056=VERTEX_POINT('',#14018);
#4057=VERTEX_POINT('',#14020);
#4058=VERTEX_POINT('',#14024);
#4059=VERTEX_POINT('',#14025);
#4060=VERTEX_POINT('',#14027);
#4061=VERTEX_POINT('',#14029);
#4062=VERTEX_POINT('',#14033);
#4063=VERTEX_POINT('',#14035);
#4064=VERTEX_POINT('',#14039);
#4065=VERTEX_POINT('',#14040);
#4066=VERTEX_POINT('',#14042);
#4067=VERTEX_POINT('',#14044);
#4068=VERTEX_POINT('',#14048);
#4069=VERTEX_POINT('',#14050);
#4070=VERTEX_POINT('',#14054);
#4071=VERTEX_POINT('',#14055);
#4072=VERTEX_POINT('',#14057);
#4073=VERTEX_POINT('',#14059);
#4074=VERTEX_POINT('',#14063);
#4075=VERTEX_POINT('',#14065);
#4076=VERTEX_POINT('',#14069);
#4077=VERTEX_POINT('',#14070);
#4078=VERTEX_POINT('',#14072);
#4079=VERTEX_POINT('',#14074);
#4080=VERTEX_POINT('',#14078);
#4081=VERTEX_POINT('',#14080);
#4082=VERTEX_POINT('',#14084);
#4083=VERTEX_POINT('',#14085);
#4084=VERTEX_POINT('',#14087);
#4085=VERTEX_POINT('',#14089);
#4086=VERTEX_POINT('',#14093);
#4087=VERTEX_POINT('',#14095);
#4088=VERTEX_POINT('',#14099);
#4089=VERTEX_POINT('',#14100);
#4090=VERTEX_POINT('',#14102);
#4091=VERTEX_POINT('',#14104);
#4092=VERTEX_POINT('',#14108);
#4093=VERTEX_POINT('',#14110);
#4094=VERTEX_POINT('',#14114);
#4095=VERTEX_POINT('',#14115);
#4096=VERTEX_POINT('',#14117);
#4097=VERTEX_POINT('',#14119);
#4098=VERTEX_POINT('',#14123);
#4099=VERTEX_POINT('',#14125);
#4100=VERTEX_POINT('',#14129);
#4101=VERTEX_POINT('',#14130);
#4102=VERTEX_POINT('',#14132);
#4103=VERTEX_POINT('',#14134);
#4104=VERTEX_POINT('',#14138);
#4105=VERTEX_POINT('',#14140);
#4106=VERTEX_POINT('',#14144);
#4107=VERTEX_POINT('',#14145);
#4108=VERTEX_POINT('',#14147);
#4109=VERTEX_POINT('',#14149);
#4110=VERTEX_POINT('',#14153);
#4111=VERTEX_POINT('',#14155);
#4112=VERTEX_POINT('',#14159);
#4113=VERTEX_POINT('',#14160);
#4114=VERTEX_POINT('',#14162);
#4115=VERTEX_POINT('',#14164);
#4116=VERTEX_POINT('',#14168);
#4117=VERTEX_POINT('',#14170);
#4118=VERTEX_POINT('',#14174);
#4119=VERTEX_POINT('',#14175);
#4120=VERTEX_POINT('',#14177);
#4121=VERTEX_POINT('',#14179);
#4122=VERTEX_POINT('',#14183);
#4123=VERTEX_POINT('',#14185);
#4124=VERTEX_POINT('',#14189);
#4125=VERTEX_POINT('',#14190);
#4126=VERTEX_POINT('',#14192);
#4127=VERTEX_POINT('',#14194);
#4128=VERTEX_POINT('',#14198);
#4129=VERTEX_POINT('',#14200);
#4130=VERTEX_POINT('',#14204);
#4131=VERTEX_POINT('',#14205);
#4132=VERTEX_POINT('',#14207);
#4133=VERTEX_POINT('',#14209);
#4134=VERTEX_POINT('',#14213);
#4135=VERTEX_POINT('',#14215);
#4136=VERTEX_POINT('',#14219);
#4137=VERTEX_POINT('',#14220);
#4138=VERTEX_POINT('',#14222);
#4139=VERTEX_POINT('',#14224);
#4140=VERTEX_POINT('',#14228);
#4141=VERTEX_POINT('',#14230);
#4142=VERTEX_POINT('',#14234);
#4143=VERTEX_POINT('',#14235);
#4144=VERTEX_POINT('',#14237);
#4145=VERTEX_POINT('',#14239);
#4146=VERTEX_POINT('',#14243);
#4147=VERTEX_POINT('',#14245);
#4148=VERTEX_POINT('',#14249);
#4149=VERTEX_POINT('',#14250);
#4150=VERTEX_POINT('',#14252);
#4151=VERTEX_POINT('',#14254);
#4152=VERTEX_POINT('',#14258);
#4153=VERTEX_POINT('',#14260);
#4154=VERTEX_POINT('',#14264);
#4155=VERTEX_POINT('',#14265);
#4156=VERTEX_POINT('',#14267);
#4157=VERTEX_POINT('',#14269);
#4158=VERTEX_POINT('',#14273);
#4159=VERTEX_POINT('',#14275);
#4160=VERTEX_POINT('',#14279);
#4161=VERTEX_POINT('',#14280);
#4162=VERTEX_POINT('',#14282);
#4163=VERTEX_POINT('',#14284);
#4164=VERTEX_POINT('',#14288);
#4165=VERTEX_POINT('',#14290);
#4166=VERTEX_POINT('',#14294);
#4167=VERTEX_POINT('',#14295);
#4168=VERTEX_POINT('',#14297);
#4169=VERTEX_POINT('',#14299);
#4170=VERTEX_POINT('',#14303);
#4171=VERTEX_POINT('',#14305);
#4172=VERTEX_POINT('',#14309);
#4173=VERTEX_POINT('',#14310);
#4174=VERTEX_POINT('',#14312);
#4175=VERTEX_POINT('',#14314);
#4176=VERTEX_POINT('',#14318);
#4177=VERTEX_POINT('',#14320);
#4178=VERTEX_POINT('',#14324);
#4179=VERTEX_POINT('',#14325);
#4180=VERTEX_POINT('',#14327);
#4181=VERTEX_POINT('',#14329);
#4182=VERTEX_POINT('',#14333);
#4183=VERTEX_POINT('',#14335);
#4184=VERTEX_POINT('',#14339);
#4185=VERTEX_POINT('',#14340);
#4186=VERTEX_POINT('',#14342);
#4187=VERTEX_POINT('',#14344);
#4188=VERTEX_POINT('',#14348);
#4189=VERTEX_POINT('',#14350);
#4190=VERTEX_POINT('',#14354);
#4191=VERTEX_POINT('',#14355);
#4192=VERTEX_POINT('',#14357);
#4193=VERTEX_POINT('',#14359);
#4194=VERTEX_POINT('',#14363);
#4195=VERTEX_POINT('',#14365);
#4196=VERTEX_POINT('',#14369);
#4197=VERTEX_POINT('',#14370);
#4198=VERTEX_POINT('',#14372);
#4199=VERTEX_POINT('',#14374);
#4200=VERTEX_POINT('',#14378);
#4201=VERTEX_POINT('',#14380);
#4202=VERTEX_POINT('',#14384);
#4203=VERTEX_POINT('',#14385);
#4204=VERTEX_POINT('',#14387);
#4205=VERTEX_POINT('',#14389);
#4206=VERTEX_POINT('',#14393);
#4207=VERTEX_POINT('',#14395);
#4208=VERTEX_POINT('',#14399);
#4209=VERTEX_POINT('',#14400);
#4210=VERTEX_POINT('',#14402);
#4211=VERTEX_POINT('',#14404);
#4212=VERTEX_POINT('',#14408);
#4213=VERTEX_POINT('',#14410);
#4214=VERTEX_POINT('',#14414);
#4215=VERTEX_POINT('',#14415);
#4216=VERTEX_POINT('',#14417);
#4217=VERTEX_POINT('',#14419);
#4218=VERTEX_POINT('',#14423);
#4219=VERTEX_POINT('',#14425);
#4220=VERTEX_POINT('',#14429);
#4221=VERTEX_POINT('',#14430);
#4222=VERTEX_POINT('',#14432);
#4223=VERTEX_POINT('',#14434);
#4224=VERTEX_POINT('',#14438);
#4225=VERTEX_POINT('',#14440);
#4226=VERTEX_POINT('',#14444);
#4227=VERTEX_POINT('',#14445);
#4228=VERTEX_POINT('',#14447);
#4229=VERTEX_POINT('',#14449);
#4230=VERTEX_POINT('',#14453);
#4231=VERTEX_POINT('',#14455);
#4232=VERTEX_POINT('',#14459);
#4233=VERTEX_POINT('',#14460);
#4234=VERTEX_POINT('',#14462);
#4235=VERTEX_POINT('',#14464);
#4236=VERTEX_POINT('',#14468);
#4237=VERTEX_POINT('',#14470);
#4238=VERTEX_POINT('',#14474);
#4239=VERTEX_POINT('',#14475);
#4240=VERTEX_POINT('',#14477);
#4241=VERTEX_POINT('',#14479);
#4242=VERTEX_POINT('',#14483);
#4243=VERTEX_POINT('',#14485);
#4244=VERTEX_POINT('',#14489);
#4245=VERTEX_POINT('',#14490);
#4246=VERTEX_POINT('',#14492);
#4247=VERTEX_POINT('',#14494);
#4248=VERTEX_POINT('',#14498);
#4249=VERTEX_POINT('',#14500);
#4250=VERTEX_POINT('',#14504);
#4251=VERTEX_POINT('',#14505);
#4252=VERTEX_POINT('',#14507);
#4253=VERTEX_POINT('',#14509);
#4254=VERTEX_POINT('',#14513);
#4255=VERTEX_POINT('',#14515);
#4256=VERTEX_POINT('',#14519);
#4257=VERTEX_POINT('',#14520);
#4258=VERTEX_POINT('',#14522);
#4259=VERTEX_POINT('',#14524);
#4260=VERTEX_POINT('',#14528);
#4261=VERTEX_POINT('',#14530);
#4262=VERTEX_POINT('',#14534);
#4263=VERTEX_POINT('',#14535);
#4264=VERTEX_POINT('',#14537);
#4265=VERTEX_POINT('',#14539);
#4266=VERTEX_POINT('',#14543);
#4267=VERTEX_POINT('',#14545);
#4268=VERTEX_POINT('',#14549);
#4269=VERTEX_POINT('',#14550);
#4270=VERTEX_POINT('',#14552);
#4271=VERTEX_POINT('',#14554);
#4272=VERTEX_POINT('',#14558);
#4273=VERTEX_POINT('',#14560);
#4274=VERTEX_POINT('',#14564);
#4275=VERTEX_POINT('',#14565);
#4276=VERTEX_POINT('',#14567);
#4277=VERTEX_POINT('',#14569);
#4278=VERTEX_POINT('',#14573);
#4279=VERTEX_POINT('',#14575);
#4280=VERTEX_POINT('',#14579);
#4281=VERTEX_POINT('',#14580);
#4282=VERTEX_POINT('',#14582);
#4283=VERTEX_POINT('',#14584);
#4284=VERTEX_POINT('',#14588);
#4285=VERTEX_POINT('',#14590);
#4286=VERTEX_POINT('',#14594);
#4287=VERTEX_POINT('',#14595);
#4288=VERTEX_POINT('',#14597);
#4289=VERTEX_POINT('',#14599);
#4290=VERTEX_POINT('',#14603);
#4291=VERTEX_POINT('',#14605);
#4292=VERTEX_POINT('',#14609);
#4293=VERTEX_POINT('',#14610);
#4294=VERTEX_POINT('',#14612);
#4295=VERTEX_POINT('',#14614);
#4296=VERTEX_POINT('',#14618);
#4297=VERTEX_POINT('',#14620);
#4298=VERTEX_POINT('',#14624);
#4299=VERTEX_POINT('',#14625);
#4300=VERTEX_POINT('',#14627);
#4301=VERTEX_POINT('',#14629);
#4302=VERTEX_POINT('',#14633);
#4303=VERTEX_POINT('',#14635);
#4304=VERTEX_POINT('',#14639);
#4305=VERTEX_POINT('',#14640);
#4306=VERTEX_POINT('',#14642);
#4307=VERTEX_POINT('',#14644);
#4308=VERTEX_POINT('',#14648);
#4309=VERTEX_POINT('',#14650);
#4310=VERTEX_POINT('',#14654);
#4311=VERTEX_POINT('',#14655);
#4312=VERTEX_POINT('',#14657);
#4313=VERTEX_POINT('',#14659);
#4314=VERTEX_POINT('',#14663);
#4315=VERTEX_POINT('',#14665);
#4316=VERTEX_POINT('',#14669);
#4317=VERTEX_POINT('',#14670);
#4318=VERTEX_POINT('',#14672);
#4319=VERTEX_POINT('',#14674);
#4320=VERTEX_POINT('',#14678);
#4321=VERTEX_POINT('',#14680);
#4322=VERTEX_POINT('',#14684);
#4323=VERTEX_POINT('',#14685);
#4324=VERTEX_POINT('',#14687);
#4325=VERTEX_POINT('',#14689);
#4326=VERTEX_POINT('',#14693);
#4327=VERTEX_POINT('',#14695);
#4328=VERTEX_POINT('',#14699);
#4329=VERTEX_POINT('',#14700);
#4330=VERTEX_POINT('',#14702);
#4331=VERTEX_POINT('',#14704);
#4332=VERTEX_POINT('',#14708);
#4333=VERTEX_POINT('',#14710);
#4334=VERTEX_POINT('',#14714);
#4335=VERTEX_POINT('',#14715);
#4336=VERTEX_POINT('',#14717);
#4337=VERTEX_POINT('',#14719);
#4338=VERTEX_POINT('',#14723);
#4339=VERTEX_POINT('',#14725);
#4340=VERTEX_POINT('',#14729);
#4341=VERTEX_POINT('',#14730);
#4342=VERTEX_POINT('',#14732);
#4343=VERTEX_POINT('',#14734);
#4344=VERTEX_POINT('',#14738);
#4345=VERTEX_POINT('',#14740);
#4346=VERTEX_POINT('',#14744);
#4347=VERTEX_POINT('',#14745);
#4348=VERTEX_POINT('',#14747);
#4349=VERTEX_POINT('',#14749);
#4350=VERTEX_POINT('',#14753);
#4351=VERTEX_POINT('',#14755);
#4352=VERTEX_POINT('',#14759);
#4353=VERTEX_POINT('',#14760);
#4354=VERTEX_POINT('',#14762);
#4355=VERTEX_POINT('',#14764);
#4356=VERTEX_POINT('',#14768);
#4357=VERTEX_POINT('',#14770);
#4358=VERTEX_POINT('',#14774);
#4359=VERTEX_POINT('',#14775);
#4360=VERTEX_POINT('',#14777);
#4361=VERTEX_POINT('',#14779);
#4362=VERTEX_POINT('',#14783);
#4363=VERTEX_POINT('',#14785);
#4364=VERTEX_POINT('',#14789);
#4365=VERTEX_POINT('',#14790);
#4366=VERTEX_POINT('',#14792);
#4367=VERTEX_POINT('',#14794);
#4368=VERTEX_POINT('',#14798);
#4369=VERTEX_POINT('',#14800);
#4370=VERTEX_POINT('',#14804);
#4371=VERTEX_POINT('',#14805);
#4372=VERTEX_POINT('',#14807);
#4373=VERTEX_POINT('',#14809);
#4374=VERTEX_POINT('',#14813);
#4375=VERTEX_POINT('',#14815);
#4376=VERTEX_POINT('',#14819);
#4377=VERTEX_POINT('',#14820);
#4378=VERTEX_POINT('',#14822);
#4379=VERTEX_POINT('',#14824);
#4380=VERTEX_POINT('',#14828);
#4381=VERTEX_POINT('',#14830);
#4382=VERTEX_POINT('',#14834);
#4383=VERTEX_POINT('',#14835);
#4384=VERTEX_POINT('',#14837);
#4385=VERTEX_POINT('',#14839);
#4386=VERTEX_POINT('',#14843);
#4387=VERTEX_POINT('',#14845);
#4388=VERTEX_POINT('',#14849);
#4389=VERTEX_POINT('',#14850);
#4390=VERTEX_POINT('',#14852);
#4391=VERTEX_POINT('',#14854);
#4392=VERTEX_POINT('',#14858);
#4393=VERTEX_POINT('',#14860);
#4394=VERTEX_POINT('',#14864);
#4395=VERTEX_POINT('',#14865);
#4396=VERTEX_POINT('',#14867);
#4397=VERTEX_POINT('',#14869);
#4398=VERTEX_POINT('',#14873);
#4399=VERTEX_POINT('',#14875);
#4400=VERTEX_POINT('',#14879);
#4401=VERTEX_POINT('',#14880);
#4402=VERTEX_POINT('',#14882);
#4403=VERTEX_POINT('',#14884);
#4404=VERTEX_POINT('',#14888);
#4405=VERTEX_POINT('',#14890);
#4406=VERTEX_POINT('',#15042);
#4407=VERTEX_POINT('',#15044);
#4408=VERTEX_POINT('',#15046);
#4409=VERTEX_POINT('',#15050);
#4410=VERTEX_POINT('',#15350);
#4411=VERTEX_POINT('',#15351);
#4412=VERTEX_POINT('',#15359);
#4413=EDGE_CURVE('',#3505,#3506,#3199,.T.);
#4414=EDGE_CURVE('',#3507,#3505,#1087,.T.);
#4415=EDGE_CURVE('',#3506,#3507,#3200,.T.);
#4416=EDGE_CURVE('',#3508,#3508,#3201,.T.);
#4417=EDGE_CURVE('',#3509,#3509,#3202,.T.);
#4418=EDGE_CURVE('',#3505,#3510,#1088,.T.);
#4419=EDGE_CURVE('',#3510,#3511,#1089,.T.);
#4420=EDGE_CURVE('',#3507,#3511,#1090,.T.);
#4421=EDGE_CURVE('',#3509,#3506,#1091,.T.);
#4422=EDGE_CURVE('',#3511,#3510,#3203,.T.);
#4423=EDGE_CURVE('',#3512,#3513,#1092,.T.);
#4424=EDGE_CURVE('',#3514,#3512,#1093,.T.);
#4425=EDGE_CURVE('',#3515,#3514,#1094,.T.);
#4426=EDGE_CURVE('',#3515,#3513,#1095,.T.);
#4427=EDGE_CURVE('',#3513,#3516,#1096,.T.);
#4428=EDGE_CURVE('',#3517,#3515,#1097,.T.);
#4429=EDGE_CURVE('',#3516,#3517,#1098,.T.);
#4430=EDGE_CURVE('',#3518,#3519,#1099,.T.);
#4431=EDGE_CURVE('',#3520,#3518,#1100,.T.);
#4432=EDGE_CURVE('',#3521,#3520,#1101,.T.);
#4433=EDGE_CURVE('',#3521,#3519,#1102,.T.);
#4434=EDGE_CURVE('',#3519,#3522,#1103,.T.);
#4435=EDGE_CURVE('',#3523,#3521,#1104,.T.);
#4436=EDGE_CURVE('',#3522,#3523,#1105,.T.);
#4437=EDGE_CURVE('',#3524,#3525,#1106,.T.);
#4438=EDGE_CURVE('',#3526,#3524,#1107,.T.);
#4439=EDGE_CURVE('',#3527,#3526,#1108,.T.);
#4440=EDGE_CURVE('',#3527,#3525,#1109,.T.);
#4441=EDGE_CURVE('',#3525,#3528,#1110,.T.);
#4442=EDGE_CURVE('',#3529,#3527,#1111,.T.);
#4443=EDGE_CURVE('',#3528,#3529,#1112,.T.);
#4444=EDGE_CURVE('',#3530,#3531,#1113,.T.);
#4445=EDGE_CURVE('',#3532,#3530,#1114,.T.);
#4446=EDGE_CURVE('',#3533,#3532,#1115,.T.);
#4447=EDGE_CURVE('',#3533,#3531,#1116,.T.);
#4448=EDGE_CURVE('',#3531,#3534,#1117,.T.);
#4449=EDGE_CURVE('',#3535,#3533,#1118,.T.);
#4450=EDGE_CURVE('',#3534,#3535,#1119,.T.);
#4451=EDGE_CURVE('',#3536,#3537,#1120,.T.);
#4452=EDGE_CURVE('',#3538,#3536,#1121,.T.);
#4453=EDGE_CURVE('',#3539,#3538,#1122,.T.);
#4454=EDGE_CURVE('',#3539,#3537,#1123,.T.);
#4455=EDGE_CURVE('',#3537,#3540,#1124,.T.);
#4456=EDGE_CURVE('',#3541,#3539,#1125,.T.);
#4457=EDGE_CURVE('',#3540,#3541,#1126,.T.);
#4458=EDGE_CURVE('',#3542,#3543,#1127,.T.);
#4459=EDGE_CURVE('',#3544,#3542,#1128,.T.);
#4460=EDGE_CURVE('',#3545,#3544,#1129,.T.);
#4461=EDGE_CURVE('',#3545,#3543,#1130,.T.);
#4462=EDGE_CURVE('',#3543,#3546,#1131,.T.);
#4463=EDGE_CURVE('',#3547,#3545,#1132,.T.);
#4464=EDGE_CURVE('',#3546,#3547,#1133,.T.);
#4465=EDGE_CURVE('',#3548,#3549,#1134,.T.);
#4466=EDGE_CURVE('',#3550,#3548,#1135,.T.);
#4467=EDGE_CURVE('',#3551,#3550,#1136,.T.);
#4468=EDGE_CURVE('',#3551,#3549,#1137,.T.);
#4469=EDGE_CURVE('',#3549,#3552,#1138,.T.);
#4470=EDGE_CURVE('',#3553,#3551,#1139,.T.);
#4471=EDGE_CURVE('',#3552,#3553,#1140,.T.);
#4472=EDGE_CURVE('',#3554,#3555,#1141,.T.);
#4473=EDGE_CURVE('',#3556,#3554,#1142,.T.);
#4474=EDGE_CURVE('',#3557,#3556,#1143,.T.);
#4475=EDGE_CURVE('',#3557,#3555,#1144,.T.);
#4476=EDGE_CURVE('',#3555,#3558,#1145,.T.);
#4477=EDGE_CURVE('',#3559,#3557,#1146,.T.);
#4478=EDGE_CURVE('',#3558,#3559,#1147,.T.);
#4479=EDGE_CURVE('',#3560,#3561,#1148,.T.);
#4480=EDGE_CURVE('',#3562,#3560,#1149,.T.);
#4481=EDGE_CURVE('',#3563,#3562,#1150,.T.);
#4482=EDGE_CURVE('',#3563,#3561,#1151,.T.);
#4483=EDGE_CURVE('',#3561,#3564,#1152,.T.);
#4484=EDGE_CURVE('',#3565,#3563,#1153,.T.);
#4485=EDGE_CURVE('',#3564,#3565,#1154,.T.);
#4486=EDGE_CURVE('',#3566,#3567,#1155,.T.);
#4487=EDGE_CURVE('',#3568,#3566,#1156,.T.);
#4488=EDGE_CURVE('',#3569,#3568,#1157,.T.);
#4489=EDGE_CURVE('',#3569,#3567,#1158,.T.);
#4490=EDGE_CURVE('',#3567,#3570,#1159,.T.);
#4491=EDGE_CURVE('',#3571,#3569,#1160,.T.);
#4492=EDGE_CURVE('',#3570,#3571,#1161,.T.);
#4493=EDGE_CURVE('',#3572,#3573,#1162,.T.);
#4494=EDGE_CURVE('',#3574,#3572,#1163,.T.);
#4495=EDGE_CURVE('',#3575,#3574,#1164,.T.);
#4496=EDGE_CURVE('',#3575,#3573,#1165,.T.);
#4497=EDGE_CURVE('',#3573,#3576,#1166,.T.);
#4498=EDGE_CURVE('',#3577,#3575,#1167,.T.);
#4499=EDGE_CURVE('',#3576,#3577,#1168,.T.);
#4500=EDGE_CURVE('',#3578,#3579,#1169,.T.);
#4501=EDGE_CURVE('',#3580,#3578,#1170,.T.);
#4502=EDGE_CURVE('',#3581,#3580,#1171,.T.);
#4503=EDGE_CURVE('',#3581,#3579,#1172,.T.);
#4504=EDGE_CURVE('',#3579,#3582,#1173,.T.);
#4505=EDGE_CURVE('',#3583,#3581,#1174,.T.);
#4506=EDGE_CURVE('',#3582,#3583,#1175,.T.);
#4507=EDGE_CURVE('',#3584,#3585,#1176,.T.);
#4508=EDGE_CURVE('',#3586,#3584,#1177,.T.);
#4509=EDGE_CURVE('',#3587,#3586,#1178,.T.);
#4510=EDGE_CURVE('',#3587,#3585,#1179,.T.);
#4511=EDGE_CURVE('',#3585,#3588,#1180,.T.);
#4512=EDGE_CURVE('',#3589,#3587,#1181,.T.);
#4513=EDGE_CURVE('',#3588,#3589,#1182,.T.);
#4514=EDGE_CURVE('',#3590,#3591,#1183,.T.);
#4515=EDGE_CURVE('',#3592,#3590,#1184,.T.);
#4516=EDGE_CURVE('',#3593,#3592,#1185,.T.);
#4517=EDGE_CURVE('',#3593,#3591,#1186,.T.);
#4518=EDGE_CURVE('',#3591,#3594,#1187,.T.);
#4519=EDGE_CURVE('',#3595,#3593,#1188,.T.);
#4520=EDGE_CURVE('',#3594,#3595,#1189,.T.);
#4521=EDGE_CURVE('',#3596,#3597,#1190,.T.);
#4522=EDGE_CURVE('',#3598,#3596,#1191,.T.);
#4523=EDGE_CURVE('',#3599,#3598,#1192,.T.);
#4524=EDGE_CURVE('',#3599,#3597,#1193,.T.);
#4525=EDGE_CURVE('',#3597,#3600,#1194,.T.);
#4526=EDGE_CURVE('',#3601,#3599,#1195,.T.);
#4527=EDGE_CURVE('',#3600,#3601,#1196,.T.);
#4528=EDGE_CURVE('',#3602,#3603,#1197,.T.);
#4529=EDGE_CURVE('',#3604,#3602,#1198,.T.);
#4530=EDGE_CURVE('',#3605,#3604,#1199,.T.);
#4531=EDGE_CURVE('',#3605,#3603,#1200,.T.);
#4532=EDGE_CURVE('',#3603,#3606,#1201,.T.);
#4533=EDGE_CURVE('',#3607,#3605,#1202,.T.);
#4534=EDGE_CURVE('',#3606,#3607,#1203,.T.);
#4535=EDGE_CURVE('',#3608,#3609,#1204,.T.);
#4536=EDGE_CURVE('',#3610,#3608,#1205,.T.);
#4537=EDGE_CURVE('',#3611,#3610,#1206,.T.);
#4538=EDGE_CURVE('',#3611,#3609,#1207,.T.);
#4539=EDGE_CURVE('',#3609,#3612,#1208,.T.);
#4540=EDGE_CURVE('',#3613,#3611,#1209,.T.);
#4541=EDGE_CURVE('',#3612,#3613,#1210,.T.);
#4542=EDGE_CURVE('',#3614,#3615,#1211,.T.);
#4543=EDGE_CURVE('',#3616,#3614,#1212,.T.);
#4544=EDGE_CURVE('',#3617,#3616,#1213,.T.);
#4545=EDGE_CURVE('',#3617,#3615,#1214,.T.);
#4546=EDGE_CURVE('',#3615,#3618,#1215,.T.);
#4547=EDGE_CURVE('',#3619,#3617,#1216,.T.);
#4548=EDGE_CURVE('',#3618,#3619,#1217,.T.);
#4549=EDGE_CURVE('',#3620,#3621,#1218,.T.);
#4550=EDGE_CURVE('',#3622,#3620,#1219,.T.);
#4551=EDGE_CURVE('',#3623,#3622,#1220,.T.);
#4552=EDGE_CURVE('',#3623,#3621,#1221,.T.);
#4553=EDGE_CURVE('',#3621,#3624,#1222,.T.);
#4554=EDGE_CURVE('',#3625,#3623,#1223,.T.);
#4555=EDGE_CURVE('',#3624,#3625,#1224,.T.);
#4556=EDGE_CURVE('',#3626,#3627,#1225,.T.);
#4557=EDGE_CURVE('',#3628,#3626,#1226,.T.);
#4558=EDGE_CURVE('',#3629,#3628,#1227,.T.);
#4559=EDGE_CURVE('',#3629,#3627,#1228,.T.);
#4560=EDGE_CURVE('',#3627,#3630,#1229,.T.);
#4561=EDGE_CURVE('',#3631,#3629,#1230,.T.);
#4562=EDGE_CURVE('',#3630,#3631,#1231,.T.);
#4563=EDGE_CURVE('',#3632,#3633,#1232,.T.);
#4564=EDGE_CURVE('',#3634,#3632,#1233,.T.);
#4565=EDGE_CURVE('',#3635,#3634,#1234,.T.);
#4566=EDGE_CURVE('',#3635,#3633,#1235,.T.);
#4567=EDGE_CURVE('',#3633,#3636,#1236,.T.);
#4568=EDGE_CURVE('',#3637,#3635,#1237,.T.);
#4569=EDGE_CURVE('',#3636,#3637,#1238,.T.);
#4570=EDGE_CURVE('',#3638,#3639,#1239,.T.);
#4571=EDGE_CURVE('',#3640,#3638,#1240,.T.);
#4572=EDGE_CURVE('',#3641,#3640,#1241,.T.);
#4573=EDGE_CURVE('',#3641,#3639,#1242,.T.);
#4574=EDGE_CURVE('',#3639,#3642,#1243,.T.);
#4575=EDGE_CURVE('',#3643,#3641,#1244,.T.);
#4576=EDGE_CURVE('',#3642,#3643,#1245,.T.);
#4577=EDGE_CURVE('',#3644,#3645,#1246,.T.);
#4578=EDGE_CURVE('',#3646,#3644,#1247,.T.);
#4579=EDGE_CURVE('',#3647,#3646,#1248,.T.);
#4580=EDGE_CURVE('',#3647,#3645,#1249,.T.);
#4581=EDGE_CURVE('',#3645,#3648,#1250,.T.);
#4582=EDGE_CURVE('',#3649,#3647,#1251,.T.);
#4583=EDGE_CURVE('',#3648,#3649,#1252,.T.);
#4584=EDGE_CURVE('',#3650,#3651,#1253,.T.);
#4585=EDGE_CURVE('',#3652,#3650,#1254,.T.);
#4586=EDGE_CURVE('',#3653,#3652,#1255,.T.);
#4587=EDGE_CURVE('',#3653,#3651,#1256,.T.);
#4588=EDGE_CURVE('',#3651,#3654,#1257,.T.);
#4589=EDGE_CURVE('',#3655,#3653,#1258,.T.);
#4590=EDGE_CURVE('',#3654,#3655,#1259,.T.);
#4591=EDGE_CURVE('',#3656,#3657,#1260,.T.);
#4592=EDGE_CURVE('',#3658,#3656,#1261,.T.);
#4593=EDGE_CURVE('',#3659,#3658,#1262,.T.);
#4594=EDGE_CURVE('',#3659,#3657,#1263,.T.);
#4595=EDGE_CURVE('',#3657,#3660,#1264,.T.);
#4596=EDGE_CURVE('',#3661,#3659,#1265,.T.);
#4597=EDGE_CURVE('',#3660,#3661,#1266,.T.);
#4598=EDGE_CURVE('',#3662,#3663,#1267,.T.);
#4599=EDGE_CURVE('',#3664,#3662,#1268,.T.);
#4600=EDGE_CURVE('',#3665,#3664,#1269,.T.);
#4601=EDGE_CURVE('',#3665,#3663,#1270,.T.);
#4602=EDGE_CURVE('',#3663,#3666,#1271,.T.);
#4603=EDGE_CURVE('',#3667,#3665,#1272,.T.);
#4604=EDGE_CURVE('',#3666,#3667,#1273,.T.);
#4605=EDGE_CURVE('',#3668,#3669,#1274,.T.);
#4606=EDGE_CURVE('',#3670,#3668,#1275,.T.);
#4607=EDGE_CURVE('',#3671,#3670,#1276,.T.);
#4608=EDGE_CURVE('',#3671,#3669,#1277,.T.);
#4609=EDGE_CURVE('',#3669,#3672,#1278,.T.);
#4610=EDGE_CURVE('',#3673,#3671,#1279,.T.);
#4611=EDGE_CURVE('',#3672,#3673,#1280,.T.);
#4612=EDGE_CURVE('',#3674,#3675,#1281,.T.);
#4613=EDGE_CURVE('',#3676,#3674,#1282,.T.);
#4614=EDGE_CURVE('',#3677,#3676,#1283,.T.);
#4615=EDGE_CURVE('',#3677,#3675,#1284,.T.);
#4616=EDGE_CURVE('',#3675,#3678,#1285,.T.);
#4617=EDGE_CURVE('',#3679,#3677,#1286,.T.);
#4618=EDGE_CURVE('',#3678,#3679,#1287,.T.);
#4619=EDGE_CURVE('',#3680,#3681,#1288,.T.);
#4620=EDGE_CURVE('',#3682,#3680,#1289,.T.);
#4621=EDGE_CURVE('',#3683,#3682,#1290,.T.);
#4622=EDGE_CURVE('',#3683,#3681,#1291,.T.);
#4623=EDGE_CURVE('',#3681,#3684,#1292,.T.);
#4624=EDGE_CURVE('',#3685,#3683,#1293,.T.);
#4625=EDGE_CURVE('',#3684,#3685,#1294,.T.);
#4626=EDGE_CURVE('',#3686,#3687,#1295,.T.);
#4627=EDGE_CURVE('',#3688,#3686,#1296,.T.);
#4628=EDGE_CURVE('',#3689,#3688,#1297,.T.);
#4629=EDGE_CURVE('',#3689,#3687,#1298,.T.);
#4630=EDGE_CURVE('',#3687,#3690,#1299,.T.);
#4631=EDGE_CURVE('',#3691,#3689,#1300,.T.);
#4632=EDGE_CURVE('',#3690,#3691,#1301,.T.);
#4633=EDGE_CURVE('',#3692,#3693,#1302,.T.);
#4634=EDGE_CURVE('',#3694,#3692,#1303,.T.);
#4635=EDGE_CURVE('',#3695,#3694,#1304,.T.);
#4636=EDGE_CURVE('',#3695,#3693,#1305,.T.);
#4637=EDGE_CURVE('',#3693,#3696,#1306,.T.);
#4638=EDGE_CURVE('',#3697,#3695,#1307,.T.);
#4639=EDGE_CURVE('',#3696,#3697,#1308,.T.);
#4640=EDGE_CURVE('',#3698,#3699,#1309,.T.);
#4641=EDGE_CURVE('',#3700,#3698,#1310,.T.);
#4642=EDGE_CURVE('',#3701,#3700,#1311,.T.);
#4643=EDGE_CURVE('',#3701,#3699,#1312,.T.);
#4644=EDGE_CURVE('',#3699,#3702,#1313,.T.);
#4645=EDGE_CURVE('',#3703,#3701,#1314,.T.);
#4646=EDGE_CURVE('',#3702,#3703,#1315,.T.);
#4647=EDGE_CURVE('',#3704,#3705,#1316,.T.);
#4648=EDGE_CURVE('',#3706,#3704,#1317,.T.);
#4649=EDGE_CURVE('',#3707,#3706,#1318,.T.);
#4650=EDGE_CURVE('',#3707,#3705,#1319,.T.);
#4651=EDGE_CURVE('',#3705,#3708,#1320,.T.);
#4652=EDGE_CURVE('',#3709,#3707,#1321,.T.);
#4653=EDGE_CURVE('',#3708,#3709,#1322,.T.);
#4654=EDGE_CURVE('',#3710,#3711,#1323,.T.);
#4655=EDGE_CURVE('',#3712,#3710,#1324,.T.);
#4656=EDGE_CURVE('',#3713,#3712,#1325,.T.);
#4657=EDGE_CURVE('',#3713,#3711,#1326,.T.);
#4658=EDGE_CURVE('',#3711,#3714,#1327,.T.);
#4659=EDGE_CURVE('',#3715,#3713,#1328,.T.);
#4660=EDGE_CURVE('',#3714,#3715,#1329,.T.);
#4661=EDGE_CURVE('',#3716,#3717,#1330,.T.);
#4662=EDGE_CURVE('',#3718,#3716,#1331,.T.);
#4663=EDGE_CURVE('',#3719,#3718,#1332,.T.);
#4664=EDGE_CURVE('',#3719,#3717,#1333,.T.);
#4665=EDGE_CURVE('',#3717,#3720,#1334,.T.);
#4666=EDGE_CURVE('',#3721,#3719,#1335,.T.);
#4667=EDGE_CURVE('',#3720,#3721,#1336,.T.);
#4668=EDGE_CURVE('',#3722,#3723,#1337,.T.);
#4669=EDGE_CURVE('',#3724,#3722,#1338,.T.);
#4670=EDGE_CURVE('',#3725,#3724,#1339,.T.);
#4671=EDGE_CURVE('',#3725,#3723,#1340,.T.);
#4672=EDGE_CURVE('',#3723,#3726,#1341,.T.);
#4673=EDGE_CURVE('',#3727,#3725,#1342,.T.);
#4674=EDGE_CURVE('',#3726,#3727,#1343,.T.);
#4675=EDGE_CURVE('',#3728,#3729,#1344,.T.);
#4676=EDGE_CURVE('',#3730,#3728,#1345,.T.);
#4677=EDGE_CURVE('',#3731,#3730,#1346,.T.);
#4678=EDGE_CURVE('',#3731,#3729,#1347,.T.);
#4679=EDGE_CURVE('',#3729,#3732,#1348,.T.);
#4680=EDGE_CURVE('',#3733,#3731,#1349,.T.);
#4681=EDGE_CURVE('',#3732,#3733,#1350,.T.);
#4682=EDGE_CURVE('',#3734,#3735,#1351,.T.);
#4683=EDGE_CURVE('',#3736,#3734,#1352,.T.);
#4684=EDGE_CURVE('',#3737,#3736,#1353,.T.);
#4685=EDGE_CURVE('',#3737,#3735,#1354,.T.);
#4686=EDGE_CURVE('',#3735,#3738,#1355,.T.);
#4687=EDGE_CURVE('',#3739,#3737,#1356,.T.);
#4688=EDGE_CURVE('',#3738,#3739,#1357,.T.);
#4689=EDGE_CURVE('',#3740,#3741,#1358,.T.);
#4690=EDGE_CURVE('',#3742,#3740,#1359,.T.);
#4691=EDGE_CURVE('',#3743,#3742,#1360,.T.);
#4692=EDGE_CURVE('',#3743,#3741,#1361,.T.);
#4693=EDGE_CURVE('',#3741,#3744,#1362,.T.);
#4694=EDGE_CURVE('',#3745,#3743,#1363,.T.);
#4695=EDGE_CURVE('',#3744,#3745,#1364,.T.);
#4696=EDGE_CURVE('',#3746,#3747,#1365,.T.);
#4697=EDGE_CURVE('',#3748,#3746,#1366,.T.);
#4698=EDGE_CURVE('',#3749,#3748,#1367,.T.);
#4699=EDGE_CURVE('',#3749,#3747,#1368,.T.);
#4700=EDGE_CURVE('',#3747,#3750,#1369,.T.);
#4701=EDGE_CURVE('',#3751,#3749,#1370,.T.);
#4702=EDGE_CURVE('',#3750,#3751,#1371,.T.);
#4703=EDGE_CURVE('',#3752,#3753,#1372,.T.);
#4704=EDGE_CURVE('',#3754,#3752,#1373,.T.);
#4705=EDGE_CURVE('',#3755,#3754,#1374,.T.);
#4706=EDGE_CURVE('',#3755,#3753,#1375,.T.);
#4707=EDGE_CURVE('',#3753,#3756,#1376,.T.);
#4708=EDGE_CURVE('',#3757,#3755,#1377,.T.);
#4709=EDGE_CURVE('',#3756,#3757,#1378,.T.);
#4710=EDGE_CURVE('',#3758,#3759,#1379,.T.);
#4711=EDGE_CURVE('',#3760,#3758,#1380,.T.);
#4712=EDGE_CURVE('',#3761,#3760,#1381,.T.);
#4713=EDGE_CURVE('',#3761,#3759,#1382,.T.);
#4714=EDGE_CURVE('',#3759,#3762,#1383,.T.);
#4715=EDGE_CURVE('',#3763,#3761,#1384,.T.);
#4716=EDGE_CURVE('',#3762,#3763,#1385,.T.);
#4717=EDGE_CURVE('',#3764,#3765,#1386,.T.);
#4718=EDGE_CURVE('',#3766,#3764,#1387,.T.);
#4719=EDGE_CURVE('',#3767,#3766,#1388,.T.);
#4720=EDGE_CURVE('',#3767,#3765,#1389,.T.);
#4721=EDGE_CURVE('',#3765,#3768,#1390,.T.);
#4722=EDGE_CURVE('',#3769,#3767,#1391,.T.);
#4723=EDGE_CURVE('',#3768,#3769,#1392,.T.);
#4724=EDGE_CURVE('',#3770,#3771,#1393,.T.);
#4725=EDGE_CURVE('',#3772,#3770,#1394,.T.);
#4726=EDGE_CURVE('',#3773,#3772,#1395,.T.);
#4727=EDGE_CURVE('',#3773,#3771,#1396,.T.);
#4728=EDGE_CURVE('',#3771,#3774,#1397,.T.);
#4729=EDGE_CURVE('',#3775,#3773,#1398,.T.);
#4730=EDGE_CURVE('',#3774,#3775,#1399,.T.);
#4731=EDGE_CURVE('',#3776,#3777,#1400,.T.);
#4732=EDGE_CURVE('',#3778,#3776,#1401,.T.);
#4733=EDGE_CURVE('',#3779,#3778,#1402,.T.);
#4734=EDGE_CURVE('',#3779,#3777,#1403,.T.);
#4735=EDGE_CURVE('',#3777,#3780,#1404,.T.);
#4736=EDGE_CURVE('',#3781,#3779,#1405,.T.);
#4737=EDGE_CURVE('',#3780,#3781,#1406,.T.);
#4738=EDGE_CURVE('',#3782,#3783,#1407,.T.);
#4739=EDGE_CURVE('',#3784,#3782,#1408,.T.);
#4740=EDGE_CURVE('',#3785,#3784,#1409,.T.);
#4741=EDGE_CURVE('',#3785,#3783,#1410,.T.);
#4742=EDGE_CURVE('',#3783,#3786,#1411,.T.);
#4743=EDGE_CURVE('',#3787,#3785,#1412,.T.);
#4744=EDGE_CURVE('',#3786,#3787,#1413,.T.);
#4745=EDGE_CURVE('',#3788,#3789,#1414,.T.);
#4746=EDGE_CURVE('',#3790,#3788,#1415,.T.);
#4747=EDGE_CURVE('',#3791,#3790,#1416,.T.);
#4748=EDGE_CURVE('',#3791,#3789,#1417,.T.);
#4749=EDGE_CURVE('',#3789,#3792,#1418,.T.);
#4750=EDGE_CURVE('',#3793,#3791,#1419,.T.);
#4751=EDGE_CURVE('',#3792,#3793,#1420,.T.);
#4752=EDGE_CURVE('',#3794,#3795,#1421,.T.);
#4753=EDGE_CURVE('',#3796,#3794,#1422,.T.);
#4754=EDGE_CURVE('',#3797,#3796,#1423,.T.);
#4755=EDGE_CURVE('',#3797,#3795,#1424,.T.);
#4756=EDGE_CURVE('',#3795,#3798,#1425,.T.);
#4757=EDGE_CURVE('',#3799,#3797,#1426,.T.);
#4758=EDGE_CURVE('',#3798,#3799,#1427,.T.);
#4759=EDGE_CURVE('',#3800,#3801,#1428,.T.);
#4760=EDGE_CURVE('',#3802,#3800,#1429,.T.);
#4761=EDGE_CURVE('',#3803,#3802,#1430,.T.);
#4762=EDGE_CURVE('',#3803,#3801,#1431,.T.);
#4763=EDGE_CURVE('',#3801,#3804,#1432,.T.);
#4764=EDGE_CURVE('',#3805,#3803,#1433,.T.);
#4765=EDGE_CURVE('',#3804,#3805,#1434,.T.);
#4766=EDGE_CURVE('',#3806,#3807,#1435,.T.);
#4767=EDGE_CURVE('',#3808,#3806,#1436,.T.);
#4768=EDGE_CURVE('',#3809,#3808,#1437,.T.);
#4769=EDGE_CURVE('',#3809,#3807,#1438,.T.);
#4770=EDGE_CURVE('',#3807,#3810,#1439,.T.);
#4771=EDGE_CURVE('',#3811,#3809,#1440,.T.);
#4772=EDGE_CURVE('',#3810,#3811,#1441,.T.);
#4773=EDGE_CURVE('',#3812,#3813,#1442,.T.);
#4774=EDGE_CURVE('',#3814,#3812,#1443,.T.);
#4775=EDGE_CURVE('',#3815,#3814,#1444,.T.);
#4776=EDGE_CURVE('',#3815,#3813,#1445,.T.);
#4777=EDGE_CURVE('',#3813,#3816,#1446,.T.);
#4778=EDGE_CURVE('',#3817,#3815,#1447,.T.);
#4779=EDGE_CURVE('',#3816,#3817,#1448,.T.);
#4780=EDGE_CURVE('',#3818,#3819,#1449,.T.);
#4781=EDGE_CURVE('',#3820,#3818,#1450,.T.);
#4782=EDGE_CURVE('',#3821,#3820,#1451,.T.);
#4783=EDGE_CURVE('',#3821,#3819,#1452,.T.);
#4784=EDGE_CURVE('',#3819,#3822,#1453,.T.);
#4785=EDGE_CURVE('',#3823,#3821,#1454,.T.);
#4786=EDGE_CURVE('',#3822,#3823,#1455,.T.);
#4787=EDGE_CURVE('',#3824,#3825,#1456,.T.);
#4788=EDGE_CURVE('',#3826,#3824,#1457,.T.);
#4789=EDGE_CURVE('',#3827,#3826,#1458,.T.);
#4790=EDGE_CURVE('',#3827,#3825,#1459,.T.);
#4791=EDGE_CURVE('',#3825,#3828,#1460,.T.);
#4792=EDGE_CURVE('',#3829,#3827,#1461,.T.);
#4793=EDGE_CURVE('',#3828,#3829,#1462,.T.);
#4794=EDGE_CURVE('',#3830,#3831,#1463,.T.);
#4795=EDGE_CURVE('',#3832,#3830,#1464,.T.);
#4796=EDGE_CURVE('',#3833,#3832,#1465,.T.);
#4797=EDGE_CURVE('',#3833,#3831,#1466,.T.);
#4798=EDGE_CURVE('',#3831,#3834,#1467,.T.);
#4799=EDGE_CURVE('',#3835,#3833,#1468,.T.);
#4800=EDGE_CURVE('',#3834,#3835,#1469,.T.);
#4801=EDGE_CURVE('',#3836,#3837,#1470,.T.);
#4802=EDGE_CURVE('',#3838,#3836,#1471,.T.);
#4803=EDGE_CURVE('',#3839,#3838,#1472,.T.);
#4804=EDGE_CURVE('',#3839,#3837,#1473,.T.);
#4805=EDGE_CURVE('',#3837,#3840,#1474,.T.);
#4806=EDGE_CURVE('',#3841,#3839,#1475,.T.);
#4807=EDGE_CURVE('',#3840,#3841,#1476,.T.);
#4808=EDGE_CURVE('',#3842,#3843,#1477,.T.);
#4809=EDGE_CURVE('',#3844,#3842,#1478,.T.);
#4810=EDGE_CURVE('',#3845,#3844,#1479,.T.);
#4811=EDGE_CURVE('',#3845,#3843,#1480,.T.);
#4812=EDGE_CURVE('',#3843,#3846,#1481,.T.);
#4813=EDGE_CURVE('',#3847,#3845,#1482,.T.);
#4814=EDGE_CURVE('',#3846,#3847,#1483,.T.);
#4815=EDGE_CURVE('',#3848,#3849,#1484,.T.);
#4816=EDGE_CURVE('',#3850,#3848,#1485,.T.);
#4817=EDGE_CURVE('',#3851,#3850,#1486,.T.);
#4818=EDGE_CURVE('',#3851,#3849,#1487,.T.);
#4819=EDGE_CURVE('',#3849,#3852,#1488,.T.);
#4820=EDGE_CURVE('',#3853,#3851,#1489,.T.);
#4821=EDGE_CURVE('',#3852,#3853,#1490,.T.);
#4822=EDGE_CURVE('',#3854,#3855,#1491,.T.);
#4823=EDGE_CURVE('',#3856,#3854,#1492,.T.);
#4824=EDGE_CURVE('',#3857,#3856,#1493,.T.);
#4825=EDGE_CURVE('',#3857,#3855,#1494,.T.);
#4826=EDGE_CURVE('',#3855,#3858,#1495,.T.);
#4827=EDGE_CURVE('',#3859,#3857,#1496,.T.);
#4828=EDGE_CURVE('',#3858,#3859,#1497,.T.);
#4829=EDGE_CURVE('',#3860,#3861,#1498,.T.);
#4830=EDGE_CURVE('',#3862,#3860,#1499,.T.);
#4831=EDGE_CURVE('',#3863,#3862,#1500,.T.);
#4832=EDGE_CURVE('',#3863,#3861,#1501,.T.);
#4833=EDGE_CURVE('',#3861,#3864,#1502,.T.);
#4834=EDGE_CURVE('',#3865,#3863,#1503,.T.);
#4835=EDGE_CURVE('',#3864,#3865,#1504,.T.);
#4836=EDGE_CURVE('',#3866,#3867,#1505,.T.);
#4837=EDGE_CURVE('',#3868,#3866,#1506,.T.);
#4838=EDGE_CURVE('',#3869,#3868,#1507,.T.);
#4839=EDGE_CURVE('',#3869,#3867,#1508,.T.);
#4840=EDGE_CURVE('',#3867,#3870,#1509,.T.);
#4841=EDGE_CURVE('',#3871,#3869,#1510,.T.);
#4842=EDGE_CURVE('',#3870,#3871,#1511,.T.);
#4843=EDGE_CURVE('',#3872,#3873,#1512,.T.);
#4844=EDGE_CURVE('',#3874,#3872,#1513,.T.);
#4845=EDGE_CURVE('',#3875,#3874,#1514,.T.);
#4846=EDGE_CURVE('',#3875,#3873,#1515,.T.);
#4847=EDGE_CURVE('',#3873,#3876,#1516,.T.);
#4848=EDGE_CURVE('',#3877,#3875,#1517,.T.);
#4849=EDGE_CURVE('',#3876,#3877,#1518,.T.);
#4850=EDGE_CURVE('',#3878,#3879,#1519,.T.);
#4851=EDGE_CURVE('',#3880,#3878,#1520,.T.);
#4852=EDGE_CURVE('',#3881,#3880,#1521,.T.);
#4853=EDGE_CURVE('',#3881,#3879,#1522,.T.);
#4854=EDGE_CURVE('',#3879,#3882,#1523,.T.);
#4855=EDGE_CURVE('',#3883,#3881,#1524,.T.);
#4856=EDGE_CURVE('',#3882,#3883,#1525,.T.);
#4857=EDGE_CURVE('',#3884,#3885,#1526,.T.);
#4858=EDGE_CURVE('',#3886,#3884,#1527,.T.);
#4859=EDGE_CURVE('',#3887,#3886,#1528,.T.);
#4860=EDGE_CURVE('',#3887,#3885,#1529,.T.);
#4861=EDGE_CURVE('',#3885,#3888,#1530,.T.);
#4862=EDGE_CURVE('',#3889,#3887,#1531,.T.);
#4863=EDGE_CURVE('',#3888,#3889,#1532,.T.);
#4864=EDGE_CURVE('',#3890,#3891,#1533,.T.);
#4865=EDGE_CURVE('',#3892,#3890,#1534,.T.);
#4866=EDGE_CURVE('',#3893,#3892,#1535,.T.);
#4867=EDGE_CURVE('',#3893,#3891,#1536,.T.);
#4868=EDGE_CURVE('',#3891,#3894,#1537,.T.);
#4869=EDGE_CURVE('',#3895,#3893,#1538,.T.);
#4870=EDGE_CURVE('',#3894,#3895,#1539,.T.);
#4871=EDGE_CURVE('',#3896,#3897,#1540,.T.);
#4872=EDGE_CURVE('',#3898,#3896,#1541,.T.);
#4873=EDGE_CURVE('',#3899,#3898,#1542,.T.);
#4874=EDGE_CURVE('',#3899,#3897,#1543,.T.);
#4875=EDGE_CURVE('',#3897,#3900,#1544,.T.);
#4876=EDGE_CURVE('',#3901,#3899,#1545,.T.);
#4877=EDGE_CURVE('',#3900,#3901,#1546,.T.);
#4878=EDGE_CURVE('',#3902,#3903,#1547,.T.);
#4879=EDGE_CURVE('',#3904,#3902,#1548,.T.);
#4880=EDGE_CURVE('',#3905,#3904,#1549,.T.);
#4881=EDGE_CURVE('',#3905,#3903,#1550,.T.);
#4882=EDGE_CURVE('',#3903,#3906,#1551,.T.);
#4883=EDGE_CURVE('',#3907,#3905,#1552,.T.);
#4884=EDGE_CURVE('',#3906,#3907,#1553,.T.);
#4885=EDGE_CURVE('',#3908,#3909,#1554,.T.);
#4886=EDGE_CURVE('',#3910,#3908,#1555,.T.);
#4887=EDGE_CURVE('',#3911,#3910,#1556,.T.);
#4888=EDGE_CURVE('',#3911,#3909,#1557,.T.);
#4889=EDGE_CURVE('',#3909,#3912,#1558,.T.);
#4890=EDGE_CURVE('',#3913,#3911,#1559,.T.);
#4891=EDGE_CURVE('',#3912,#3913,#1560,.T.);
#4892=EDGE_CURVE('',#3914,#3915,#1561,.T.);
#4893=EDGE_CURVE('',#3916,#3914,#1562,.T.);
#4894=EDGE_CURVE('',#3917,#3916,#1563,.T.);
#4895=EDGE_CURVE('',#3917,#3915,#1564,.T.);
#4896=EDGE_CURVE('',#3915,#3918,#1565,.T.);
#4897=EDGE_CURVE('',#3919,#3917,#1566,.T.);
#4898=EDGE_CURVE('',#3918,#3919,#1567,.T.);
#4899=EDGE_CURVE('',#3920,#3921,#1568,.T.);
#4900=EDGE_CURVE('',#3922,#3920,#1569,.T.);
#4901=EDGE_CURVE('',#3923,#3922,#1570,.T.);
#4902=EDGE_CURVE('',#3923,#3921,#1571,.T.);
#4903=EDGE_CURVE('',#3921,#3924,#1572,.T.);
#4904=EDGE_CURVE('',#3925,#3923,#1573,.T.);
#4905=EDGE_CURVE('',#3924,#3925,#1574,.T.);
#4906=EDGE_CURVE('',#3926,#3927,#1575,.T.);
#4907=EDGE_CURVE('',#3928,#3926,#1576,.T.);
#4908=EDGE_CURVE('',#3929,#3928,#1577,.T.);
#4909=EDGE_CURVE('',#3929,#3927,#1578,.T.);
#4910=EDGE_CURVE('',#3927,#3930,#1579,.T.);
#4911=EDGE_CURVE('',#3931,#3929,#1580,.T.);
#4912=EDGE_CURVE('',#3930,#3931,#1581,.T.);
#4913=EDGE_CURVE('',#3932,#3933,#1582,.T.);
#4914=EDGE_CURVE('',#3934,#3932,#1583,.T.);
#4915=EDGE_CURVE('',#3935,#3934,#1584,.T.);
#4916=EDGE_CURVE('',#3935,#3933,#1585,.T.);
#4917=EDGE_CURVE('',#3933,#3936,#1586,.T.);
#4918=EDGE_CURVE('',#3937,#3935,#1587,.T.);
#4919=EDGE_CURVE('',#3936,#3937,#1588,.T.);
#4920=EDGE_CURVE('',#3938,#3939,#1589,.T.);
#4921=EDGE_CURVE('',#3940,#3938,#1590,.T.);
#4922=EDGE_CURVE('',#3941,#3940,#1591,.T.);
#4923=EDGE_CURVE('',#3941,#3939,#1592,.T.);
#4924=EDGE_CURVE('',#3939,#3942,#1593,.T.);
#4925=EDGE_CURVE('',#3943,#3941,#1594,.T.);
#4926=EDGE_CURVE('',#3942,#3943,#1595,.T.);
#4927=EDGE_CURVE('',#3944,#3945,#1596,.T.);
#4928=EDGE_CURVE('',#3946,#3944,#1597,.T.);
#4929=EDGE_CURVE('',#3947,#3946,#1598,.T.);
#4930=EDGE_CURVE('',#3947,#3945,#1599,.T.);
#4931=EDGE_CURVE('',#3945,#3948,#1600,.T.);
#4932=EDGE_CURVE('',#3949,#3947,#1601,.T.);
#4933=EDGE_CURVE('',#3948,#3949,#1602,.T.);
#4934=EDGE_CURVE('',#3950,#3951,#1603,.T.);
#4935=EDGE_CURVE('',#3952,#3950,#1604,.T.);
#4936=EDGE_CURVE('',#3953,#3952,#1605,.T.);
#4937=EDGE_CURVE('',#3953,#3951,#1606,.T.);
#4938=EDGE_CURVE('',#3951,#3954,#1607,.T.);
#4939=EDGE_CURVE('',#3955,#3953,#1608,.T.);
#4940=EDGE_CURVE('',#3954,#3955,#1609,.T.);
#4941=EDGE_CURVE('',#3956,#3957,#1610,.T.);
#4942=EDGE_CURVE('',#3958,#3956,#1611,.T.);
#4943=EDGE_CURVE('',#3959,#3958,#1612,.T.);
#4944=EDGE_CURVE('',#3959,#3957,#1613,.T.);
#4945=EDGE_CURVE('',#3957,#3960,#1614,.T.);
#4946=EDGE_CURVE('',#3961,#3959,#1615,.T.);
#4947=EDGE_CURVE('',#3960,#3961,#1616,.T.);
#4948=EDGE_CURVE('',#3962,#3963,#1617,.T.);
#4949=EDGE_CURVE('',#3964,#3962,#1618,.T.);
#4950=EDGE_CURVE('',#3965,#3964,#1619,.T.);
#4951=EDGE_CURVE('',#3965,#3963,#1620,.T.);
#4952=EDGE_CURVE('',#3963,#3966,#1621,.T.);
#4953=EDGE_CURVE('',#3967,#3965,#1622,.T.);
#4954=EDGE_CURVE('',#3966,#3967,#1623,.T.);
#4955=EDGE_CURVE('',#3968,#3969,#1624,.T.);
#4956=EDGE_CURVE('',#3970,#3968,#1625,.T.);
#4957=EDGE_CURVE('',#3971,#3970,#1626,.T.);
#4958=EDGE_CURVE('',#3971,#3969,#1627,.T.);
#4959=EDGE_CURVE('',#3969,#3972,#1628,.T.);
#4960=EDGE_CURVE('',#3973,#3971,#1629,.T.);
#4961=EDGE_CURVE('',#3972,#3973,#1630,.T.);
#4962=EDGE_CURVE('',#3974,#3975,#1631,.T.);
#4963=EDGE_CURVE('',#3976,#3974,#1632,.T.);
#4964=EDGE_CURVE('',#3977,#3976,#1633,.T.);
#4965=EDGE_CURVE('',#3977,#3975,#1634,.T.);
#4966=EDGE_CURVE('',#3975,#3978,#1635,.T.);
#4967=EDGE_CURVE('',#3979,#3977,#1636,.T.);
#4968=EDGE_CURVE('',#3978,#3979,#1637,.T.);
#4969=EDGE_CURVE('',#3980,#3981,#1638,.T.);
#4970=EDGE_CURVE('',#3982,#3980,#1639,.T.);
#4971=EDGE_CURVE('',#3983,#3982,#1640,.T.);
#4972=EDGE_CURVE('',#3983,#3981,#1641,.T.);
#4973=EDGE_CURVE('',#3981,#3984,#1642,.T.);
#4974=EDGE_CURVE('',#3985,#3983,#1643,.T.);
#4975=EDGE_CURVE('',#3984,#3985,#1644,.T.);
#4976=EDGE_CURVE('',#3986,#3987,#1645,.T.);
#4977=EDGE_CURVE('',#3988,#3986,#1646,.T.);
#4978=EDGE_CURVE('',#3989,#3988,#1647,.T.);
#4979=EDGE_CURVE('',#3989,#3987,#1648,.T.);
#4980=EDGE_CURVE('',#3987,#3990,#1649,.T.);
#4981=EDGE_CURVE('',#3991,#3989,#1650,.T.);
#4982=EDGE_CURVE('',#3990,#3991,#1651,.T.);
#4983=EDGE_CURVE('',#3992,#3993,#1652,.T.);
#4984=EDGE_CURVE('',#3994,#3992,#1653,.T.);
#4985=EDGE_CURVE('',#3995,#3994,#1654,.T.);
#4986=EDGE_CURVE('',#3995,#3993,#1655,.T.);
#4987=EDGE_CURVE('',#3993,#3996,#1656,.T.);
#4988=EDGE_CURVE('',#3997,#3995,#1657,.T.);
#4989=EDGE_CURVE('',#3996,#3997,#1658,.T.);
#4990=EDGE_CURVE('',#3998,#3999,#1659,.T.);
#4991=EDGE_CURVE('',#4000,#3998,#1660,.T.);
#4992=EDGE_CURVE('',#4001,#4000,#1661,.T.);
#4993=EDGE_CURVE('',#4001,#3999,#1662,.T.);
#4994=EDGE_CURVE('',#3999,#4002,#1663,.T.);
#4995=EDGE_CURVE('',#4003,#4001,#1664,.T.);
#4996=EDGE_CURVE('',#4002,#4003,#1665,.T.);
#4997=EDGE_CURVE('',#4004,#4005,#1666,.T.);
#4998=EDGE_CURVE('',#4006,#4004,#1667,.T.);
#4999=EDGE_CURVE('',#4007,#4006,#1668,.T.);
#5000=EDGE_CURVE('',#4007,#4005,#1669,.T.);
#5001=EDGE_CURVE('',#4005,#4008,#1670,.T.);
#5002=EDGE_CURVE('',#4009,#4007,#1671,.T.);
#5003=EDGE_CURVE('',#4008,#4009,#1672,.T.);
#5004=EDGE_CURVE('',#4010,#4011,#1673,.T.);
#5005=EDGE_CURVE('',#4012,#4010,#1674,.T.);
#5006=EDGE_CURVE('',#4013,#4012,#1675,.T.);
#5007=EDGE_CURVE('',#4013,#4011,#1676,.T.);
#5008=EDGE_CURVE('',#4011,#4014,#1677,.T.);
#5009=EDGE_CURVE('',#4015,#4013,#1678,.T.);
#5010=EDGE_CURVE('',#4014,#4015,#1679,.T.);
#5011=EDGE_CURVE('',#4016,#4017,#1680,.T.);
#5012=EDGE_CURVE('',#4018,#4016,#1681,.T.);
#5013=EDGE_CURVE('',#4019,#4018,#1682,.T.);
#5014=EDGE_CURVE('',#4019,#4017,#1683,.T.);
#5015=EDGE_CURVE('',#4017,#4020,#1684,.T.);
#5016=EDGE_CURVE('',#4021,#4019,#1685,.T.);
#5017=EDGE_CURVE('',#4020,#4021,#1686,.T.);
#5018=EDGE_CURVE('',#4022,#4023,#1687,.T.);
#5019=EDGE_CURVE('',#4024,#4022,#1688,.T.);
#5020=EDGE_CURVE('',#4025,#4024,#1689,.T.);
#5021=EDGE_CURVE('',#4025,#4023,#1690,.T.);
#5022=EDGE_CURVE('',#4023,#4026,#1691,.T.);
#5023=EDGE_CURVE('',#4027,#4025,#1692,.T.);
#5024=EDGE_CURVE('',#4026,#4027,#1693,.T.);
#5025=EDGE_CURVE('',#4028,#4029,#1694,.T.);
#5026=EDGE_CURVE('',#4030,#4028,#1695,.T.);
#5027=EDGE_CURVE('',#4031,#4030,#1696,.T.);
#5028=EDGE_CURVE('',#4031,#4029,#1697,.T.);
#5029=EDGE_CURVE('',#4029,#4032,#1698,.T.);
#5030=EDGE_CURVE('',#4033,#4031,#1699,.T.);
#5031=EDGE_CURVE('',#4032,#4033,#1700,.T.);
#5032=EDGE_CURVE('',#4034,#4035,#1701,.T.);
#5033=EDGE_CURVE('',#4036,#4034,#1702,.T.);
#5034=EDGE_CURVE('',#4037,#4036,#1703,.T.);
#5035=EDGE_CURVE('',#4037,#4035,#1704,.T.);
#5036=EDGE_CURVE('',#4035,#4038,#1705,.T.);
#5037=EDGE_CURVE('',#4039,#4037,#1706,.T.);
#5038=EDGE_CURVE('',#4038,#4039,#1707,.T.);
#5039=EDGE_CURVE('',#4040,#4041,#1708,.T.);
#5040=EDGE_CURVE('',#4042,#4040,#1709,.T.);
#5041=EDGE_CURVE('',#4043,#4042,#1710,.T.);
#5042=EDGE_CURVE('',#4043,#4041,#1711,.T.);
#5043=EDGE_CURVE('',#4041,#4044,#1712,.T.);
#5044=EDGE_CURVE('',#4045,#4043,#1713,.T.);
#5045=EDGE_CURVE('',#4044,#4045,#1714,.T.);
#5046=EDGE_CURVE('',#4046,#4047,#1715,.T.);
#5047=EDGE_CURVE('',#4048,#4046,#1716,.T.);
#5048=EDGE_CURVE('',#4049,#4048,#1717,.T.);
#5049=EDGE_CURVE('',#4049,#4047,#1718,.T.);
#5050=EDGE_CURVE('',#4047,#4050,#1719,.T.);
#5051=EDGE_CURVE('',#4051,#4049,#1720,.T.);
#5052=EDGE_CURVE('',#4050,#4051,#1721,.T.);
#5053=EDGE_CURVE('',#4052,#4053,#1722,.T.);
#5054=EDGE_CURVE('',#4054,#4052,#1723,.T.);
#5055=EDGE_CURVE('',#4055,#4054,#1724,.T.);
#5056=EDGE_CURVE('',#4055,#4053,#1725,.T.);
#5057=EDGE_CURVE('',#4053,#4056,#1726,.T.);
#5058=EDGE_CURVE('',#4057,#4055,#1727,.T.);
#5059=EDGE_CURVE('',#4056,#4057,#1728,.T.);
#5060=EDGE_CURVE('',#4058,#4059,#1729,.T.);
#5061=EDGE_CURVE('',#4060,#4058,#1730,.T.);
#5062=EDGE_CURVE('',#4061,#4060,#1731,.T.);
#5063=EDGE_CURVE('',#4061,#4059,#1732,.T.);
#5064=EDGE_CURVE('',#4059,#4062,#1733,.T.);
#5065=EDGE_CURVE('',#4063,#4061,#1734,.T.);
#5066=EDGE_CURVE('',#4062,#4063,#1735,.T.);
#5067=EDGE_CURVE('',#4064,#4065,#1736,.T.);
#5068=EDGE_CURVE('',#4066,#4064,#1737,.T.);
#5069=EDGE_CURVE('',#4067,#4066,#1738,.T.);
#5070=EDGE_CURVE('',#4067,#4065,#1739,.T.);
#5071=EDGE_CURVE('',#4065,#4068,#1740,.T.);
#5072=EDGE_CURVE('',#4069,#4067,#1741,.T.);
#5073=EDGE_CURVE('',#4068,#4069,#1742,.T.);
#5074=EDGE_CURVE('',#4070,#4071,#1743,.T.);
#5075=EDGE_CURVE('',#4072,#4070,#1744,.T.);
#5076=EDGE_CURVE('',#4073,#4072,#1745,.T.);
#5077=EDGE_CURVE('',#4073,#4071,#1746,.T.);
#5078=EDGE_CURVE('',#4071,#4074,#1747,.T.);
#5079=EDGE_CURVE('',#4075,#4073,#1748,.T.);
#5080=EDGE_CURVE('',#4074,#4075,#1749,.T.);
#5081=EDGE_CURVE('',#4076,#4077,#1750,.T.);
#5082=EDGE_CURVE('',#4078,#4076,#1751,.T.);
#5083=EDGE_CURVE('',#4079,#4078,#1752,.T.);
#5084=EDGE_CURVE('',#4079,#4077,#1753,.T.);
#5085=EDGE_CURVE('',#4077,#4080,#1754,.T.);
#5086=EDGE_CURVE('',#4081,#4079,#1755,.T.);
#5087=EDGE_CURVE('',#4080,#4081,#1756,.T.);
#5088=EDGE_CURVE('',#4082,#4083,#1757,.T.);
#5089=EDGE_CURVE('',#4084,#4082,#1758,.T.);
#5090=EDGE_CURVE('',#4085,#4084,#1759,.T.);
#5091=EDGE_CURVE('',#4085,#4083,#1760,.T.);
#5092=EDGE_CURVE('',#4083,#4086,#1761,.T.);
#5093=EDGE_CURVE('',#4087,#4085,#1762,.T.);
#5094=EDGE_CURVE('',#4086,#4087,#1763,.T.);
#5095=EDGE_CURVE('',#4088,#4089,#1764,.T.);
#5096=EDGE_CURVE('',#4090,#4088,#1765,.T.);
#5097=EDGE_CURVE('',#4091,#4090,#1766,.T.);
#5098=EDGE_CURVE('',#4091,#4089,#1767,.T.);
#5099=EDGE_CURVE('',#4089,#4092,#1768,.T.);
#5100=EDGE_CURVE('',#4093,#4091,#1769,.T.);
#5101=EDGE_CURVE('',#4092,#4093,#1770,.T.);
#5102=EDGE_CURVE('',#4094,#4095,#1771,.T.);
#5103=EDGE_CURVE('',#4096,#4094,#1772,.T.);
#5104=EDGE_CURVE('',#4097,#4096,#1773,.T.);
#5105=EDGE_CURVE('',#4097,#4095,#1774,.T.);
#5106=EDGE_CURVE('',#4095,#4098,#1775,.T.);
#5107=EDGE_CURVE('',#4099,#4097,#1776,.T.);
#5108=EDGE_CURVE('',#4098,#4099,#1777,.T.);
#5109=EDGE_CURVE('',#4100,#4101,#1778,.T.);
#5110=EDGE_CURVE('',#4102,#4100,#1779,.T.);
#5111=EDGE_CURVE('',#4103,#4102,#1780,.T.);
#5112=EDGE_CURVE('',#4103,#4101,#1781,.T.);
#5113=EDGE_CURVE('',#4101,#4104,#1782,.T.);
#5114=EDGE_CURVE('',#4105,#4103,#1783,.T.);
#5115=EDGE_CURVE('',#4104,#4105,#1784,.T.);
#5116=EDGE_CURVE('',#4106,#4107,#1785,.T.);
#5117=EDGE_CURVE('',#4108,#4106,#1786,.T.);
#5118=EDGE_CURVE('',#4109,#4108,#1787,.T.);
#5119=EDGE_CURVE('',#4109,#4107,#1788,.T.);
#5120=EDGE_CURVE('',#4107,#4110,#1789,.T.);
#5121=EDGE_CURVE('',#4111,#4109,#1790,.T.);
#5122=EDGE_CURVE('',#4110,#4111,#1791,.T.);
#5123=EDGE_CURVE('',#4112,#4113,#1792,.T.);
#5124=EDGE_CURVE('',#4114,#4112,#1793,.T.);
#5125=EDGE_CURVE('',#4115,#4114,#1794,.T.);
#5126=EDGE_CURVE('',#4115,#4113,#1795,.T.);
#5127=EDGE_CURVE('',#4113,#4116,#1796,.T.);
#5128=EDGE_CURVE('',#4117,#4115,#1797,.T.);
#5129=EDGE_CURVE('',#4116,#4117,#1798,.T.);
#5130=EDGE_CURVE('',#4118,#4119,#1799,.T.);
#5131=EDGE_CURVE('',#4120,#4118,#1800,.T.);
#5132=EDGE_CURVE('',#4121,#4120,#1801,.T.);
#5133=EDGE_CURVE('',#4121,#4119,#1802,.T.);
#5134=EDGE_CURVE('',#4119,#4122,#1803,.T.);
#5135=EDGE_CURVE('',#4123,#4121,#1804,.T.);
#5136=EDGE_CURVE('',#4122,#4123,#1805,.T.);
#5137=EDGE_CURVE('',#4124,#4125,#1806,.T.);
#5138=EDGE_CURVE('',#4126,#4124,#1807,.T.);
#5139=EDGE_CURVE('',#4127,#4126,#1808,.T.);
#5140=EDGE_CURVE('',#4127,#4125,#1809,.T.);
#5141=EDGE_CURVE('',#4125,#4128,#1810,.T.);
#5142=EDGE_CURVE('',#4129,#4127,#1811,.T.);
#5143=EDGE_CURVE('',#4128,#4129,#1812,.T.);
#5144=EDGE_CURVE('',#4130,#4131,#1813,.T.);
#5145=EDGE_CURVE('',#4132,#4130,#1814,.T.);
#5146=EDGE_CURVE('',#4133,#4132,#1815,.T.);
#5147=EDGE_CURVE('',#4133,#4131,#1816,.T.);
#5148=EDGE_CURVE('',#4131,#4134,#1817,.T.);
#5149=EDGE_CURVE('',#4135,#4133,#1818,.T.);
#5150=EDGE_CURVE('',#4134,#4135,#1819,.T.);
#5151=EDGE_CURVE('',#4136,#4137,#1820,.T.);
#5152=EDGE_CURVE('',#4138,#4136,#1821,.T.);
#5153=EDGE_CURVE('',#4139,#4138,#1822,.T.);
#5154=EDGE_CURVE('',#4139,#4137,#1823,.T.);
#5155=EDGE_CURVE('',#4137,#4140,#1824,.T.);
#5156=EDGE_CURVE('',#4141,#4139,#1825,.T.);
#5157=EDGE_CURVE('',#4140,#4141,#1826,.T.);
#5158=EDGE_CURVE('',#4142,#4143,#1827,.T.);
#5159=EDGE_CURVE('',#4144,#4142,#1828,.T.);
#5160=EDGE_CURVE('',#4145,#4144,#1829,.T.);
#5161=EDGE_CURVE('',#4145,#4143,#1830,.T.);
#5162=EDGE_CURVE('',#4143,#4146,#1831,.T.);
#5163=EDGE_CURVE('',#4147,#4145,#1832,.T.);
#5164=EDGE_CURVE('',#4146,#4147,#1833,.T.);
#5165=EDGE_CURVE('',#4148,#4149,#1834,.T.);
#5166=EDGE_CURVE('',#4150,#4148,#1835,.T.);
#5167=EDGE_CURVE('',#4151,#4150,#1836,.T.);
#5168=EDGE_CURVE('',#4151,#4149,#1837,.T.);
#5169=EDGE_CURVE('',#4149,#4152,#1838,.T.);
#5170=EDGE_CURVE('',#4153,#4151,#1839,.T.);
#5171=EDGE_CURVE('',#4152,#4153,#1840,.T.);
#5172=EDGE_CURVE('',#4154,#4155,#1841,.T.);
#5173=EDGE_CURVE('',#4156,#4154,#1842,.T.);
#5174=EDGE_CURVE('',#4157,#4156,#1843,.T.);
#5175=EDGE_CURVE('',#4157,#4155,#1844,.T.);
#5176=EDGE_CURVE('',#4155,#4158,#1845,.T.);
#5177=EDGE_CURVE('',#4159,#4157,#1846,.T.);
#5178=EDGE_CURVE('',#4158,#4159,#1847,.T.);
#5179=EDGE_CURVE('',#4160,#4161,#1848,.T.);
#5180=EDGE_CURVE('',#4162,#4160,#1849,.T.);
#5181=EDGE_CURVE('',#4163,#4162,#1850,.T.);
#5182=EDGE_CURVE('',#4163,#4161,#1851,.T.);
#5183=EDGE_CURVE('',#4161,#4164,#1852,.T.);
#5184=EDGE_CURVE('',#4165,#4163,#1853,.T.);
#5185=EDGE_CURVE('',#4164,#4165,#1854,.T.);
#5186=EDGE_CURVE('',#4166,#4167,#1855,.T.);
#5187=EDGE_CURVE('',#4168,#4166,#1856,.T.);
#5188=EDGE_CURVE('',#4169,#4168,#1857,.T.);
#5189=EDGE_CURVE('',#4169,#4167,#1858,.T.);
#5190=EDGE_CURVE('',#4167,#4170,#1859,.T.);
#5191=EDGE_CURVE('',#4171,#4169,#1860,.T.);
#5192=EDGE_CURVE('',#4170,#4171,#1861,.T.);
#5193=EDGE_CURVE('',#4172,#4173,#1862,.T.);
#5194=EDGE_CURVE('',#4174,#4172,#1863,.T.);
#5195=EDGE_CURVE('',#4175,#4174,#1864,.T.);
#5196=EDGE_CURVE('',#4175,#4173,#1865,.T.);
#5197=EDGE_CURVE('',#4173,#4176,#1866,.T.);
#5198=EDGE_CURVE('',#4177,#4175,#1867,.T.);
#5199=EDGE_CURVE('',#4176,#4177,#1868,.T.);
#5200=EDGE_CURVE('',#4178,#4179,#1869,.T.);
#5201=EDGE_CURVE('',#4180,#4178,#1870,.T.);
#5202=EDGE_CURVE('',#4181,#4180,#1871,.T.);
#5203=EDGE_CURVE('',#4181,#4179,#1872,.T.);
#5204=EDGE_CURVE('',#4179,#4182,#1873,.T.);
#5205=EDGE_CURVE('',#4183,#4181,#1874,.T.);
#5206=EDGE_CURVE('',#4182,#4183,#1875,.T.);
#5207=EDGE_CURVE('',#4184,#4185,#1876,.T.);
#5208=EDGE_CURVE('',#4186,#4184,#1877,.T.);
#5209=EDGE_CURVE('',#4187,#4186,#1878,.T.);
#5210=EDGE_CURVE('',#4187,#4185,#1879,.T.);
#5211=EDGE_CURVE('',#4185,#4188,#1880,.T.);
#5212=EDGE_CURVE('',#4189,#4187,#1881,.T.);
#5213=EDGE_CURVE('',#4188,#4189,#1882,.T.);
#5214=EDGE_CURVE('',#4190,#4191,#1883,.T.);
#5215=EDGE_CURVE('',#4192,#4190,#1884,.T.);
#5216=EDGE_CURVE('',#4193,#4192,#1885,.T.);
#5217=EDGE_CURVE('',#4193,#4191,#1886,.T.);
#5218=EDGE_CURVE('',#4191,#4194,#1887,.T.);
#5219=EDGE_CURVE('',#4195,#4193,#1888,.T.);
#5220=EDGE_CURVE('',#4194,#4195,#1889,.T.);
#5221=EDGE_CURVE('',#4196,#4197,#1890,.T.);
#5222=EDGE_CURVE('',#4198,#4196,#1891,.T.);
#5223=EDGE_CURVE('',#4199,#4198,#1892,.T.);
#5224=EDGE_CURVE('',#4199,#4197,#1893,.T.);
#5225=EDGE_CURVE('',#4197,#4200,#1894,.T.);
#5226=EDGE_CURVE('',#4201,#4199,#1895,.T.);
#5227=EDGE_CURVE('',#4200,#4201,#1896,.T.);
#5228=EDGE_CURVE('',#4202,#4203,#1897,.T.);
#5229=EDGE_CURVE('',#4204,#4202,#1898,.T.);
#5230=EDGE_CURVE('',#4205,#4204,#1899,.T.);
#5231=EDGE_CURVE('',#4205,#4203,#1900,.T.);
#5232=EDGE_CURVE('',#4203,#4206,#1901,.T.);
#5233=EDGE_CURVE('',#4207,#4205,#1902,.T.);
#5234=EDGE_CURVE('',#4206,#4207,#1903,.T.);
#5235=EDGE_CURVE('',#4208,#4209,#1904,.T.);
#5236=EDGE_CURVE('',#4210,#4208,#1905,.T.);
#5237=EDGE_CURVE('',#4211,#4210,#1906,.T.);
#5238=EDGE_CURVE('',#4211,#4209,#1907,.T.);
#5239=EDGE_CURVE('',#4209,#4212,#1908,.T.);
#5240=EDGE_CURVE('',#4213,#4211,#1909,.T.);
#5241=EDGE_CURVE('',#4212,#4213,#1910,.T.);
#5242=EDGE_CURVE('',#4214,#4215,#1911,.T.);
#5243=EDGE_CURVE('',#4216,#4214,#1912,.T.);
#5244=EDGE_CURVE('',#4217,#4216,#1913,.T.);
#5245=EDGE_CURVE('',#4217,#4215,#1914,.T.);
#5246=EDGE_CURVE('',#4215,#4218,#1915,.T.);
#5247=EDGE_CURVE('',#4219,#4217,#1916,.T.);
#5248=EDGE_CURVE('',#4218,#4219,#1917,.T.);
#5249=EDGE_CURVE('',#4220,#4221,#1918,.T.);
#5250=EDGE_CURVE('',#4222,#4220,#1919,.T.);
#5251=EDGE_CURVE('',#4223,#4222,#1920,.T.);
#5252=EDGE_CURVE('',#4223,#4221,#1921,.T.);
#5253=EDGE_CURVE('',#4221,#4224,#1922,.T.);
#5254=EDGE_CURVE('',#4225,#4223,#1923,.T.);
#5255=EDGE_CURVE('',#4224,#4225,#1924,.T.);
#5256=EDGE_CURVE('',#4226,#4227,#1925,.T.);
#5257=EDGE_CURVE('',#4228,#4226,#1926,.T.);
#5258=EDGE_CURVE('',#4229,#4228,#1927,.T.);
#5259=EDGE_CURVE('',#4229,#4227,#1928,.T.);
#5260=EDGE_CURVE('',#4227,#4230,#1929,.T.);
#5261=EDGE_CURVE('',#4231,#4229,#1930,.T.);
#5262=EDGE_CURVE('',#4230,#4231,#1931,.T.);
#5263=EDGE_CURVE('',#4232,#4233,#1932,.T.);
#5264=EDGE_CURVE('',#4234,#4232,#1933,.T.);
#5265=EDGE_CURVE('',#4235,#4234,#1934,.T.);
#5266=EDGE_CURVE('',#4235,#4233,#1935,.T.);
#5267=EDGE_CURVE('',#4233,#4236,#1936,.T.);
#5268=EDGE_CURVE('',#4237,#4235,#1937,.T.);
#5269=EDGE_CURVE('',#4236,#4237,#1938,.T.);
#5270=EDGE_CURVE('',#4238,#4239,#1939,.T.);
#5271=EDGE_CURVE('',#4240,#4238,#1940,.T.);
#5272=EDGE_CURVE('',#4241,#4240,#1941,.T.);
#5273=EDGE_CURVE('',#4241,#4239,#1942,.T.);
#5274=EDGE_CURVE('',#4239,#4242,#1943,.T.);
#5275=EDGE_CURVE('',#4243,#4241,#1944,.T.);
#5276=EDGE_CURVE('',#4242,#4243,#1945,.T.);
#5277=EDGE_CURVE('',#4244,#4245,#1946,.T.);
#5278=EDGE_CURVE('',#4246,#4244,#1947,.T.);
#5279=EDGE_CURVE('',#4247,#4246,#1948,.T.);
#5280=EDGE_CURVE('',#4247,#4245,#1949,.T.);
#5281=EDGE_CURVE('',#4245,#4248,#1950,.T.);
#5282=EDGE_CURVE('',#4249,#4247,#1951,.T.);
#5283=EDGE_CURVE('',#4248,#4249,#1952,.T.);
#5284=EDGE_CURVE('',#4250,#4251,#1953,.T.);
#5285=EDGE_CURVE('',#4252,#4250,#1954,.T.);
#5286=EDGE_CURVE('',#4253,#4252,#1955,.T.);
#5287=EDGE_CURVE('',#4253,#4251,#1956,.T.);
#5288=EDGE_CURVE('',#4251,#4254,#1957,.T.);
#5289=EDGE_CURVE('',#4255,#4253,#1958,.T.);
#5290=EDGE_CURVE('',#4254,#4255,#1959,.T.);
#5291=EDGE_CURVE('',#4256,#4257,#1960,.T.);
#5292=EDGE_CURVE('',#4258,#4256,#1961,.T.);
#5293=EDGE_CURVE('',#4259,#4258,#1962,.T.);
#5294=EDGE_CURVE('',#4259,#4257,#1963,.T.);
#5295=EDGE_CURVE('',#4257,#4260,#1964,.T.);
#5296=EDGE_CURVE('',#4261,#4259,#1965,.T.);
#5297=EDGE_CURVE('',#4260,#4261,#1966,.T.);
#5298=EDGE_CURVE('',#4262,#4263,#1967,.T.);
#5299=EDGE_CURVE('',#4264,#4262,#1968,.T.);
#5300=EDGE_CURVE('',#4265,#4264,#1969,.T.);
#5301=EDGE_CURVE('',#4265,#4263,#1970,.T.);
#5302=EDGE_CURVE('',#4263,#4266,#1971,.T.);
#5303=EDGE_CURVE('',#4267,#4265,#1972,.T.);
#5304=EDGE_CURVE('',#4266,#4267,#1973,.T.);
#5305=EDGE_CURVE('',#4268,#4269,#1974,.T.);
#5306=EDGE_CURVE('',#4270,#4268,#1975,.T.);
#5307=EDGE_CURVE('',#4271,#4270,#1976,.T.);
#5308=EDGE_CURVE('',#4271,#4269,#1977,.T.);
#5309=EDGE_CURVE('',#4269,#4272,#1978,.T.);
#5310=EDGE_CURVE('',#4273,#4271,#1979,.T.);
#5311=EDGE_CURVE('',#4272,#4273,#1980,.T.);
#5312=EDGE_CURVE('',#4274,#4275,#1981,.T.);
#5313=EDGE_CURVE('',#4276,#4274,#1982,.T.);
#5314=EDGE_CURVE('',#4277,#4276,#1983,.T.);
#5315=EDGE_CURVE('',#4277,#4275,#1984,.T.);
#5316=EDGE_CURVE('',#4275,#4278,#1985,.T.);
#5317=EDGE_CURVE('',#4279,#4277,#1986,.T.);
#5318=EDGE_CURVE('',#4278,#4279,#1987,.T.);
#5319=EDGE_CURVE('',#4280,#4281,#1988,.T.);
#5320=EDGE_CURVE('',#4282,#4280,#1989,.T.);
#5321=EDGE_CURVE('',#4283,#4282,#1990,.T.);
#5322=EDGE_CURVE('',#4283,#4281,#1991,.T.);
#5323=EDGE_CURVE('',#4281,#4284,#1992,.T.);
#5324=EDGE_CURVE('',#4285,#4283,#1993,.T.);
#5325=EDGE_CURVE('',#4284,#4285,#1994,.T.);
#5326=EDGE_CURVE('',#4286,#4287,#1995,.T.);
#5327=EDGE_CURVE('',#4288,#4286,#1996,.T.);
#5328=EDGE_CURVE('',#4289,#4288,#1997,.T.);
#5329=EDGE_CURVE('',#4289,#4287,#1998,.T.);
#5330=EDGE_CURVE('',#4287,#4290,#1999,.T.);
#5331=EDGE_CURVE('',#4291,#4289,#2000,.T.);
#5332=EDGE_CURVE('',#4290,#4291,#2001,.T.);
#5333=EDGE_CURVE('',#4292,#4293,#2002,.T.);
#5334=EDGE_CURVE('',#4294,#4292,#2003,.T.);
#5335=EDGE_CURVE('',#4295,#4294,#2004,.T.);
#5336=EDGE_CURVE('',#4295,#4293,#2005,.T.);
#5337=EDGE_CURVE('',#4293,#4296,#2006,.T.);
#5338=EDGE_CURVE('',#4297,#4295,#2007,.T.);
#5339=EDGE_CURVE('',#4296,#4297,#2008,.T.);
#5340=EDGE_CURVE('',#4298,#4299,#2009,.T.);
#5341=EDGE_CURVE('',#4300,#4298,#2010,.T.);
#5342=EDGE_CURVE('',#4301,#4300,#2011,.T.);
#5343=EDGE_CURVE('',#4301,#4299,#2012,.T.);
#5344=EDGE_CURVE('',#4299,#4302,#2013,.T.);
#5345=EDGE_CURVE('',#4303,#4301,#2014,.T.);
#5346=EDGE_CURVE('',#4302,#4303,#2015,.T.);
#5347=EDGE_CURVE('',#4304,#4305,#2016,.T.);
#5348=EDGE_CURVE('',#4306,#4304,#2017,.T.);
#5349=EDGE_CURVE('',#4307,#4306,#2018,.T.);
#5350=EDGE_CURVE('',#4307,#4305,#2019,.T.);
#5351=EDGE_CURVE('',#4305,#4308,#2020,.T.);
#5352=EDGE_CURVE('',#4309,#4307,#2021,.T.);
#5353=EDGE_CURVE('',#4308,#4309,#2022,.T.);
#5354=EDGE_CURVE('',#4310,#4311,#2023,.T.);
#5355=EDGE_CURVE('',#4312,#4310,#2024,.T.);
#5356=EDGE_CURVE('',#4313,#4312,#2025,.T.);
#5357=EDGE_CURVE('',#4313,#4311,#2026,.T.);
#5358=EDGE_CURVE('',#4311,#4314,#2027,.T.);
#5359=EDGE_CURVE('',#4315,#4313,#2028,.T.);
#5360=EDGE_CURVE('',#4314,#4315,#2029,.T.);
#5361=EDGE_CURVE('',#4316,#4317,#2030,.T.);
#5362=EDGE_CURVE('',#4318,#4316,#2031,.T.);
#5363=EDGE_CURVE('',#4319,#4318,#2032,.T.);
#5364=EDGE_CURVE('',#4319,#4317,#2033,.T.);
#5365=EDGE_CURVE('',#4317,#4320,#2034,.T.);
#5366=EDGE_CURVE('',#4321,#4319,#2035,.T.);
#5367=EDGE_CURVE('',#4320,#4321,#2036,.T.);
#5368=EDGE_CURVE('',#4322,#4323,#2037,.T.);
#5369=EDGE_CURVE('',#4324,#4322,#2038,.T.);
#5370=EDGE_CURVE('',#4325,#4324,#2039,.T.);
#5371=EDGE_CURVE('',#4325,#4323,#2040,.T.);
#5372=EDGE_CURVE('',#4323,#4326,#2041,.T.);
#5373=EDGE_CURVE('',#4327,#4325,#2042,.T.);
#5374=EDGE_CURVE('',#4326,#4327,#2043,.T.);
#5375=EDGE_CURVE('',#4328,#4329,#2044,.T.);
#5376=EDGE_CURVE('',#4330,#4328,#2045,.T.);
#5377=EDGE_CURVE('',#4331,#4330,#2046,.T.);
#5378=EDGE_CURVE('',#4331,#4329,#2047,.T.);
#5379=EDGE_CURVE('',#4329,#4332,#2048,.T.);
#5380=EDGE_CURVE('',#4333,#4331,#2049,.T.);
#5381=EDGE_CURVE('',#4332,#4333,#2050,.T.);
#5382=EDGE_CURVE('',#4334,#4335,#2051,.T.);
#5383=EDGE_CURVE('',#4336,#4334,#2052,.T.);
#5384=EDGE_CURVE('',#4337,#4336,#2053,.T.);
#5385=EDGE_CURVE('',#4337,#4335,#2054,.T.);
#5386=EDGE_CURVE('',#4335,#4338,#2055,.T.);
#5387=EDGE_CURVE('',#4339,#4337,#2056,.T.);
#5388=EDGE_CURVE('',#4338,#4339,#2057,.T.);
#5389=EDGE_CURVE('',#4340,#4341,#2058,.T.);
#5390=EDGE_CURVE('',#4342,#4340,#2059,.T.);
#5391=EDGE_CURVE('',#4343,#4342,#2060,.T.);
#5392=EDGE_CURVE('',#4343,#4341,#2061,.T.);
#5393=EDGE_CURVE('',#4341,#4344,#2062,.T.);
#5394=EDGE_CURVE('',#4345,#4343,#2063,.T.);
#5395=EDGE_CURVE('',#4344,#4345,#2064,.T.);
#5396=EDGE_CURVE('',#4346,#4347,#2065,.T.);
#5397=EDGE_CURVE('',#4348,#4346,#2066,.T.);
#5398=EDGE_CURVE('',#4349,#4348,#2067,.T.);
#5399=EDGE_CURVE('',#4349,#4347,#2068,.T.);
#5400=EDGE_CURVE('',#4347,#4350,#2069,.T.);
#5401=EDGE_CURVE('',#4351,#4349,#2070,.T.);
#5402=EDGE_CURVE('',#4350,#4351,#2071,.T.);
#5403=EDGE_CURVE('',#4352,#4353,#2072,.T.);
#5404=EDGE_CURVE('',#4354,#4352,#2073,.T.);
#5405=EDGE_CURVE('',#4355,#4354,#2074,.T.);
#5406=EDGE_CURVE('',#4355,#4353,#2075,.T.);
#5407=EDGE_CURVE('',#4353,#4356,#2076,.T.);
#5408=EDGE_CURVE('',#4357,#4355,#2077,.T.);
#5409=EDGE_CURVE('',#4356,#4357,#2078,.T.);
#5410=EDGE_CURVE('',#4358,#4359,#2079,.T.);
#5411=EDGE_CURVE('',#4360,#4358,#2080,.T.);
#5412=EDGE_CURVE('',#4361,#4360,#2081,.T.);
#5413=EDGE_CURVE('',#4361,#4359,#2082,.T.);
#5414=EDGE_CURVE('',#4359,#4362,#2083,.T.);
#5415=EDGE_CURVE('',#4363,#4361,#2084,.T.);
#5416=EDGE_CURVE('',#4362,#4363,#2085,.T.);
#5417=EDGE_CURVE('',#4364,#4365,#2086,.T.);
#5418=EDGE_CURVE('',#4366,#4364,#2087,.T.);
#5419=EDGE_CURVE('',#4367,#4366,#2088,.T.);
#5420=EDGE_CURVE('',#4367,#4365,#2089,.T.);
#5421=EDGE_CURVE('',#4365,#4368,#2090,.T.);
#5422=EDGE_CURVE('',#4369,#4367,#2091,.T.);
#5423=EDGE_CURVE('',#4368,#4369,#2092,.T.);
#5424=EDGE_CURVE('',#4370,#4371,#2093,.T.);
#5425=EDGE_CURVE('',#4372,#4370,#2094,.T.);
#5426=EDGE_CURVE('',#4373,#4372,#2095,.T.);
#5427=EDGE_CURVE('',#4373,#4371,#2096,.T.);
#5428=EDGE_CURVE('',#4371,#4374,#2097,.T.);
#5429=EDGE_CURVE('',#4375,#4373,#2098,.T.);
#5430=EDGE_CURVE('',#4374,#4375,#2099,.T.);
#5431=EDGE_CURVE('',#4376,#4377,#2100,.T.);
#5432=EDGE_CURVE('',#4378,#4376,#2101,.T.);
#5433=EDGE_CURVE('',#4379,#4378,#2102,.T.);
#5434=EDGE_CURVE('',#4379,#4377,#2103,.T.);
#5435=EDGE_CURVE('',#4377,#4380,#2104,.T.);
#5436=EDGE_CURVE('',#4381,#4379,#2105,.T.);
#5437=EDGE_CURVE('',#4380,#4381,#2106,.T.);
#5438=EDGE_CURVE('',#4382,#4383,#2107,.T.);
#5439=EDGE_CURVE('',#4384,#4382,#2108,.T.);
#5440=EDGE_CURVE('',#4385,#4384,#2109,.T.);
#5441=EDGE_CURVE('',#4385,#4383,#2110,.T.);
#5442=EDGE_CURVE('',#4383,#4386,#2111,.T.);
#5443=EDGE_CURVE('',#4387,#4385,#2112,.T.);
#5444=EDGE_CURVE('',#4386,#4387,#2113,.T.);
#5445=EDGE_CURVE('',#4388,#4389,#2114,.T.);
#5446=EDGE_CURVE('',#4390,#4388,#2115,.T.);
#5447=EDGE_CURVE('',#4391,#4390,#2116,.T.);
#5448=EDGE_CURVE('',#4391,#4389,#2117,.T.);
#5449=EDGE_CURVE('',#4389,#4392,#2118,.T.);
#5450=EDGE_CURVE('',#4393,#4391,#2119,.T.);
#5451=EDGE_CURVE('',#4392,#4393,#2120,.T.);
#5452=EDGE_CURVE('',#4394,#4395,#2121,.T.);
#5453=EDGE_CURVE('',#4396,#4394,#2122,.T.);
#5454=EDGE_CURVE('',#4397,#4396,#2123,.T.);
#5455=EDGE_CURVE('',#4397,#4395,#2124,.T.);
#5456=EDGE_CURVE('',#4395,#4398,#2125,.T.);
#5457=EDGE_CURVE('',#4399,#4397,#2126,.T.);
#5458=EDGE_CURVE('',#4398,#4399,#2127,.T.);
#5459=EDGE_CURVE('',#4400,#4401,#2128,.T.);
#5460=EDGE_CURVE('',#4402,#4400,#2129,.T.);
#5461=EDGE_CURVE('',#4403,#4402,#2130,.T.);
#5462=EDGE_CURVE('',#4403,#4401,#2131,.T.);
#5463=EDGE_CURVE('',#4401,#4404,#2132,.T.);
#5464=EDGE_CURVE('',#4405,#4403,#2133,.T.);
#5465=EDGE_CURVE('',#4404,#4405,#2134,.T.);
#5466=EDGE_CURVE('',#3523,#3514,#3204,.T.);
#5467=EDGE_CURVE('',#3529,#3520,#3205,.T.);
#5468=EDGE_CURVE('',#3535,#3526,#3206,.T.);
#5469=EDGE_CURVE('',#3541,#3532,#3207,.T.);
#5470=EDGE_CURVE('',#3547,#3538,#3208,.T.);
#5471=EDGE_CURVE('',#3553,#3544,#3209,.T.);
#5472=EDGE_CURVE('',#3559,#3550,#3210,.T.);
#5473=EDGE_CURVE('',#3565,#3556,#3211,.T.);
#5474=EDGE_CURVE('',#3571,#3562,#3212,.T.);
#5475=EDGE_CURVE('',#3577,#3568,#3213,.T.);
#5476=EDGE_CURVE('',#3583,#3574,#3214,.T.);
#5477=EDGE_CURVE('',#3589,#3580,#3215,.T.);
#5478=EDGE_CURVE('',#3595,#3586,#3216,.T.);
#5479=EDGE_CURVE('',#3601,#3592,#3217,.T.);
#5480=EDGE_CURVE('',#3607,#3598,#3218,.T.);
#5481=EDGE_CURVE('',#3613,#3604,#3219,.T.);
#5482=EDGE_CURVE('',#3619,#3610,#3220,.T.);
#5483=EDGE_CURVE('',#3625,#3616,#3221,.T.);
#5484=EDGE_CURVE('',#3631,#3622,#3222,.T.);
#5485=EDGE_CURVE('',#3637,#3628,#3223,.T.);
#5486=EDGE_CURVE('',#3643,#3634,#3224,.T.);
#5487=EDGE_CURVE('',#3649,#3640,#3225,.T.);
#5488=EDGE_CURVE('',#3655,#3646,#3226,.T.);
#5489=EDGE_CURVE('',#3661,#3652,#3227,.T.);
#5490=EDGE_CURVE('',#3667,#3658,#3228,.T.);
#5491=EDGE_CURVE('',#3673,#3664,#3229,.T.);
#5492=EDGE_CURVE('',#3679,#3670,#3230,.T.);
#5493=EDGE_CURVE('',#3685,#3676,#3231,.T.);
#5494=EDGE_CURVE('',#3691,#3682,#3232,.T.);
#5495=EDGE_CURVE('',#3697,#3688,#3233,.T.);
#5496=EDGE_CURVE('',#3703,#3694,#3234,.T.);
#5497=EDGE_CURVE('',#3709,#3700,#3235,.T.);
#5498=EDGE_CURVE('',#3715,#3706,#3236,.T.);
#5499=EDGE_CURVE('',#3721,#3712,#3237,.T.);
#5500=EDGE_CURVE('',#3727,#3718,#3238,.T.);
#5501=EDGE_CURVE('',#3733,#3724,#3239,.T.);
#5502=EDGE_CURVE('',#3739,#3730,#3240,.T.);
#5503=EDGE_CURVE('',#3745,#3736,#3241,.T.);
#5504=EDGE_CURVE('',#3751,#3742,#3242,.T.);
#5505=EDGE_CURVE('',#3757,#3748,#3243,.T.);
#5506=EDGE_CURVE('',#3763,#3754,#3244,.T.);
#5507=EDGE_CURVE('',#3769,#3760,#3245,.T.);
#5508=EDGE_CURVE('',#3775,#3766,#3246,.T.);
#5509=EDGE_CURVE('',#3781,#3772,#3247,.T.);
#5510=EDGE_CURVE('',#3787,#3778,#3248,.T.);
#5511=EDGE_CURVE('',#3793,#3784,#3249,.T.);
#5512=EDGE_CURVE('',#3799,#3790,#3250,.T.);
#5513=EDGE_CURVE('',#3805,#3796,#3251,.T.);
#5514=EDGE_CURVE('',#3811,#3802,#3252,.T.);
#5515=EDGE_CURVE('',#3817,#3808,#3253,.T.);
#5516=EDGE_CURVE('',#3823,#3814,#3254,.T.);
#5517=EDGE_CURVE('',#3829,#3820,#3255,.T.);
#5518=EDGE_CURVE('',#3835,#3826,#3256,.T.);
#5519=EDGE_CURVE('',#3841,#3832,#3257,.T.);
#5520=EDGE_CURVE('',#3847,#3838,#3258,.T.);
#5521=EDGE_CURVE('',#3853,#3844,#3259,.T.);
#5522=EDGE_CURVE('',#3859,#3850,#3260,.T.);
#5523=EDGE_CURVE('',#3865,#3856,#3261,.T.);
#5524=EDGE_CURVE('',#3871,#3862,#3262,.T.);
#5525=EDGE_CURVE('',#3877,#3868,#3263,.T.);
#5526=EDGE_CURVE('',#3883,#3874,#3264,.T.);
#5527=EDGE_CURVE('',#3889,#3880,#3265,.T.);
#5528=EDGE_CURVE('',#3895,#3886,#3266,.T.);
#5529=EDGE_CURVE('',#3901,#3892,#3267,.T.);
#5530=EDGE_CURVE('',#3907,#3898,#3268,.T.);
#5531=EDGE_CURVE('',#3913,#3904,#3269,.T.);
#5532=EDGE_CURVE('',#3919,#3910,#3270,.T.);
#5533=EDGE_CURVE('',#3925,#3916,#3271,.T.);
#5534=EDGE_CURVE('',#3931,#3922,#3272,.T.);
#5535=EDGE_CURVE('',#3937,#3928,#3273,.T.);
#5536=EDGE_CURVE('',#3943,#3934,#3274,.T.);
#5537=EDGE_CURVE('',#3949,#3940,#3275,.T.);
#5538=EDGE_CURVE('',#3955,#3946,#3276,.T.);
#5539=EDGE_CURVE('',#3961,#3952,#3277,.T.);
#5540=EDGE_CURVE('',#3967,#3958,#3278,.T.);
#5541=EDGE_CURVE('',#3973,#3964,#3279,.T.);
#5542=EDGE_CURVE('',#3979,#3970,#3280,.T.);
#5543=EDGE_CURVE('',#3985,#3976,#3281,.T.);
#5544=EDGE_CURVE('',#3991,#3982,#3282,.T.);
#5545=EDGE_CURVE('',#3997,#3988,#3283,.T.);
#5546=EDGE_CURVE('',#4003,#3994,#3284,.T.);
#5547=EDGE_CURVE('',#4009,#4000,#3285,.T.);
#5548=EDGE_CURVE('',#4015,#4006,#3286,.T.);
#5549=EDGE_CURVE('',#4021,#4012,#3287,.T.);
#5550=EDGE_CURVE('',#4027,#4018,#3288,.T.);
#5551=EDGE_CURVE('',#4033,#4024,#3289,.T.);
#5552=EDGE_CURVE('',#4039,#4030,#3290,.T.);
#5553=EDGE_CURVE('',#4045,#4036,#3291,.T.);
#5554=EDGE_CURVE('',#4051,#4042,#3292,.T.);
#5555=EDGE_CURVE('',#4057,#4048,#3293,.T.);
#5556=EDGE_CURVE('',#4063,#4054,#3294,.T.);
#5557=EDGE_CURVE('',#4069,#4060,#3295,.T.);
#5558=EDGE_CURVE('',#4075,#4066,#3296,.T.);
#5559=EDGE_CURVE('',#4081,#4072,#3297,.T.);
#5560=EDGE_CURVE('',#4087,#4078,#3298,.T.);
#5561=EDGE_CURVE('',#4093,#4084,#3299,.T.);
#5562=EDGE_CURVE('',#4099,#4090,#3300,.T.);
#5563=EDGE_CURVE('',#4105,#4096,#3301,.T.);
#5564=EDGE_CURVE('',#4111,#4102,#3302,.T.);
#5565=EDGE_CURVE('',#4117,#4108,#3303,.T.);
#5566=EDGE_CURVE('',#4123,#4114,#3304,.T.);
#5567=EDGE_CURVE('',#4129,#4120,#3305,.T.);
#5568=EDGE_CURVE('',#4135,#4126,#3306,.T.);
#5569=EDGE_CURVE('',#4141,#4132,#3307,.T.);
#5570=EDGE_CURVE('',#4147,#4138,#3308,.T.);
#5571=EDGE_CURVE('',#4153,#4144,#3309,.T.);
#5572=EDGE_CURVE('',#4159,#4150,#3310,.T.);
#5573=EDGE_CURVE('',#4165,#4156,#3311,.T.);
#5574=EDGE_CURVE('',#4171,#4162,#3312,.T.);
#5575=EDGE_CURVE('',#4177,#4168,#3313,.T.);
#5576=EDGE_CURVE('',#4183,#4174,#3314,.T.);
#5577=EDGE_CURVE('',#4189,#4180,#3315,.T.);
#5578=EDGE_CURVE('',#4195,#4186,#3316,.T.);
#5579=EDGE_CURVE('',#4201,#4192,#3317,.T.);
#5580=EDGE_CURVE('',#4207,#4198,#3318,.T.);
#5581=EDGE_CURVE('',#4213,#4204,#3319,.T.);
#5582=EDGE_CURVE('',#4219,#4210,#3320,.T.);
#5583=EDGE_CURVE('',#4225,#4216,#3321,.T.);
#5584=EDGE_CURVE('',#4231,#4222,#3322,.T.);
#5585=EDGE_CURVE('',#4237,#4228,#3323,.T.);
#5586=EDGE_CURVE('',#4243,#4234,#3324,.T.);
#5587=EDGE_CURVE('',#4249,#4240,#3325,.T.);
#5588=EDGE_CURVE('',#4255,#4246,#3326,.T.);
#5589=EDGE_CURVE('',#4261,#4252,#3327,.T.);
#5590=EDGE_CURVE('',#4267,#4258,#3328,.T.);
#5591=EDGE_CURVE('',#4273,#4264,#3329,.T.);
#5592=EDGE_CURVE('',#4279,#4270,#3330,.T.);
#5593=EDGE_CURVE('',#4285,#4276,#3331,.T.);
#5594=EDGE_CURVE('',#4291,#4282,#3332,.T.);
#5595=EDGE_CURVE('',#4297,#4288,#3333,.T.);
#5596=EDGE_CURVE('',#4303,#4294,#3334,.T.);
#5597=EDGE_CURVE('',#4309,#4300,#3335,.T.);
#5598=EDGE_CURVE('',#4315,#4306,#3336,.T.);
#5599=EDGE_CURVE('',#4321,#4312,#3337,.T.);
#5600=EDGE_CURVE('',#4327,#4318,#3338,.T.);
#5601=EDGE_CURVE('',#4333,#4324,#3339,.T.);
#5602=EDGE_CURVE('',#4339,#4330,#3340,.T.);
#5603=EDGE_CURVE('',#4345,#4336,#3341,.T.);
#5604=EDGE_CURVE('',#4351,#4342,#3342,.T.);
#5605=EDGE_CURVE('',#4357,#4348,#3343,.T.);
#5606=EDGE_CURVE('',#4363,#4354,#3344,.T.);
#5607=EDGE_CURVE('',#4369,#4360,#3345,.T.);
#5608=EDGE_CURVE('',#4375,#4366,#3346,.T.);
#5609=EDGE_CURVE('',#4381,#4372,#3347,.T.);
#5610=EDGE_CURVE('',#4387,#4378,#3348,.T.);
#5611=EDGE_CURVE('',#4393,#4384,#3349,.T.);
#5612=EDGE_CURVE('',#4399,#4390,#3350,.T.);
#5613=EDGE_CURVE('',#4405,#4396,#3351,.T.);
#5614=EDGE_CURVE('',#4406,#4402,#3352,.T.);
#5615=EDGE_CURVE('',#4406,#4407,#2135,.T.);
#5616=EDGE_CURVE('',#4407,#4408,#2136,.T.);
#5617=EDGE_CURVE('',#3517,#4408,#3353,.T.);
#5618=EDGE_CURVE('',#4409,#4400,#3354,.T.);
#5619=EDGE_CURVE('',#4409,#4406,#2137,.T.);
#5620=EDGE_CURVE('',#4404,#4394,#3355,.T.);
#5621=EDGE_CURVE('',#4398,#4388,#3356,.T.);
#5622=EDGE_CURVE('',#4392,#4382,#3357,.T.);
#5623=EDGE_CURVE('',#4386,#4376,#3358,.T.);
#5624=EDGE_CURVE('',#4380,#4370,#3359,.T.);
#5625=EDGE_CURVE('',#4374,#4364,#3360,.T.);
#5626=EDGE_CURVE('',#4368,#4358,#3361,.T.);
#5627=EDGE_CURVE('',#4362,#4352,#3362,.T.);
#5628=EDGE_CURVE('',#4356,#4346,#3363,.T.);
#5629=EDGE_CURVE('',#4350,#4340,#3364,.T.);
#5630=EDGE_CURVE('',#4344,#4334,#3365,.T.);
#5631=EDGE_CURVE('',#4338,#4328,#3366,.T.);
#5632=EDGE_CURVE('',#4332,#4322,#3367,.T.);
#5633=EDGE_CURVE('',#4326,#4316,#3368,.T.);
#5634=EDGE_CURVE('',#4320,#4310,#3369,.T.);
#5635=EDGE_CURVE('',#4314,#4304,#3370,.T.);
#5636=EDGE_CURVE('',#4308,#4298,#3371,.T.);
#5637=EDGE_CURVE('',#4302,#4292,#3372,.T.);
#5638=EDGE_CURVE('',#4296,#4286,#3373,.T.);
#5639=EDGE_CURVE('',#4290,#4280,#3374,.T.);
#5640=EDGE_CURVE('',#4284,#4274,#3375,.T.);
#5641=EDGE_CURVE('',#4278,#4268,#3376,.T.);
#5642=EDGE_CURVE('',#4272,#4262,#3377,.T.);
#5643=EDGE_CURVE('',#4266,#4256,#3378,.T.);
#5644=EDGE_CURVE('',#4260,#4250,#3379,.T.);
#5645=EDGE_CURVE('',#4254,#4244,#3380,.T.);
#5646=EDGE_CURVE('',#4248,#4238,#3381,.T.);
#5647=EDGE_CURVE('',#4242,#4232,#3382,.T.);
#5648=EDGE_CURVE('',#4236,#4226,#3383,.T.);
#5649=EDGE_CURVE('',#4230,#4220,#3384,.T.);
#5650=EDGE_CURVE('',#4224,#4214,#3385,.T.);
#5651=EDGE_CURVE('',#4218,#4208,#3386,.T.);
#5652=EDGE_CURVE('',#4212,#4202,#3387,.T.);
#5653=EDGE_CURVE('',#4206,#4196,#3388,.T.);
#5654=EDGE_CURVE('',#4200,#4190,#3389,.T.);
#5655=EDGE_CURVE('',#4194,#4184,#3390,.T.);
#5656=EDGE_CURVE('',#4188,#4178,#3391,.T.);
#5657=EDGE_CURVE('',#4182,#4172,#3392,.T.);
#5658=EDGE_CURVE('',#4176,#4166,#3393,.T.);
#5659=EDGE_CURVE('',#4170,#4160,#3394,.T.);
#5660=EDGE_CURVE('',#4164,#4154,#3395,.T.);
#5661=EDGE_CURVE('',#4158,#4148,#3396,.T.);
#5662=EDGE_CURVE('',#4152,#4142,#3397,.T.);
#5663=EDGE_CURVE('',#4146,#4136,#3398,.T.);
#5664=EDGE_CURVE('',#4140,#4130,#3399,.T.);
#5665=EDGE_CURVE('',#4134,#4124,#3400,.T.);
#5666=EDGE_CURVE('',#4128,#4118,#3401,.T.);
#5667=EDGE_CURVE('',#4122,#4112,#3402,.T.);
#5668=EDGE_CURVE('',#4116,#4106,#3403,.T.);
#5669=EDGE_CURVE('',#4110,#4100,#3404,.T.);
#5670=EDGE_CURVE('',#4104,#4094,#3405,.T.);
#5671=EDGE_CURVE('',#4098,#4088,#3406,.T.);
#5672=EDGE_CURVE('',#4092,#4082,#3407,.T.);
#5673=EDGE_CURVE('',#4086,#4076,#3408,.T.);
#5674=EDGE_CURVE('',#4080,#4070,#3409,.T.);
#5675=EDGE_CURVE('',#4074,#4064,#3410,.T.);
#5676=EDGE_CURVE('',#4068,#4058,#3411,.T.);
#5677=EDGE_CURVE('',#4062,#4052,#3412,.T.);
#5678=EDGE_CURVE('',#4056,#4046,#3413,.T.);
#5679=EDGE_CURVE('',#4050,#4040,#3414,.T.);
#5680=EDGE_CURVE('',#4044,#4034,#3415,.T.);
#5681=EDGE_CURVE('',#4038,#4028,#3416,.T.);
#5682=EDGE_CURVE('',#4032,#4022,#3417,.T.);
#5683=EDGE_CURVE('',#4026,#4016,#3418,.T.);
#5684=EDGE_CURVE('',#4020,#4010,#3419,.T.);
#5685=EDGE_CURVE('',#4014,#4004,#3420,.T.);
#5686=EDGE_CURVE('',#4008,#3998,#3421,.T.);
#5687=EDGE_CURVE('',#4002,#3992,#3422,.T.);
#5688=EDGE_CURVE('',#3996,#3986,#3423,.T.);
#5689=EDGE_CURVE('',#3990,#3980,#3424,.T.);
#5690=EDGE_CURVE('',#3984,#3974,#3425,.T.);
#5691=EDGE_CURVE('',#3978,#3968,#3426,.T.);
#5692=EDGE_CURVE('',#3972,#3962,#3427,.T.);
#5693=EDGE_CURVE('',#3966,#3956,#3428,.T.);
#5694=EDGE_CURVE('',#3960,#3950,#3429,.T.);
#5695=EDGE_CURVE('',#3954,#3944,#3430,.T.);
#5696=EDGE_CURVE('',#3948,#3938,#3431,.T.);
#5697=EDGE_CURVE('',#3942,#3932,#3432,.T.);
#5698=EDGE_CURVE('',#3936,#3926,#3433,.T.);
#5699=EDGE_CURVE('',#3930,#3920,#3434,.T.);
#5700=EDGE_CURVE('',#3924,#3914,#3435,.T.);
#5701=EDGE_CURVE('',#3918,#3908,#3436,.T.);
#5702=EDGE_CURVE('',#3912,#3902,#3437,.T.);
#5703=EDGE_CURVE('',#3906,#3896,#3438,.T.);
#5704=EDGE_CURVE('',#3900,#3890,#3439,.T.);
#5705=EDGE_CURVE('',#3894,#3884,#3440,.T.);
#5706=EDGE_CURVE('',#3888,#3878,#3441,.T.);
#5707=EDGE_CURVE('',#3882,#3872,#3442,.T.);
#5708=EDGE_CURVE('',#3876,#3866,#3443,.T.);
#5709=EDGE_CURVE('',#3870,#3860,#3444,.T.);
#5710=EDGE_CURVE('',#3864,#3854,#3445,.T.);
#5711=EDGE_CURVE('',#3858,#3848,#3446,.T.);
#5712=EDGE_CURVE('',#3852,#3842,#3447,.T.);
#5713=EDGE_CURVE('',#3846,#3836,#3448,.T.);
#5714=EDGE_CURVE('',#3840,#3830,#3449,.T.);
#5715=EDGE_CURVE('',#3834,#3824,#3450,.T.);
#5716=EDGE_CURVE('',#3828,#3818,#3451,.T.);
#5717=EDGE_CURVE('',#3822,#3812,#3452,.T.);
#5718=EDGE_CURVE('',#3816,#3806,#3453,.T.);
#5719=EDGE_CURVE('',#3810,#3800,#3454,.T.);
#5720=EDGE_CURVE('',#3804,#3794,#3455,.T.);
#5721=EDGE_CURVE('',#3798,#3788,#3456,.T.);
#5722=EDGE_CURVE('',#3792,#3782,#3457,.T.);
#5723=EDGE_CURVE('',#3786,#3776,#3458,.T.);
#5724=EDGE_CURVE('',#3780,#3770,#3459,.T.);
#5725=EDGE_CURVE('',#3774,#3764,#3460,.T.);
#5726=EDGE_CURVE('',#3768,#3758,#3461,.T.);
#5727=EDGE_CURVE('',#3762,#3752,#3462,.T.);
#5728=EDGE_CURVE('',#3756,#3746,#3463,.T.);
#5729=EDGE_CURVE('',#3750,#3740,#3464,.T.);
#5730=EDGE_CURVE('',#3744,#3734,#3465,.T.);
#5731=EDGE_CURVE('',#3738,#3728,#3466,.T.);
#5732=EDGE_CURVE('',#3732,#3722,#3467,.T.);
#5733=EDGE_CURVE('',#3726,#3716,#3468,.T.);
#5734=EDGE_CURVE('',#3720,#3710,#3469,.T.);
#5735=EDGE_CURVE('',#3714,#3704,#3470,.T.);
#5736=EDGE_CURVE('',#3708,#3698,#3471,.T.);
#5737=EDGE_CURVE('',#3702,#3692,#3472,.T.);
#5738=EDGE_CURVE('',#3696,#3686,#3473,.T.);
#5739=EDGE_CURVE('',#3690,#3680,#3474,.T.);
#5740=EDGE_CURVE('',#3684,#3674,#3475,.T.);
#5741=EDGE_CURVE('',#3678,#3668,#3476,.T.);
#5742=EDGE_CURVE('',#3672,#3662,#3477,.T.);
#5743=EDGE_CURVE('',#3666,#3656,#3478,.T.);
#5744=EDGE_CURVE('',#3660,#3650,#3479,.T.);
#5745=EDGE_CURVE('',#3654,#3644,#3480,.T.);
#5746=EDGE_CURVE('',#3648,#3638,#3481,.T.);
#5747=EDGE_CURVE('',#3642,#3632,#3482,.T.);
#5748=EDGE_CURVE('',#3636,#3626,#3483,.T.);
#5749=EDGE_CURVE('',#3630,#3620,#3484,.T.);
#5750=EDGE_CURVE('',#3624,#3614,#3485,.T.);
#5751=EDGE_CURVE('',#3618,#3608,#3486,.T.);
#5752=EDGE_CURVE('',#3612,#3602,#3487,.T.);
#5753=EDGE_CURVE('',#3606,#3596,#3488,.T.);
#5754=EDGE_CURVE('',#3600,#3590,#3489,.T.);
#5755=EDGE_CURVE('',#3594,#3584,#3490,.T.);
#5756=EDGE_CURVE('',#3588,#3578,#3491,.T.);
#5757=EDGE_CURVE('',#3582,#3572,#3492,.T.);
#5758=EDGE_CURVE('',#3576,#3566,#3493,.T.);
#5759=EDGE_CURVE('',#3570,#3560,#3494,.T.);
#5760=EDGE_CURVE('',#3564,#3554,#3495,.T.);
#5761=EDGE_CURVE('',#3558,#3548,#3496,.T.);
#5762=EDGE_CURVE('',#3552,#3542,#3497,.T.);
#5763=EDGE_CURVE('',#3546,#3536,#3498,.T.);
#5764=EDGE_CURVE('',#3540,#3530,#3499,.T.);
#5765=EDGE_CURVE('',#3534,#3524,#3500,.T.);
#5766=EDGE_CURVE('',#3528,#3518,#3501,.T.);
#5767=EDGE_CURVE('',#3522,#3512,#3502,.T.);
#5768=EDGE_CURVE('',#4410,#4411,#2138,.T.);
#5769=EDGE_CURVE('',#4408,#4410,#2139,.T.);
#5770=EDGE_CURVE('',#4407,#4411,#2140,.T.);
#5771=EDGE_CURVE('',#4411,#4409,#2141,.T.);
#5772=EDGE_CURVE('',#3516,#4410,#3503,.T.);
#5773=EDGE_CURVE('',#4412,#4412,#3504,.T.);
#5774=EDGE_CURVE('',#3508,#4412,#2142,.T.);
#5775=ORIENTED_EDGE('',*,*,#4413,.F.);
#5776=ORIENTED_EDGE('',*,*,#4414,.F.);
#5777=ORIENTED_EDGE('',*,*,#4415,.F.);
#5778=ORIENTED_EDGE('',*,*,#4416,.T.);
#5779=ORIENTED_EDGE('',*,*,#4417,.T.);
#5780=ORIENTED_EDGE('',*,*,#4414,.T.);
#5781=ORIENTED_EDGE('',*,*,#4418,.T.);
#5782=ORIENTED_EDGE('',*,*,#4419,.T.);
#5783=ORIENTED_EDGE('',*,*,#4420,.F.);
#5784=ORIENTED_EDGE('',*,*,#4417,.F.);
#5785=ORIENTED_EDGE('',*,*,#4421,.T.);
#5786=ORIENTED_EDGE('',*,*,#4415,.T.);
#5787=ORIENTED_EDGE('',*,*,#4420,.T.);
#5788=ORIENTED_EDGE('',*,*,#4422,.T.);
#5789=ORIENTED_EDGE('',*,*,#4418,.F.);
#5790=ORIENTED_EDGE('',*,*,#4413,.T.);
#5791=ORIENTED_EDGE('',*,*,#4421,.F.);
#5792=ORIENTED_EDGE('',*,*,#4422,.F.);
#5793=ORIENTED_EDGE('',*,*,#4419,.F.);
#5794=ORIENTED_EDGE('',*,*,#4423,.F.);
#5795=ORIENTED_EDGE('',*,*,#4424,.F.);
#5796=ORIENTED_EDGE('',*,*,#4425,.F.);
#5797=ORIENTED_EDGE('',*,*,#4426,.T.);
#5798=ORIENTED_EDGE('',*,*,#4427,.F.);
#5799=ORIENTED_EDGE('',*,*,#4426,.F.);
#5800=ORIENTED_EDGE('',*,*,#4428,.F.);
#5801=ORIENTED_EDGE('',*,*,#4429,.F.);
#5802=ORIENTED_EDGE('',*,*,#4430,.F.);
#5803=ORIENTED_EDGE('',*,*,#4431,.F.);
#5804=ORIENTED_EDGE('',*,*,#4432,.F.);
#5805=ORIENTED_EDGE('',*,*,#4433,.T.);
#5806=ORIENTED_EDGE('',*,*,#4434,.F.);
#5807=ORIENTED_EDGE('',*,*,#4433,.F.);
#5808=ORIENTED_EDGE('',*,*,#4435,.F.);
#5809=ORIENTED_EDGE('',*,*,#4436,.F.);
#5810=ORIENTED_EDGE('',*,*,#4437,.F.);
#5811=ORIENTED_EDGE('',*,*,#4438,.F.);
#5812=ORIENTED_EDGE('',*,*,#4439,.F.);
#5813=ORIENTED_EDGE('',*,*,#4440,.T.);
#5814=ORIENTED_EDGE('',*,*,#4441,.F.);
#5815=ORIENTED_EDGE('',*,*,#4440,.F.);
#5816=ORIENTED_EDGE('',*,*,#4442,.F.);
#5817=ORIENTED_EDGE('',*,*,#4443,.F.);
#5818=ORIENTED_EDGE('',*,*,#4444,.F.);
#5819=ORIENTED_EDGE('',*,*,#4445,.F.);
#5820=ORIENTED_EDGE('',*,*,#4446,.F.);
#5821=ORIENTED_EDGE('',*,*,#4447,.T.);
#5822=ORIENTED_EDGE('',*,*,#4448,.F.);
#5823=ORIENTED_EDGE('',*,*,#4447,.F.);
#5824=ORIENTED_EDGE('',*,*,#4449,.F.);
#5825=ORIENTED_EDGE('',*,*,#4450,.F.);
#5826=ORIENTED_EDGE('',*,*,#4451,.F.);
#5827=ORIENTED_EDGE('',*,*,#4452,.F.);
#5828=ORIENTED_EDGE('',*,*,#4453,.F.);
#5829=ORIENTED_EDGE('',*,*,#4454,.T.);
#5830=ORIENTED_EDGE('',*,*,#4455,.F.);
#5831=ORIENTED_EDGE('',*,*,#4454,.F.);
#5832=ORIENTED_EDGE('',*,*,#4456,.F.);
#5833=ORIENTED_EDGE('',*,*,#4457,.F.);
#5834=ORIENTED_EDGE('',*,*,#4458,.F.);
#5835=ORIENTED_EDGE('',*,*,#4459,.F.);
#5836=ORIENTED_EDGE('',*,*,#4460,.F.);
#5837=ORIENTED_EDGE('',*,*,#4461,.T.);
#5838=ORIENTED_EDGE('',*,*,#4462,.F.);
#5839=ORIENTED_EDGE('',*,*,#4461,.F.);
#5840=ORIENTED_EDGE('',*,*,#4463,.F.);
#5841=ORIENTED_EDGE('',*,*,#4464,.F.);
#5842=ORIENTED_EDGE('',*,*,#4465,.F.);
#5843=ORIENTED_EDGE('',*,*,#4466,.F.);
#5844=ORIENTED_EDGE('',*,*,#4467,.F.);
#5845=ORIENTED_EDGE('',*,*,#4468,.T.);
#5846=ORIENTED_EDGE('',*,*,#4469,.F.);
#5847=ORIENTED_EDGE('',*,*,#4468,.F.);
#5848=ORIENTED_EDGE('',*,*,#4470,.F.);
#5849=ORIENTED_EDGE('',*,*,#4471,.F.);
#5850=ORIENTED_EDGE('',*,*,#4472,.F.);
#5851=ORIENTED_EDGE('',*,*,#4473,.F.);
#5852=ORIENTED_EDGE('',*,*,#4474,.F.);
#5853=ORIENTED_EDGE('',*,*,#4475,.T.);
#5854=ORIENTED_EDGE('',*,*,#4476,.F.);
#5855=ORIENTED_EDGE('',*,*,#4475,.F.);
#5856=ORIENTED_EDGE('',*,*,#4477,.F.);
#5857=ORIENTED_EDGE('',*,*,#4478,.F.);
#5858=ORIENTED_EDGE('',*,*,#4479,.F.);
#5859=ORIENTED_EDGE('',*,*,#4480,.F.);
#5860=ORIENTED_EDGE('',*,*,#4481,.F.);
#5861=ORIENTED_EDGE('',*,*,#4482,.T.);
#5862=ORIENTED_EDGE('',*,*,#4483,.F.);
#5863=ORIENTED_EDGE('',*,*,#4482,.F.);
#5864=ORIENTED_EDGE('',*,*,#4484,.F.);
#5865=ORIENTED_EDGE('',*,*,#4485,.F.);
#5866=ORIENTED_EDGE('',*,*,#4486,.F.);
#5867=ORIENTED_EDGE('',*,*,#4487,.F.);
#5868=ORIENTED_EDGE('',*,*,#4488,.F.);
#5869=ORIENTED_EDGE('',*,*,#4489,.T.);
#5870=ORIENTED_EDGE('',*,*,#4490,.F.);
#5871=ORIENTED_EDGE('',*,*,#4489,.F.);
#5872=ORIENTED_EDGE('',*,*,#4491,.F.);
#5873=ORIENTED_EDGE('',*,*,#4492,.F.);
#5874=ORIENTED_EDGE('',*,*,#4493,.F.);
#5875=ORIENTED_EDGE('',*,*,#4494,.F.);
#5876=ORIENTED_EDGE('',*,*,#4495,.F.);
#5877=ORIENTED_EDGE('',*,*,#4496,.T.);
#5878=ORIENTED_EDGE('',*,*,#4497,.F.);
#5879=ORIENTED_EDGE('',*,*,#4496,.F.);
#5880=ORIENTED_EDGE('',*,*,#4498,.F.);
#5881=ORIENTED_EDGE('',*,*,#4499,.F.);
#5882=ORIENTED_EDGE('',*,*,#4500,.F.);
#5883=ORIENTED_EDGE('',*,*,#4501,.F.);
#5884=ORIENTED_EDGE('',*,*,#4502,.F.);
#5885=ORIENTED_EDGE('',*,*,#4503,.T.);
#5886=ORIENTED_EDGE('',*,*,#4504,.F.);
#5887=ORIENTED_EDGE('',*,*,#4503,.F.);
#5888=ORIENTED_EDGE('',*,*,#4505,.F.);
#5889=ORIENTED_EDGE('',*,*,#4506,.F.);
#5890=ORIENTED_EDGE('',*,*,#4507,.F.);
#5891=ORIENTED_EDGE('',*,*,#4508,.F.);
#5892=ORIENTED_EDGE('',*,*,#4509,.F.);
#5893=ORIENTED_EDGE('',*,*,#4510,.T.);
#5894=ORIENTED_EDGE('',*,*,#4511,.F.);
#5895=ORIENTED_EDGE('',*,*,#4510,.F.);
#5896=ORIENTED_EDGE('',*,*,#4512,.F.);
#5897=ORIENTED_EDGE('',*,*,#4513,.F.);
#5898=ORIENTED_EDGE('',*,*,#4514,.F.);
#5899=ORIENTED_EDGE('',*,*,#4515,.F.);
#5900=ORIENTED_EDGE('',*,*,#4516,.F.);
#5901=ORIENTED_EDGE('',*,*,#4517,.T.);
#5902=ORIENTED_EDGE('',*,*,#4518,.F.);
#5903=ORIENTED_EDGE('',*,*,#4517,.F.);
#5904=ORIENTED_EDGE('',*,*,#4519,.F.);
#5905=ORIENTED_EDGE('',*,*,#4520,.F.);
#5906=ORIENTED_EDGE('',*,*,#4521,.F.);
#5907=ORIENTED_EDGE('',*,*,#4522,.F.);
#5908=ORIENTED_EDGE('',*,*,#4523,.F.);
#5909=ORIENTED_EDGE('',*,*,#4524,.T.);
#5910=ORIENTED_EDGE('',*,*,#4525,.F.);
#5911=ORIENTED_EDGE('',*,*,#4524,.F.);
#5912=ORIENTED_EDGE('',*,*,#4526,.F.);
#5913=ORIENTED_EDGE('',*,*,#4527,.F.);
#5914=ORIENTED_EDGE('',*,*,#4528,.F.);
#5915=ORIENTED_EDGE('',*,*,#4529,.F.);
#5916=ORIENTED_EDGE('',*,*,#4530,.F.);
#5917=ORIENTED_EDGE('',*,*,#4531,.T.);
#5918=ORIENTED_EDGE('',*,*,#4532,.F.);
#5919=ORIENTED_EDGE('',*,*,#4531,.F.);
#5920=ORIENTED_EDGE('',*,*,#4533,.F.);
#5921=ORIENTED_EDGE('',*,*,#4534,.F.);
#5922=ORIENTED_EDGE('',*,*,#4535,.F.);
#5923=ORIENTED_EDGE('',*,*,#4536,.F.);
#5924=ORIENTED_EDGE('',*,*,#4537,.F.);
#5925=ORIENTED_EDGE('',*,*,#4538,.T.);
#5926=ORIENTED_EDGE('',*,*,#4539,.F.);
#5927=ORIENTED_EDGE('',*,*,#4538,.F.);
#5928=ORIENTED_EDGE('',*,*,#4540,.F.);
#5929=ORIENTED_EDGE('',*,*,#4541,.F.);
#5930=ORIENTED_EDGE('',*,*,#4542,.F.);
#5931=ORIENTED_EDGE('',*,*,#4543,.F.);
#5932=ORIENTED_EDGE('',*,*,#4544,.F.);
#5933=ORIENTED_EDGE('',*,*,#4545,.T.);
#5934=ORIENTED_EDGE('',*,*,#4546,.F.);
#5935=ORIENTED_EDGE('',*,*,#4545,.F.);
#5936=ORIENTED_EDGE('',*,*,#4547,.F.);
#5937=ORIENTED_EDGE('',*,*,#4548,.F.);
#5938=ORIENTED_EDGE('',*,*,#4549,.F.);
#5939=ORIENTED_EDGE('',*,*,#4550,.F.);
#5940=ORIENTED_EDGE('',*,*,#4551,.F.);
#5941=ORIENTED_EDGE('',*,*,#4552,.T.);
#5942=ORIENTED_EDGE('',*,*,#4553,.F.);
#5943=ORIENTED_EDGE('',*,*,#4552,.F.);
#5944=ORIENTED_EDGE('',*,*,#4554,.F.);
#5945=ORIENTED_EDGE('',*,*,#4555,.F.);
#5946=ORIENTED_EDGE('',*,*,#4556,.F.);
#5947=ORIENTED_EDGE('',*,*,#4557,.F.);
#5948=ORIENTED_EDGE('',*,*,#4558,.F.);
#5949=ORIENTED_EDGE('',*,*,#4559,.T.);
#5950=ORIENTED_EDGE('',*,*,#4560,.F.);
#5951=ORIENTED_EDGE('',*,*,#4559,.F.);
#5952=ORIENTED_EDGE('',*,*,#4561,.F.);
#5953=ORIENTED_EDGE('',*,*,#4562,.F.);
#5954=ORIENTED_EDGE('',*,*,#4563,.F.);
#5955=ORIENTED_EDGE('',*,*,#4564,.F.);
#5956=ORIENTED_EDGE('',*,*,#4565,.F.);
#5957=ORIENTED_EDGE('',*,*,#4566,.T.);
#5958=ORIENTED_EDGE('',*,*,#4567,.F.);
#5959=ORIENTED_EDGE('',*,*,#4566,.F.);
#5960=ORIENTED_EDGE('',*,*,#4568,.F.);
#5961=ORIENTED_EDGE('',*,*,#4569,.F.);
#5962=ORIENTED_EDGE('',*,*,#4570,.F.);
#5963=ORIENTED_EDGE('',*,*,#4571,.F.);
#5964=ORIENTED_EDGE('',*,*,#4572,.F.);
#5965=ORIENTED_EDGE('',*,*,#4573,.T.);
#5966=ORIENTED_EDGE('',*,*,#4574,.F.);
#5967=ORIENTED_EDGE('',*,*,#4573,.F.);
#5968=ORIENTED_EDGE('',*,*,#4575,.F.);
#5969=ORIENTED_EDGE('',*,*,#4576,.F.);
#5970=ORIENTED_EDGE('',*,*,#4577,.F.);
#5971=ORIENTED_EDGE('',*,*,#4578,.F.);
#5972=ORIENTED_EDGE('',*,*,#4579,.F.);
#5973=ORIENTED_EDGE('',*,*,#4580,.T.);
#5974=ORIENTED_EDGE('',*,*,#4581,.F.);
#5975=ORIENTED_EDGE('',*,*,#4580,.F.);
#5976=ORIENTED_EDGE('',*,*,#4582,.F.);
#5977=ORIENTED_EDGE('',*,*,#4583,.F.);
#5978=ORIENTED_EDGE('',*,*,#4584,.F.);
#5979=ORIENTED_EDGE('',*,*,#4585,.F.);
#5980=ORIENTED_EDGE('',*,*,#4586,.F.);
#5981=ORIENTED_EDGE('',*,*,#4587,.T.);
#5982=ORIENTED_EDGE('',*,*,#4588,.F.);
#5983=ORIENTED_EDGE('',*,*,#4587,.F.);
#5984=ORIENTED_EDGE('',*,*,#4589,.F.);
#5985=ORIENTED_EDGE('',*,*,#4590,.F.);
#5986=ORIENTED_EDGE('',*,*,#4591,.F.);
#5987=ORIENTED_EDGE('',*,*,#4592,.F.);
#5988=ORIENTED_EDGE('',*,*,#4593,.F.);
#5989=ORIENTED_EDGE('',*,*,#4594,.T.);
#5990=ORIENTED_EDGE('',*,*,#4595,.F.);
#5991=ORIENTED_EDGE('',*,*,#4594,.F.);
#5992=ORIENTED_EDGE('',*,*,#4596,.F.);
#5993=ORIENTED_EDGE('',*,*,#4597,.F.);
#5994=ORIENTED_EDGE('',*,*,#4598,.F.);
#5995=ORIENTED_EDGE('',*,*,#4599,.F.);
#5996=ORIENTED_EDGE('',*,*,#4600,.F.);
#5997=ORIENTED_EDGE('',*,*,#4601,.T.);
#5998=ORIENTED_EDGE('',*,*,#4602,.F.);
#5999=ORIENTED_EDGE('',*,*,#4601,.F.);
#6000=ORIENTED_EDGE('',*,*,#4603,.F.);
#6001=ORIENTED_EDGE('',*,*,#4604,.F.);
#6002=ORIENTED_EDGE('',*,*,#4605,.F.);
#6003=ORIENTED_EDGE('',*,*,#4606,.F.);
#6004=ORIENTED_EDGE('',*,*,#4607,.F.);
#6005=ORIENTED_EDGE('',*,*,#4608,.T.);
#6006=ORIENTED_EDGE('',*,*,#4609,.F.);
#6007=ORIENTED_EDGE('',*,*,#4608,.F.);
#6008=ORIENTED_EDGE('',*,*,#4610,.F.);
#6009=ORIENTED_EDGE('',*,*,#4611,.F.);
#6010=ORIENTED_EDGE('',*,*,#4612,.F.);
#6011=ORIENTED_EDGE('',*,*,#4613,.F.);
#6012=ORIENTED_EDGE('',*,*,#4614,.F.);
#6013=ORIENTED_EDGE('',*,*,#4615,.T.);
#6014=ORIENTED_EDGE('',*,*,#4616,.F.);
#6015=ORIENTED_EDGE('',*,*,#4615,.F.);
#6016=ORIENTED_EDGE('',*,*,#4617,.F.);
#6017=ORIENTED_EDGE('',*,*,#4618,.F.);
#6018=ORIENTED_EDGE('',*,*,#4619,.F.);
#6019=ORIENTED_EDGE('',*,*,#4620,.F.);
#6020=ORIENTED_EDGE('',*,*,#4621,.F.);
#6021=ORIENTED_EDGE('',*,*,#4622,.T.);
#6022=ORIENTED_EDGE('',*,*,#4623,.F.);
#6023=ORIENTED_EDGE('',*,*,#4622,.F.);
#6024=ORIENTED_EDGE('',*,*,#4624,.F.);
#6025=ORIENTED_EDGE('',*,*,#4625,.F.);
#6026=ORIENTED_EDGE('',*,*,#4626,.F.);
#6027=ORIENTED_EDGE('',*,*,#4627,.F.);
#6028=ORIENTED_EDGE('',*,*,#4628,.F.);
#6029=ORIENTED_EDGE('',*,*,#4629,.T.);
#6030=ORIENTED_EDGE('',*,*,#4630,.F.);
#6031=ORIENTED_EDGE('',*,*,#4629,.F.);
#6032=ORIENTED_EDGE('',*,*,#4631,.F.);
#6033=ORIENTED_EDGE('',*,*,#4632,.F.);
#6034=ORIENTED_EDGE('',*,*,#4633,.F.);
#6035=ORIENTED_EDGE('',*,*,#4634,.F.);
#6036=ORIENTED_EDGE('',*,*,#4635,.F.);
#6037=ORIENTED_EDGE('',*,*,#4636,.T.);
#6038=ORIENTED_EDGE('',*,*,#4637,.F.);
#6039=ORIENTED_EDGE('',*,*,#4636,.F.);
#6040=ORIENTED_EDGE('',*,*,#4638,.F.);
#6041=ORIENTED_EDGE('',*,*,#4639,.F.);
#6042=ORIENTED_EDGE('',*,*,#4640,.F.);
#6043=ORIENTED_EDGE('',*,*,#4641,.F.);
#6044=ORIENTED_EDGE('',*,*,#4642,.F.);
#6045=ORIENTED_EDGE('',*,*,#4643,.T.);
#6046=ORIENTED_EDGE('',*,*,#4644,.F.);
#6047=ORIENTED_EDGE('',*,*,#4643,.F.);
#6048=ORIENTED_EDGE('',*,*,#4645,.F.);
#6049=ORIENTED_EDGE('',*,*,#4646,.F.);
#6050=ORIENTED_EDGE('',*,*,#4647,.F.);
#6051=ORIENTED_EDGE('',*,*,#4648,.F.);
#6052=ORIENTED_EDGE('',*,*,#4649,.F.);
#6053=ORIENTED_EDGE('',*,*,#4650,.T.);
#6054=ORIENTED_EDGE('',*,*,#4651,.F.);
#6055=ORIENTED_EDGE('',*,*,#4650,.F.);
#6056=ORIENTED_EDGE('',*,*,#4652,.F.);
#6057=ORIENTED_EDGE('',*,*,#4653,.F.);
#6058=ORIENTED_EDGE('',*,*,#4654,.F.);
#6059=ORIENTED_EDGE('',*,*,#4655,.F.);
#6060=ORIENTED_EDGE('',*,*,#4656,.F.);
#6061=ORIENTED_EDGE('',*,*,#4657,.T.);
#6062=ORIENTED_EDGE('',*,*,#4658,.F.);
#6063=ORIENTED_EDGE('',*,*,#4657,.F.);
#6064=ORIENTED_EDGE('',*,*,#4659,.F.);
#6065=ORIENTED_EDGE('',*,*,#4660,.F.);
#6066=ORIENTED_EDGE('',*,*,#4661,.F.);
#6067=ORIENTED_EDGE('',*,*,#4662,.F.);
#6068=ORIENTED_EDGE('',*,*,#4663,.F.);
#6069=ORIENTED_EDGE('',*,*,#4664,.T.);
#6070=ORIENTED_EDGE('',*,*,#4665,.F.);
#6071=ORIENTED_EDGE('',*,*,#4664,.F.);
#6072=ORIENTED_EDGE('',*,*,#4666,.F.);
#6073=ORIENTED_EDGE('',*,*,#4667,.F.);
#6074=ORIENTED_EDGE('',*,*,#4668,.F.);
#6075=ORIENTED_EDGE('',*,*,#4669,.F.);
#6076=ORIENTED_EDGE('',*,*,#4670,.F.);
#6077=ORIENTED_EDGE('',*,*,#4671,.T.);
#6078=ORIENTED_EDGE('',*,*,#4672,.F.);
#6079=ORIENTED_EDGE('',*,*,#4671,.F.);
#6080=ORIENTED_EDGE('',*,*,#4673,.F.);
#6081=ORIENTED_EDGE('',*,*,#4674,.F.);
#6082=ORIENTED_EDGE('',*,*,#4675,.F.);
#6083=ORIENTED_EDGE('',*,*,#4676,.F.);
#6084=ORIENTED_EDGE('',*,*,#4677,.F.);
#6085=ORIENTED_EDGE('',*,*,#4678,.T.);
#6086=ORIENTED_EDGE('',*,*,#4679,.F.);
#6087=ORIENTED_EDGE('',*,*,#4678,.F.);
#6088=ORIENTED_EDGE('',*,*,#4680,.F.);
#6089=ORIENTED_EDGE('',*,*,#4681,.F.);
#6090=ORIENTED_EDGE('',*,*,#4682,.F.);
#6091=ORIENTED_EDGE('',*,*,#4683,.F.);
#6092=ORIENTED_EDGE('',*,*,#4684,.F.);
#6093=ORIENTED_EDGE('',*,*,#4685,.T.);
#6094=ORIENTED_EDGE('',*,*,#4686,.F.);
#6095=ORIENTED_EDGE('',*,*,#4685,.F.);
#6096=ORIENTED_EDGE('',*,*,#4687,.F.);
#6097=ORIENTED_EDGE('',*,*,#4688,.F.);
#6098=ORIENTED_EDGE('',*,*,#4689,.F.);
#6099=ORIENTED_EDGE('',*,*,#4690,.F.);
#6100=ORIENTED_EDGE('',*,*,#4691,.F.);
#6101=ORIENTED_EDGE('',*,*,#4692,.T.);
#6102=ORIENTED_EDGE('',*,*,#4693,.F.);
#6103=ORIENTED_EDGE('',*,*,#4692,.F.);
#6104=ORIENTED_EDGE('',*,*,#4694,.F.);
#6105=ORIENTED_EDGE('',*,*,#4695,.F.);
#6106=ORIENTED_EDGE('',*,*,#4696,.F.);
#6107=ORIENTED_EDGE('',*,*,#4697,.F.);
#6108=ORIENTED_EDGE('',*,*,#4698,.F.);
#6109=ORIENTED_EDGE('',*,*,#4699,.T.);
#6110=ORIENTED_EDGE('',*,*,#4700,.F.);
#6111=ORIENTED_EDGE('',*,*,#4699,.F.);
#6112=ORIENTED_EDGE('',*,*,#4701,.F.);
#6113=ORIENTED_EDGE('',*,*,#4702,.F.);
#6114=ORIENTED_EDGE('',*,*,#4703,.F.);
#6115=ORIENTED_EDGE('',*,*,#4704,.F.);
#6116=ORIENTED_EDGE('',*,*,#4705,.F.);
#6117=ORIENTED_EDGE('',*,*,#4706,.T.);
#6118=ORIENTED_EDGE('',*,*,#4707,.F.);
#6119=ORIENTED_EDGE('',*,*,#4706,.F.);
#6120=ORIENTED_EDGE('',*,*,#4708,.F.);
#6121=ORIENTED_EDGE('',*,*,#4709,.F.);
#6122=ORIENTED_EDGE('',*,*,#4710,.F.);
#6123=ORIENTED_EDGE('',*,*,#4711,.F.);
#6124=ORIENTED_EDGE('',*,*,#4712,.F.);
#6125=ORIENTED_EDGE('',*,*,#4713,.T.);
#6126=ORIENTED_EDGE('',*,*,#4714,.F.);
#6127=ORIENTED_EDGE('',*,*,#4713,.F.);
#6128=ORIENTED_EDGE('',*,*,#4715,.F.);
#6129=ORIENTED_EDGE('',*,*,#4716,.F.);
#6130=ORIENTED_EDGE('',*,*,#4717,.F.);
#6131=ORIENTED_EDGE('',*,*,#4718,.F.);
#6132=ORIENTED_EDGE('',*,*,#4719,.F.);
#6133=ORIENTED_EDGE('',*,*,#4720,.T.);
#6134=ORIENTED_EDGE('',*,*,#4721,.F.);
#6135=ORIENTED_EDGE('',*,*,#4720,.F.);
#6136=ORIENTED_EDGE('',*,*,#4722,.F.);
#6137=ORIENTED_EDGE('',*,*,#4723,.F.);
#6138=ORIENTED_EDGE('',*,*,#4724,.F.);
#6139=ORIENTED_EDGE('',*,*,#4725,.F.);
#6140=ORIENTED_EDGE('',*,*,#4726,.F.);
#6141=ORIENTED_EDGE('',*,*,#4727,.T.);
#6142=ORIENTED_EDGE('',*,*,#4728,.F.);
#6143=ORIENTED_EDGE('',*,*,#4727,.F.);
#6144=ORIENTED_EDGE('',*,*,#4729,.F.);
#6145=ORIENTED_EDGE('',*,*,#4730,.F.);
#6146=ORIENTED_EDGE('',*,*,#4731,.F.);
#6147=ORIENTED_EDGE('',*,*,#4732,.F.);
#6148=ORIENTED_EDGE('',*,*,#4733,.F.);
#6149=ORIENTED_EDGE('',*,*,#4734,.T.);
#6150=ORIENTED_EDGE('',*,*,#4735,.F.);
#6151=ORIENTED_EDGE('',*,*,#4734,.F.);
#6152=ORIENTED_EDGE('',*,*,#4736,.F.);
#6153=ORIENTED_EDGE('',*,*,#4737,.F.);
#6154=ORIENTED_EDGE('',*,*,#4738,.F.);
#6155=ORIENTED_EDGE('',*,*,#4739,.F.);
#6156=ORIENTED_EDGE('',*,*,#4740,.F.);
#6157=ORIENTED_EDGE('',*,*,#4741,.T.);
#6158=ORIENTED_EDGE('',*,*,#4742,.F.);
#6159=ORIENTED_EDGE('',*,*,#4741,.F.);
#6160=ORIENTED_EDGE('',*,*,#4743,.F.);
#6161=ORIENTED_EDGE('',*,*,#4744,.F.);
#6162=ORIENTED_EDGE('',*,*,#4745,.F.);
#6163=ORIENTED_EDGE('',*,*,#4746,.F.);
#6164=ORIENTED_EDGE('',*,*,#4747,.F.);
#6165=ORIENTED_EDGE('',*,*,#4748,.T.);
#6166=ORIENTED_EDGE('',*,*,#4749,.F.);
#6167=ORIENTED_EDGE('',*,*,#4748,.F.);
#6168=ORIENTED_EDGE('',*,*,#4750,.F.);
#6169=ORIENTED_EDGE('',*,*,#4751,.F.);
#6170=ORIENTED_EDGE('',*,*,#4752,.F.);
#6171=ORIENTED_EDGE('',*,*,#4753,.F.);
#6172=ORIENTED_EDGE('',*,*,#4754,.F.);
#6173=ORIENTED_EDGE('',*,*,#4755,.T.);
#6174=ORIENTED_EDGE('',*,*,#4756,.F.);
#6175=ORIENTED_EDGE('',*,*,#4755,.F.);
#6176=ORIENTED_EDGE('',*,*,#4757,.F.);
#6177=ORIENTED_EDGE('',*,*,#4758,.F.);
#6178=ORIENTED_EDGE('',*,*,#4759,.F.);
#6179=ORIENTED_EDGE('',*,*,#4760,.F.);
#6180=ORIENTED_EDGE('',*,*,#4761,.F.);
#6181=ORIENTED_EDGE('',*,*,#4762,.T.);
#6182=ORIENTED_EDGE('',*,*,#4763,.F.);
#6183=ORIENTED_EDGE('',*,*,#4762,.F.);
#6184=ORIENTED_EDGE('',*,*,#4764,.F.);
#6185=ORIENTED_EDGE('',*,*,#4765,.F.);
#6186=ORIENTED_EDGE('',*,*,#4766,.F.);
#6187=ORIENTED_EDGE('',*,*,#4767,.F.);
#6188=ORIENTED_EDGE('',*,*,#4768,.F.);
#6189=ORIENTED_EDGE('',*,*,#4769,.T.);
#6190=ORIENTED_EDGE('',*,*,#4770,.F.);
#6191=ORIENTED_EDGE('',*,*,#4769,.F.);
#6192=ORIENTED_EDGE('',*,*,#4771,.F.);
#6193=ORIENTED_EDGE('',*,*,#4772,.F.);
#6194=ORIENTED_EDGE('',*,*,#4773,.F.);
#6195=ORIENTED_EDGE('',*,*,#4774,.F.);
#6196=ORIENTED_EDGE('',*,*,#4775,.F.);
#6197=ORIENTED_EDGE('',*,*,#4776,.T.);
#6198=ORIENTED_EDGE('',*,*,#4777,.F.);
#6199=ORIENTED_EDGE('',*,*,#4776,.F.);
#6200=ORIENTED_EDGE('',*,*,#4778,.F.);
#6201=ORIENTED_EDGE('',*,*,#4779,.F.);
#6202=ORIENTED_EDGE('',*,*,#4780,.F.);
#6203=ORIENTED_EDGE('',*,*,#4781,.F.);
#6204=ORIENTED_EDGE('',*,*,#4782,.F.);
#6205=ORIENTED_EDGE('',*,*,#4783,.T.);
#6206=ORIENTED_EDGE('',*,*,#4784,.F.);
#6207=ORIENTED_EDGE('',*,*,#4783,.F.);
#6208=ORIENTED_EDGE('',*,*,#4785,.F.);
#6209=ORIENTED_EDGE('',*,*,#4786,.F.);
#6210=ORIENTED_EDGE('',*,*,#4787,.F.);
#6211=ORIENTED_EDGE('',*,*,#4788,.F.);
#6212=ORIENTED_EDGE('',*,*,#4789,.F.);
#6213=ORIENTED_EDGE('',*,*,#4790,.T.);
#6214=ORIENTED_EDGE('',*,*,#4791,.F.);
#6215=ORIENTED_EDGE('',*,*,#4790,.F.);
#6216=ORIENTED_EDGE('',*,*,#4792,.F.);
#6217=ORIENTED_EDGE('',*,*,#4793,.F.);
#6218=ORIENTED_EDGE('',*,*,#4794,.F.);
#6219=ORIENTED_EDGE('',*,*,#4795,.F.);
#6220=ORIENTED_EDGE('',*,*,#4796,.F.);
#6221=ORIENTED_EDGE('',*,*,#4797,.T.);
#6222=ORIENTED_EDGE('',*,*,#4798,.F.);
#6223=ORIENTED_EDGE('',*,*,#4797,.F.);
#6224=ORIENTED_EDGE('',*,*,#4799,.F.);
#6225=ORIENTED_EDGE('',*,*,#4800,.F.);
#6226=ORIENTED_EDGE('',*,*,#4801,.F.);
#6227=ORIENTED_EDGE('',*,*,#4802,.F.);
#6228=ORIENTED_EDGE('',*,*,#4803,.F.);
#6229=ORIENTED_EDGE('',*,*,#4804,.T.);
#6230=ORIENTED_EDGE('',*,*,#4805,.F.);
#6231=ORIENTED_EDGE('',*,*,#4804,.F.);
#6232=ORIENTED_EDGE('',*,*,#4806,.F.);
#6233=ORIENTED_EDGE('',*,*,#4807,.F.);
#6234=ORIENTED_EDGE('',*,*,#4808,.F.);
#6235=ORIENTED_EDGE('',*,*,#4809,.F.);
#6236=ORIENTED_EDGE('',*,*,#4810,.F.);
#6237=ORIENTED_EDGE('',*,*,#4811,.T.);
#6238=ORIENTED_EDGE('',*,*,#4812,.F.);
#6239=ORIENTED_EDGE('',*,*,#4811,.F.);
#6240=ORIENTED_EDGE('',*,*,#4813,.F.);
#6241=ORIENTED_EDGE('',*,*,#4814,.F.);
#6242=ORIENTED_EDGE('',*,*,#4815,.F.);
#6243=ORIENTED_EDGE('',*,*,#4816,.F.);
#6244=ORIENTED_EDGE('',*,*,#4817,.F.);
#6245=ORIENTED_EDGE('',*,*,#4818,.T.);
#6246=ORIENTED_EDGE('',*,*,#4819,.F.);
#6247=ORIENTED_EDGE('',*,*,#4818,.F.);
#6248=ORIENTED_EDGE('',*,*,#4820,.F.);
#6249=ORIENTED_EDGE('',*,*,#4821,.F.);
#6250=ORIENTED_EDGE('',*,*,#4822,.F.);
#6251=ORIENTED_EDGE('',*,*,#4823,.F.);
#6252=ORIENTED_EDGE('',*,*,#4824,.F.);
#6253=ORIENTED_EDGE('',*,*,#4825,.T.);
#6254=ORIENTED_EDGE('',*,*,#4826,.F.);
#6255=ORIENTED_EDGE('',*,*,#4825,.F.);
#6256=ORIENTED_EDGE('',*,*,#4827,.F.);
#6257=ORIENTED_EDGE('',*,*,#4828,.F.);
#6258=ORIENTED_EDGE('',*,*,#4829,.F.);
#6259=ORIENTED_EDGE('',*,*,#4830,.F.);
#6260=ORIENTED_EDGE('',*,*,#4831,.F.);
#6261=ORIENTED_EDGE('',*,*,#4832,.T.);
#6262=ORIENTED_EDGE('',*,*,#4833,.F.);
#6263=ORIENTED_EDGE('',*,*,#4832,.F.);
#6264=ORIENTED_EDGE('',*,*,#4834,.F.);
#6265=ORIENTED_EDGE('',*,*,#4835,.F.);
#6266=ORIENTED_EDGE('',*,*,#4836,.F.);
#6267=ORIENTED_EDGE('',*,*,#4837,.F.);
#6268=ORIENTED_EDGE('',*,*,#4838,.F.);
#6269=ORIENTED_EDGE('',*,*,#4839,.T.);
#6270=ORIENTED_EDGE('',*,*,#4840,.F.);
#6271=ORIENTED_EDGE('',*,*,#4839,.F.);
#6272=ORIENTED_EDGE('',*,*,#4841,.F.);
#6273=ORIENTED_EDGE('',*,*,#4842,.F.);
#6274=ORIENTED_EDGE('',*,*,#4843,.F.);
#6275=ORIENTED_EDGE('',*,*,#4844,.F.);
#6276=ORIENTED_EDGE('',*,*,#4845,.F.);
#6277=ORIENTED_EDGE('',*,*,#4846,.T.);
#6278=ORIENTED_EDGE('',*,*,#4847,.F.);
#6279=ORIENTED_EDGE('',*,*,#4846,.F.);
#6280=ORIENTED_EDGE('',*,*,#4848,.F.);
#6281=ORIENTED_EDGE('',*,*,#4849,.F.);
#6282=ORIENTED_EDGE('',*,*,#4850,.F.);
#6283=ORIENTED_EDGE('',*,*,#4851,.F.);
#6284=ORIENTED_EDGE('',*,*,#4852,.F.);
#6285=ORIENTED_EDGE('',*,*,#4853,.T.);
#6286=ORIENTED_EDGE('',*,*,#4854,.F.);
#6287=ORIENTED_EDGE('',*,*,#4853,.F.);
#6288=ORIENTED_EDGE('',*,*,#4855,.F.);
#6289=ORIENTED_EDGE('',*,*,#4856,.F.);
#6290=ORIENTED_EDGE('',*,*,#4857,.F.);
#6291=ORIENTED_EDGE('',*,*,#4858,.F.);
#6292=ORIENTED_EDGE('',*,*,#4859,.F.);
#6293=ORIENTED_EDGE('',*,*,#4860,.T.);
#6294=ORIENTED_EDGE('',*,*,#4861,.F.);
#6295=ORIENTED_EDGE('',*,*,#4860,.F.);
#6296=ORIENTED_EDGE('',*,*,#4862,.F.);
#6297=ORIENTED_EDGE('',*,*,#4863,.F.);
#6298=ORIENTED_EDGE('',*,*,#4864,.F.);
#6299=ORIENTED_EDGE('',*,*,#4865,.F.);
#6300=ORIENTED_EDGE('',*,*,#4866,.F.);
#6301=ORIENTED_EDGE('',*,*,#4867,.T.);
#6302=ORIENTED_EDGE('',*,*,#4868,.F.);
#6303=ORIENTED_EDGE('',*,*,#4867,.F.);
#6304=ORIENTED_EDGE('',*,*,#4869,.F.);
#6305=ORIENTED_EDGE('',*,*,#4870,.F.);
#6306=ORIENTED_EDGE('',*,*,#4871,.F.);
#6307=ORIENTED_EDGE('',*,*,#4872,.F.);
#6308=ORIENTED_EDGE('',*,*,#4873,.F.);
#6309=ORIENTED_EDGE('',*,*,#4874,.T.);
#6310=ORIENTED_EDGE('',*,*,#4875,.F.);
#6311=ORIENTED_EDGE('',*,*,#4874,.F.);
#6312=ORIENTED_EDGE('',*,*,#4876,.F.);
#6313=ORIENTED_EDGE('',*,*,#4877,.F.);
#6314=ORIENTED_EDGE('',*,*,#4878,.F.);
#6315=ORIENTED_EDGE('',*,*,#4879,.F.);
#6316=ORIENTED_EDGE('',*,*,#4880,.F.);
#6317=ORIENTED_EDGE('',*,*,#4881,.T.);
#6318=ORIENTED_EDGE('',*,*,#4882,.F.);
#6319=ORIENTED_EDGE('',*,*,#4881,.F.);
#6320=ORIENTED_EDGE('',*,*,#4883,.F.);
#6321=ORIENTED_EDGE('',*,*,#4884,.F.);
#6322=ORIENTED_EDGE('',*,*,#4885,.F.);
#6323=ORIENTED_EDGE('',*,*,#4886,.F.);
#6324=ORIENTED_EDGE('',*,*,#4887,.F.);
#6325=ORIENTED_EDGE('',*,*,#4888,.T.);
#6326=ORIENTED_EDGE('',*,*,#4889,.F.);
#6327=ORIENTED_EDGE('',*,*,#4888,.F.);
#6328=ORIENTED_EDGE('',*,*,#4890,.F.);
#6329=ORIENTED_EDGE('',*,*,#4891,.F.);
#6330=ORIENTED_EDGE('',*,*,#4892,.F.);
#6331=ORIENTED_EDGE('',*,*,#4893,.F.);
#6332=ORIENTED_EDGE('',*,*,#4894,.F.);
#6333=ORIENTED_EDGE('',*,*,#4895,.T.);
#6334=ORIENTED_EDGE('',*,*,#4896,.F.);
#6335=ORIENTED_EDGE('',*,*,#4895,.F.);
#6336=ORIENTED_EDGE('',*,*,#4897,.F.);
#6337=ORIENTED_EDGE('',*,*,#4898,.F.);
#6338=ORIENTED_EDGE('',*,*,#4899,.F.);
#6339=ORIENTED_EDGE('',*,*,#4900,.F.);
#6340=ORIENTED_EDGE('',*,*,#4901,.F.);
#6341=ORIENTED_EDGE('',*,*,#4902,.T.);
#6342=ORIENTED_EDGE('',*,*,#4903,.F.);
#6343=ORIENTED_EDGE('',*,*,#4902,.F.);
#6344=ORIENTED_EDGE('',*,*,#4904,.F.);
#6345=ORIENTED_EDGE('',*,*,#4905,.F.);
#6346=ORIENTED_EDGE('',*,*,#4906,.F.);
#6347=ORIENTED_EDGE('',*,*,#4907,.F.);
#6348=ORIENTED_EDGE('',*,*,#4908,.F.);
#6349=ORIENTED_EDGE('',*,*,#4909,.T.);
#6350=ORIENTED_EDGE('',*,*,#4910,.F.);
#6351=ORIENTED_EDGE('',*,*,#4909,.F.);
#6352=ORIENTED_EDGE('',*,*,#4911,.F.);
#6353=ORIENTED_EDGE('',*,*,#4912,.F.);
#6354=ORIENTED_EDGE('',*,*,#4913,.F.);
#6355=ORIENTED_EDGE('',*,*,#4914,.F.);
#6356=ORIENTED_EDGE('',*,*,#4915,.F.);
#6357=ORIENTED_EDGE('',*,*,#4916,.T.);
#6358=ORIENTED_EDGE('',*,*,#4917,.F.);
#6359=ORIENTED_EDGE('',*,*,#4916,.F.);
#6360=ORIENTED_EDGE('',*,*,#4918,.F.);
#6361=ORIENTED_EDGE('',*,*,#4919,.F.);
#6362=ORIENTED_EDGE('',*,*,#4920,.F.);
#6363=ORIENTED_EDGE('',*,*,#4921,.F.);
#6364=ORIENTED_EDGE('',*,*,#4922,.F.);
#6365=ORIENTED_EDGE('',*,*,#4923,.T.);
#6366=ORIENTED_EDGE('',*,*,#4924,.F.);
#6367=ORIENTED_EDGE('',*,*,#4923,.F.);
#6368=ORIENTED_EDGE('',*,*,#4925,.F.);
#6369=ORIENTED_EDGE('',*,*,#4926,.F.);
#6370=ORIENTED_EDGE('',*,*,#4927,.F.);
#6371=ORIENTED_EDGE('',*,*,#4928,.F.);
#6372=ORIENTED_EDGE('',*,*,#4929,.F.);
#6373=ORIENTED_EDGE('',*,*,#4930,.T.);
#6374=ORIENTED_EDGE('',*,*,#4931,.F.);
#6375=ORIENTED_EDGE('',*,*,#4930,.F.);
#6376=ORIENTED_EDGE('',*,*,#4932,.F.);
#6377=ORIENTED_EDGE('',*,*,#4933,.F.);
#6378=ORIENTED_EDGE('',*,*,#4934,.F.);
#6379=ORIENTED_EDGE('',*,*,#4935,.F.);
#6380=ORIENTED_EDGE('',*,*,#4936,.F.);
#6381=ORIENTED_EDGE('',*,*,#4937,.T.);
#6382=ORIENTED_EDGE('',*,*,#4938,.F.);
#6383=ORIENTED_EDGE('',*,*,#4937,.F.);
#6384=ORIENTED_EDGE('',*,*,#4939,.F.);
#6385=ORIENTED_EDGE('',*,*,#4940,.F.);
#6386=ORIENTED_EDGE('',*,*,#4941,.F.);
#6387=ORIENTED_EDGE('',*,*,#4942,.F.);
#6388=ORIENTED_EDGE('',*,*,#4943,.F.);
#6389=ORIENTED_EDGE('',*,*,#4944,.T.);
#6390=ORIENTED_EDGE('',*,*,#4945,.F.);
#6391=ORIENTED_EDGE('',*,*,#4944,.F.);
#6392=ORIENTED_EDGE('',*,*,#4946,.F.);
#6393=ORIENTED_EDGE('',*,*,#4947,.F.);
#6394=ORIENTED_EDGE('',*,*,#4948,.F.);
#6395=ORIENTED_EDGE('',*,*,#4949,.F.);
#6396=ORIENTED_EDGE('',*,*,#4950,.F.);
#6397=ORIENTED_EDGE('',*,*,#4951,.T.);
#6398=ORIENTED_EDGE('',*,*,#4952,.F.);
#6399=ORIENTED_EDGE('',*,*,#4951,.F.);
#6400=ORIENTED_EDGE('',*,*,#4953,.F.);
#6401=ORIENTED_EDGE('',*,*,#4954,.F.);
#6402=ORIENTED_EDGE('',*,*,#4955,.F.);
#6403=ORIENTED_EDGE('',*,*,#4956,.F.);
#6404=ORIENTED_EDGE('',*,*,#4957,.F.);
#6405=ORIENTED_EDGE('',*,*,#4958,.T.);
#6406=ORIENTED_EDGE('',*,*,#4959,.F.);
#6407=ORIENTED_EDGE('',*,*,#4958,.F.);
#6408=ORIENTED_EDGE('',*,*,#4960,.F.);
#6409=ORIENTED_EDGE('',*,*,#4961,.F.);
#6410=ORIENTED_EDGE('',*,*,#4962,.F.);
#6411=ORIENTED_EDGE('',*,*,#4963,.F.);
#6412=ORIENTED_EDGE('',*,*,#4964,.F.);
#6413=ORIENTED_EDGE('',*,*,#4965,.T.);
#6414=ORIENTED_EDGE('',*,*,#4966,.F.);
#6415=ORIENTED_EDGE('',*,*,#4965,.F.);
#6416=ORIENTED_EDGE('',*,*,#4967,.F.);
#6417=ORIENTED_EDGE('',*,*,#4968,.F.);
#6418=ORIENTED_EDGE('',*,*,#4969,.F.);
#6419=ORIENTED_EDGE('',*,*,#4970,.F.);
#6420=ORIENTED_EDGE('',*,*,#4971,.F.);
#6421=ORIENTED_EDGE('',*,*,#4972,.T.);
#6422=ORIENTED_EDGE('',*,*,#4973,.F.);
#6423=ORIENTED_EDGE('',*,*,#4972,.F.);
#6424=ORIENTED_EDGE('',*,*,#4974,.F.);
#6425=ORIENTED_EDGE('',*,*,#4975,.F.);
#6426=ORIENTED_EDGE('',*,*,#4976,.F.);
#6427=ORIENTED_EDGE('',*,*,#4977,.F.);
#6428=ORIENTED_EDGE('',*,*,#4978,.F.);
#6429=ORIENTED_EDGE('',*,*,#4979,.T.);
#6430=ORIENTED_EDGE('',*,*,#4980,.F.);
#6431=ORIENTED_EDGE('',*,*,#4979,.F.);
#6432=ORIENTED_EDGE('',*,*,#4981,.F.);
#6433=ORIENTED_EDGE('',*,*,#4982,.F.);
#6434=ORIENTED_EDGE('',*,*,#4983,.F.);
#6435=ORIENTED_EDGE('',*,*,#4984,.F.);
#6436=ORIENTED_EDGE('',*,*,#4985,.F.);
#6437=ORIENTED_EDGE('',*,*,#4986,.T.);
#6438=ORIENTED_EDGE('',*,*,#4987,.F.);
#6439=ORIENTED_EDGE('',*,*,#4986,.F.);
#6440=ORIENTED_EDGE('',*,*,#4988,.F.);
#6441=ORIENTED_EDGE('',*,*,#4989,.F.);
#6442=ORIENTED_EDGE('',*,*,#4990,.F.);
#6443=ORIENTED_EDGE('',*,*,#4991,.F.);
#6444=ORIENTED_EDGE('',*,*,#4992,.F.);
#6445=ORIENTED_EDGE('',*,*,#4993,.T.);
#6446=ORIENTED_EDGE('',*,*,#4994,.F.);
#6447=ORIENTED_EDGE('',*,*,#4993,.F.);
#6448=ORIENTED_EDGE('',*,*,#4995,.F.);
#6449=ORIENTED_EDGE('',*,*,#4996,.F.);
#6450=ORIENTED_EDGE('',*,*,#4997,.F.);
#6451=ORIENTED_EDGE('',*,*,#4998,.F.);
#6452=ORIENTED_EDGE('',*,*,#4999,.F.);
#6453=ORIENTED_EDGE('',*,*,#5000,.T.);
#6454=ORIENTED_EDGE('',*,*,#5001,.F.);
#6455=ORIENTED_EDGE('',*,*,#5000,.F.);
#6456=ORIENTED_EDGE('',*,*,#5002,.F.);
#6457=ORIENTED_EDGE('',*,*,#5003,.F.);
#6458=ORIENTED_EDGE('',*,*,#5004,.F.);
#6459=ORIENTED_EDGE('',*,*,#5005,.F.);
#6460=ORIENTED_EDGE('',*,*,#5006,.F.);
#6461=ORIENTED_EDGE('',*,*,#5007,.T.);
#6462=ORIENTED_EDGE('',*,*,#5008,.F.);
#6463=ORIENTED_EDGE('',*,*,#5007,.F.);
#6464=ORIENTED_EDGE('',*,*,#5009,.F.);
#6465=ORIENTED_EDGE('',*,*,#5010,.F.);
#6466=ORIENTED_EDGE('',*,*,#5011,.F.);
#6467=ORIENTED_EDGE('',*,*,#5012,.F.);
#6468=ORIENTED_EDGE('',*,*,#5013,.F.);
#6469=ORIENTED_EDGE('',*,*,#5014,.T.);
#6470=ORIENTED_EDGE('',*,*,#5015,.F.);
#6471=ORIENTED_EDGE('',*,*,#5014,.F.);
#6472=ORIENTED_EDGE('',*,*,#5016,.F.);
#6473=ORIENTED_EDGE('',*,*,#5017,.F.);
#6474=ORIENTED_EDGE('',*,*,#5018,.F.);
#6475=ORIENTED_EDGE('',*,*,#5019,.F.);
#6476=ORIENTED_EDGE('',*,*,#5020,.F.);
#6477=ORIENTED_EDGE('',*,*,#5021,.T.);
#6478=ORIENTED_EDGE('',*,*,#5022,.F.);
#6479=ORIENTED_EDGE('',*,*,#5021,.F.);
#6480=ORIENTED_EDGE('',*,*,#5023,.F.);
#6481=ORIENTED_EDGE('',*,*,#5024,.F.);
#6482=ORIENTED_EDGE('',*,*,#5025,.F.);
#6483=ORIENTED_EDGE('',*,*,#5026,.F.);
#6484=ORIENTED_EDGE('',*,*,#5027,.F.);
#6485=ORIENTED_EDGE('',*,*,#5028,.T.);
#6486=ORIENTED_EDGE('',*,*,#5029,.F.);
#6487=ORIENTED_EDGE('',*,*,#5028,.F.);
#6488=ORIENTED_EDGE('',*,*,#5030,.F.);
#6489=ORIENTED_EDGE('',*,*,#5031,.F.);
#6490=ORIENTED_EDGE('',*,*,#5032,.F.);
#6491=ORIENTED_EDGE('',*,*,#5033,.F.);
#6492=ORIENTED_EDGE('',*,*,#5034,.F.);
#6493=ORIENTED_EDGE('',*,*,#5035,.T.);
#6494=ORIENTED_EDGE('',*,*,#5036,.F.);
#6495=ORIENTED_EDGE('',*,*,#5035,.F.);
#6496=ORIENTED_EDGE('',*,*,#5037,.F.);
#6497=ORIENTED_EDGE('',*,*,#5038,.F.);
#6498=ORIENTED_EDGE('',*,*,#5039,.F.);
#6499=ORIENTED_EDGE('',*,*,#5040,.F.);
#6500=ORIENTED_EDGE('',*,*,#5041,.F.);
#6501=ORIENTED_EDGE('',*,*,#5042,.T.);
#6502=ORIENTED_EDGE('',*,*,#5043,.F.);
#6503=ORIENTED_EDGE('',*,*,#5042,.F.);
#6504=ORIENTED_EDGE('',*,*,#5044,.F.);
#6505=ORIENTED_EDGE('',*,*,#5045,.F.);
#6506=ORIENTED_EDGE('',*,*,#5046,.F.);
#6507=ORIENTED_EDGE('',*,*,#5047,.F.);
#6508=ORIENTED_EDGE('',*,*,#5048,.F.);
#6509=ORIENTED_EDGE('',*,*,#5049,.T.);
#6510=ORIENTED_EDGE('',*,*,#5050,.F.);
#6511=ORIENTED_EDGE('',*,*,#5049,.F.);
#6512=ORIENTED_EDGE('',*,*,#5051,.F.);
#6513=ORIENTED_EDGE('',*,*,#5052,.F.);
#6514=ORIENTED_EDGE('',*,*,#5053,.F.);
#6515=ORIENTED_EDGE('',*,*,#5054,.F.);
#6516=ORIENTED_EDGE('',*,*,#5055,.F.);
#6517=ORIENTED_EDGE('',*,*,#5056,.T.);
#6518=ORIENTED_EDGE('',*,*,#5057,.F.);
#6519=ORIENTED_EDGE('',*,*,#5056,.F.);
#6520=ORIENTED_EDGE('',*,*,#5058,.F.);
#6521=ORIENTED_EDGE('',*,*,#5059,.F.);
#6522=ORIENTED_EDGE('',*,*,#5060,.F.);
#6523=ORIENTED_EDGE('',*,*,#5061,.F.);
#6524=ORIENTED_EDGE('',*,*,#5062,.F.);
#6525=ORIENTED_EDGE('',*,*,#5063,.T.);
#6526=ORIENTED_EDGE('',*,*,#5064,.F.);
#6527=ORIENTED_EDGE('',*,*,#5063,.F.);
#6528=ORIENTED_EDGE('',*,*,#5065,.F.);
#6529=ORIENTED_EDGE('',*,*,#5066,.F.);
#6530=ORIENTED_EDGE('',*,*,#5067,.F.);
#6531=ORIENTED_EDGE('',*,*,#5068,.F.);
#6532=ORIENTED_EDGE('',*,*,#5069,.F.);
#6533=ORIENTED_EDGE('',*,*,#5070,.T.);
#6534=ORIENTED_EDGE('',*,*,#5071,.F.);
#6535=ORIENTED_EDGE('',*,*,#5070,.F.);
#6536=ORIENTED_EDGE('',*,*,#5072,.F.);
#6537=ORIENTED_EDGE('',*,*,#5073,.F.);
#6538=ORIENTED_EDGE('',*,*,#5074,.F.);
#6539=ORIENTED_EDGE('',*,*,#5075,.F.);
#6540=ORIENTED_EDGE('',*,*,#5076,.F.);
#6541=ORIENTED_EDGE('',*,*,#5077,.T.);
#6542=ORIENTED_EDGE('',*,*,#5078,.F.);
#6543=ORIENTED_EDGE('',*,*,#5077,.F.);
#6544=ORIENTED_EDGE('',*,*,#5079,.F.);
#6545=ORIENTED_EDGE('',*,*,#5080,.F.);
#6546=ORIENTED_EDGE('',*,*,#5081,.F.);
#6547=ORIENTED_EDGE('',*,*,#5082,.F.);
#6548=ORIENTED_EDGE('',*,*,#5083,.F.);
#6549=ORIENTED_EDGE('',*,*,#5084,.T.);
#6550=ORIENTED_EDGE('',*,*,#5085,.F.);
#6551=ORIENTED_EDGE('',*,*,#5084,.F.);
#6552=ORIENTED_EDGE('',*,*,#5086,.F.);
#6553=ORIENTED_EDGE('',*,*,#5087,.F.);
#6554=ORIENTED_EDGE('',*,*,#5088,.F.);
#6555=ORIENTED_EDGE('',*,*,#5089,.F.);
#6556=ORIENTED_EDGE('',*,*,#5090,.F.);
#6557=ORIENTED_EDGE('',*,*,#5091,.T.);
#6558=ORIENTED_EDGE('',*,*,#5092,.F.);
#6559=ORIENTED_EDGE('',*,*,#5091,.F.);
#6560=ORIENTED_EDGE('',*,*,#5093,.F.);
#6561=ORIENTED_EDGE('',*,*,#5094,.F.);
#6562=ORIENTED_EDGE('',*,*,#5095,.F.);
#6563=ORIENTED_EDGE('',*,*,#5096,.F.);
#6564=ORIENTED_EDGE('',*,*,#5097,.F.);
#6565=ORIENTED_EDGE('',*,*,#5098,.T.);
#6566=ORIENTED_EDGE('',*,*,#5099,.F.);
#6567=ORIENTED_EDGE('',*,*,#5098,.F.);
#6568=ORIENTED_EDGE('',*,*,#5100,.F.);
#6569=ORIENTED_EDGE('',*,*,#5101,.F.);
#6570=ORIENTED_EDGE('',*,*,#5102,.F.);
#6571=ORIENTED_EDGE('',*,*,#5103,.F.);
#6572=ORIENTED_EDGE('',*,*,#5104,.F.);
#6573=ORIENTED_EDGE('',*,*,#5105,.T.);
#6574=ORIENTED_EDGE('',*,*,#5106,.F.);
#6575=ORIENTED_EDGE('',*,*,#5105,.F.);
#6576=ORIENTED_EDGE('',*,*,#5107,.F.);
#6577=ORIENTED_EDGE('',*,*,#5108,.F.);
#6578=ORIENTED_EDGE('',*,*,#5109,.F.);
#6579=ORIENTED_EDGE('',*,*,#5110,.F.);
#6580=ORIENTED_EDGE('',*,*,#5111,.F.);
#6581=ORIENTED_EDGE('',*,*,#5112,.T.);
#6582=ORIENTED_EDGE('',*,*,#5113,.F.);
#6583=ORIENTED_EDGE('',*,*,#5112,.F.);
#6584=ORIENTED_EDGE('',*,*,#5114,.F.);
#6585=ORIENTED_EDGE('',*,*,#5115,.F.);
#6586=ORIENTED_EDGE('',*,*,#5116,.F.);
#6587=ORIENTED_EDGE('',*,*,#5117,.F.);
#6588=ORIENTED_EDGE('',*,*,#5118,.F.);
#6589=ORIENTED_EDGE('',*,*,#5119,.T.);
#6590=ORIENTED_EDGE('',*,*,#5120,.F.);
#6591=ORIENTED_EDGE('',*,*,#5119,.F.);
#6592=ORIENTED_EDGE('',*,*,#5121,.F.);
#6593=ORIENTED_EDGE('',*,*,#5122,.F.);
#6594=ORIENTED_EDGE('',*,*,#5123,.F.);
#6595=ORIENTED_EDGE('',*,*,#5124,.F.);
#6596=ORIENTED_EDGE('',*,*,#5125,.F.);
#6597=ORIENTED_EDGE('',*,*,#5126,.T.);
#6598=ORIENTED_EDGE('',*,*,#5127,.F.);
#6599=ORIENTED_EDGE('',*,*,#5126,.F.);
#6600=ORIENTED_EDGE('',*,*,#5128,.F.);
#6601=ORIENTED_EDGE('',*,*,#5129,.F.);
#6602=ORIENTED_EDGE('',*,*,#5130,.F.);
#6603=ORIENTED_EDGE('',*,*,#5131,.F.);
#6604=ORIENTED_EDGE('',*,*,#5132,.F.);
#6605=ORIENTED_EDGE('',*,*,#5133,.T.);
#6606=ORIENTED_EDGE('',*,*,#5134,.F.);
#6607=ORIENTED_EDGE('',*,*,#5133,.F.);
#6608=ORIENTED_EDGE('',*,*,#5135,.F.);
#6609=ORIENTED_EDGE('',*,*,#5136,.F.);
#6610=ORIENTED_EDGE('',*,*,#5137,.F.);
#6611=ORIENTED_EDGE('',*,*,#5138,.F.);
#6612=ORIENTED_EDGE('',*,*,#5139,.F.);
#6613=ORIENTED_EDGE('',*,*,#5140,.T.);
#6614=ORIENTED_EDGE('',*,*,#5141,.F.);
#6615=ORIENTED_EDGE('',*,*,#5140,.F.);
#6616=ORIENTED_EDGE('',*,*,#5142,.F.);
#6617=ORIENTED_EDGE('',*,*,#5143,.F.);
#6618=ORIENTED_EDGE('',*,*,#5144,.F.);
#6619=ORIENTED_EDGE('',*,*,#5145,.F.);
#6620=ORIENTED_EDGE('',*,*,#5146,.F.);
#6621=ORIENTED_EDGE('',*,*,#5147,.T.);
#6622=ORIENTED_EDGE('',*,*,#5148,.F.);
#6623=ORIENTED_EDGE('',*,*,#5147,.F.);
#6624=ORIENTED_EDGE('',*,*,#5149,.F.);
#6625=ORIENTED_EDGE('',*,*,#5150,.F.);
#6626=ORIENTED_EDGE('',*,*,#5151,.F.);
#6627=ORIENTED_EDGE('',*,*,#5152,.F.);
#6628=ORIENTED_EDGE('',*,*,#5153,.F.);
#6629=ORIENTED_EDGE('',*,*,#5154,.T.);
#6630=ORIENTED_EDGE('',*,*,#5155,.F.);
#6631=ORIENTED_EDGE('',*,*,#5154,.F.);
#6632=ORIENTED_EDGE('',*,*,#5156,.F.);
#6633=ORIENTED_EDGE('',*,*,#5157,.F.);
#6634=ORIENTED_EDGE('',*,*,#5158,.F.);
#6635=ORIENTED_EDGE('',*,*,#5159,.F.);
#6636=ORIENTED_EDGE('',*,*,#5160,.F.);
#6637=ORIENTED_EDGE('',*,*,#5161,.T.);
#6638=ORIENTED_EDGE('',*,*,#5162,.F.);
#6639=ORIENTED_EDGE('',*,*,#5161,.F.);
#6640=ORIENTED_EDGE('',*,*,#5163,.F.);
#6641=ORIENTED_EDGE('',*,*,#5164,.F.);
#6642=ORIENTED_EDGE('',*,*,#5165,.F.);
#6643=ORIENTED_EDGE('',*,*,#5166,.F.);
#6644=ORIENTED_EDGE('',*,*,#5167,.F.);
#6645=ORIENTED_EDGE('',*,*,#5168,.T.);
#6646=ORIENTED_EDGE('',*,*,#5169,.F.);
#6647=ORIENTED_EDGE('',*,*,#5168,.F.);
#6648=ORIENTED_EDGE('',*,*,#5170,.F.);
#6649=ORIENTED_EDGE('',*,*,#5171,.F.);
#6650=ORIENTED_EDGE('',*,*,#5172,.F.);
#6651=ORIENTED_EDGE('',*,*,#5173,.F.);
#6652=ORIENTED_EDGE('',*,*,#5174,.F.);
#6653=ORIENTED_EDGE('',*,*,#5175,.T.);
#6654=ORIENTED_EDGE('',*,*,#5176,.F.);
#6655=ORIENTED_EDGE('',*,*,#5175,.F.);
#6656=ORIENTED_EDGE('',*,*,#5177,.F.);
#6657=ORIENTED_EDGE('',*,*,#5178,.F.);
#6658=ORIENTED_EDGE('',*,*,#5179,.F.);
#6659=ORIENTED_EDGE('',*,*,#5180,.F.);
#6660=ORIENTED_EDGE('',*,*,#5181,.F.);
#6661=ORIENTED_EDGE('',*,*,#5182,.T.);
#6662=ORIENTED_EDGE('',*,*,#5183,.F.);
#6663=ORIENTED_EDGE('',*,*,#5182,.F.);
#6664=ORIENTED_EDGE('',*,*,#5184,.F.);
#6665=ORIENTED_EDGE('',*,*,#5185,.F.);
#6666=ORIENTED_EDGE('',*,*,#5186,.F.);
#6667=ORIENTED_EDGE('',*,*,#5187,.F.);
#6668=ORIENTED_EDGE('',*,*,#5188,.F.);
#6669=ORIENTED_EDGE('',*,*,#5189,.T.);
#6670=ORIENTED_EDGE('',*,*,#5190,.F.);
#6671=ORIENTED_EDGE('',*,*,#5189,.F.);
#6672=ORIENTED_EDGE('',*,*,#5191,.F.);
#6673=ORIENTED_EDGE('',*,*,#5192,.F.);
#6674=ORIENTED_EDGE('',*,*,#5193,.F.);
#6675=ORIENTED_EDGE('',*,*,#5194,.F.);
#6676=ORIENTED_EDGE('',*,*,#5195,.F.);
#6677=ORIENTED_EDGE('',*,*,#5196,.T.);
#6678=ORIENTED_EDGE('',*,*,#5197,.F.);
#6679=ORIENTED_EDGE('',*,*,#5196,.F.);
#6680=ORIENTED_EDGE('',*,*,#5198,.F.);
#6681=ORIENTED_EDGE('',*,*,#5199,.F.);
#6682=ORIENTED_EDGE('',*,*,#5200,.F.);
#6683=ORIENTED_EDGE('',*,*,#5201,.F.);
#6684=ORIENTED_EDGE('',*,*,#5202,.F.);
#6685=ORIENTED_EDGE('',*,*,#5203,.T.);
#6686=ORIENTED_EDGE('',*,*,#5204,.F.);
#6687=ORIENTED_EDGE('',*,*,#5203,.F.);
#6688=ORIENTED_EDGE('',*,*,#5205,.F.);
#6689=ORIENTED_EDGE('',*,*,#5206,.F.);
#6690=ORIENTED_EDGE('',*,*,#5207,.F.);
#6691=ORIENTED_EDGE('',*,*,#5208,.F.);
#6692=ORIENTED_EDGE('',*,*,#5209,.F.);
#6693=ORIENTED_EDGE('',*,*,#5210,.T.);
#6694=ORIENTED_EDGE('',*,*,#5211,.F.);
#6695=ORIENTED_EDGE('',*,*,#5210,.F.);
#6696=ORIENTED_EDGE('',*,*,#5212,.F.);
#6697=ORIENTED_EDGE('',*,*,#5213,.F.);
#6698=ORIENTED_EDGE('',*,*,#5214,.F.);
#6699=ORIENTED_EDGE('',*,*,#5215,.F.);
#6700=ORIENTED_EDGE('',*,*,#5216,.F.);
#6701=ORIENTED_EDGE('',*,*,#5217,.T.);
#6702=ORIENTED_EDGE('',*,*,#5218,.F.);
#6703=ORIENTED_EDGE('',*,*,#5217,.F.);
#6704=ORIENTED_EDGE('',*,*,#5219,.F.);
#6705=ORIENTED_EDGE('',*,*,#5220,.F.);
#6706=ORIENTED_EDGE('',*,*,#5221,.F.);
#6707=ORIENTED_EDGE('',*,*,#5222,.F.);
#6708=ORIENTED_EDGE('',*,*,#5223,.F.);
#6709=ORIENTED_EDGE('',*,*,#5224,.T.);
#6710=ORIENTED_EDGE('',*,*,#5225,.F.);
#6711=ORIENTED_EDGE('',*,*,#5224,.F.);
#6712=ORIENTED_EDGE('',*,*,#5226,.F.);
#6713=ORIENTED_EDGE('',*,*,#5227,.F.);
#6714=ORIENTED_EDGE('',*,*,#5228,.F.);
#6715=ORIENTED_EDGE('',*,*,#5229,.F.);
#6716=ORIENTED_EDGE('',*,*,#5230,.F.);
#6717=ORIENTED_EDGE('',*,*,#5231,.T.);
#6718=ORIENTED_EDGE('',*,*,#5232,.F.);
#6719=ORIENTED_EDGE('',*,*,#5231,.F.);
#6720=ORIENTED_EDGE('',*,*,#5233,.F.);
#6721=ORIENTED_EDGE('',*,*,#5234,.F.);
#6722=ORIENTED_EDGE('',*,*,#5235,.F.);
#6723=ORIENTED_EDGE('',*,*,#5236,.F.);
#6724=ORIENTED_EDGE('',*,*,#5237,.F.);
#6725=ORIENTED_EDGE('',*,*,#5238,.T.);
#6726=ORIENTED_EDGE('',*,*,#5239,.F.);
#6727=ORIENTED_EDGE('',*,*,#5238,.F.);
#6728=ORIENTED_EDGE('',*,*,#5240,.F.);
#6729=ORIENTED_EDGE('',*,*,#5241,.F.);
#6730=ORIENTED_EDGE('',*,*,#5242,.F.);
#6731=ORIENTED_EDGE('',*,*,#5243,.F.);
#6732=ORIENTED_EDGE('',*,*,#5244,.F.);
#6733=ORIENTED_EDGE('',*,*,#5245,.T.);
#6734=ORIENTED_EDGE('',*,*,#5246,.F.);
#6735=ORIENTED_EDGE('',*,*,#5245,.F.);
#6736=ORIENTED_EDGE('',*,*,#5247,.F.);
#6737=ORIENTED_EDGE('',*,*,#5248,.F.);
#6738=ORIENTED_EDGE('',*,*,#5249,.F.);
#6739=ORIENTED_EDGE('',*,*,#5250,.F.);
#6740=ORIENTED_EDGE('',*,*,#5251,.F.);
#6741=ORIENTED_EDGE('',*,*,#5252,.T.);
#6742=ORIENTED_EDGE('',*,*,#5253,.F.);
#6743=ORIENTED_EDGE('',*,*,#5252,.F.);
#6744=ORIENTED_EDGE('',*,*,#5254,.F.);
#6745=ORIENTED_EDGE('',*,*,#5255,.F.);
#6746=ORIENTED_EDGE('',*,*,#5256,.F.);
#6747=ORIENTED_EDGE('',*,*,#5257,.F.);
#6748=ORIENTED_EDGE('',*,*,#5258,.F.);
#6749=ORIENTED_EDGE('',*,*,#5259,.T.);
#6750=ORIENTED_EDGE('',*,*,#5260,.F.);
#6751=ORIENTED_EDGE('',*,*,#5259,.F.);
#6752=ORIENTED_EDGE('',*,*,#5261,.F.);
#6753=ORIENTED_EDGE('',*,*,#5262,.F.);
#6754=ORIENTED_EDGE('',*,*,#5263,.F.);
#6755=ORIENTED_EDGE('',*,*,#5264,.F.);
#6756=ORIENTED_EDGE('',*,*,#5265,.F.);
#6757=ORIENTED_EDGE('',*,*,#5266,.T.);
#6758=ORIENTED_EDGE('',*,*,#5267,.F.);
#6759=ORIENTED_EDGE('',*,*,#5266,.F.);
#6760=ORIENTED_EDGE('',*,*,#5268,.F.);
#6761=ORIENTED_EDGE('',*,*,#5269,.F.);
#6762=ORIENTED_EDGE('',*,*,#5270,.F.);
#6763=ORIENTED_EDGE('',*,*,#5271,.F.);
#6764=ORIENTED_EDGE('',*,*,#5272,.F.);
#6765=ORIENTED_EDGE('',*,*,#5273,.T.);
#6766=ORIENTED_EDGE('',*,*,#5274,.F.);
#6767=ORIENTED_EDGE('',*,*,#5273,.F.);
#6768=ORIENTED_EDGE('',*,*,#5275,.F.);
#6769=ORIENTED_EDGE('',*,*,#5276,.F.);
#6770=ORIENTED_EDGE('',*,*,#5277,.F.);
#6771=ORIENTED_EDGE('',*,*,#5278,.F.);
#6772=ORIENTED_EDGE('',*,*,#5279,.F.);
#6773=ORIENTED_EDGE('',*,*,#5280,.T.);
#6774=ORIENTED_EDGE('',*,*,#5281,.F.);
#6775=ORIENTED_EDGE('',*,*,#5280,.F.);
#6776=ORIENTED_EDGE('',*,*,#5282,.F.);
#6777=ORIENTED_EDGE('',*,*,#5283,.F.);
#6778=ORIENTED_EDGE('',*,*,#5284,.F.);
#6779=ORIENTED_EDGE('',*,*,#5285,.F.);
#6780=ORIENTED_EDGE('',*,*,#5286,.F.);
#6781=ORIENTED_EDGE('',*,*,#5287,.T.);
#6782=ORIENTED_EDGE('',*,*,#5288,.F.);
#6783=ORIENTED_EDGE('',*,*,#5287,.F.);
#6784=ORIENTED_EDGE('',*,*,#5289,.F.);
#6785=ORIENTED_EDGE('',*,*,#5290,.F.);
#6786=ORIENTED_EDGE('',*,*,#5291,.F.);
#6787=ORIENTED_EDGE('',*,*,#5292,.F.);
#6788=ORIENTED_EDGE('',*,*,#5293,.F.);
#6789=ORIENTED_EDGE('',*,*,#5294,.T.);
#6790=ORIENTED_EDGE('',*,*,#5295,.F.);
#6791=ORIENTED_EDGE('',*,*,#5294,.F.);
#6792=ORIENTED_EDGE('',*,*,#5296,.F.);
#6793=ORIENTED_EDGE('',*,*,#5297,.F.);
#6794=ORIENTED_EDGE('',*,*,#5298,.F.);
#6795=ORIENTED_EDGE('',*,*,#5299,.F.);
#6796=ORIENTED_EDGE('',*,*,#5300,.F.);
#6797=ORIENTED_EDGE('',*,*,#5301,.T.);
#6798=ORIENTED_EDGE('',*,*,#5302,.F.);
#6799=ORIENTED_EDGE('',*,*,#5301,.F.);
#6800=ORIENTED_EDGE('',*,*,#5303,.F.);
#6801=ORIENTED_EDGE('',*,*,#5304,.F.);
#6802=ORIENTED_EDGE('',*,*,#5305,.F.);
#6803=ORIENTED_EDGE('',*,*,#5306,.F.);
#6804=ORIENTED_EDGE('',*,*,#5307,.F.);
#6805=ORIENTED_EDGE('',*,*,#5308,.T.);
#6806=ORIENTED_EDGE('',*,*,#5309,.F.);
#6807=ORIENTED_EDGE('',*,*,#5308,.F.);
#6808=ORIENTED_EDGE('',*,*,#5310,.F.);
#6809=ORIENTED_EDGE('',*,*,#5311,.F.);
#6810=ORIENTED_EDGE('',*,*,#5312,.F.);
#6811=ORIENTED_EDGE('',*,*,#5313,.F.);
#6812=ORIENTED_EDGE('',*,*,#5314,.F.);
#6813=ORIENTED_EDGE('',*,*,#5315,.T.);
#6814=ORIENTED_EDGE('',*,*,#5316,.F.);
#6815=ORIENTED_EDGE('',*,*,#5315,.F.);
#6816=ORIENTED_EDGE('',*,*,#5317,.F.);
#6817=ORIENTED_EDGE('',*,*,#5318,.F.);
#6818=ORIENTED_EDGE('',*,*,#5319,.F.);
#6819=ORIENTED_EDGE('',*,*,#5320,.F.);
#6820=ORIENTED_EDGE('',*,*,#5321,.F.);
#6821=ORIENTED_EDGE('',*,*,#5322,.T.);
#6822=ORIENTED_EDGE('',*,*,#5323,.F.);
#6823=ORIENTED_EDGE('',*,*,#5322,.F.);
#6824=ORIENTED_EDGE('',*,*,#5324,.F.);
#6825=ORIENTED_EDGE('',*,*,#5325,.F.);
#6826=ORIENTED_EDGE('',*,*,#5326,.F.);
#6827=ORIENTED_EDGE('',*,*,#5327,.F.);
#6828=ORIENTED_EDGE('',*,*,#5328,.F.);
#6829=ORIENTED_EDGE('',*,*,#5329,.T.);
#6830=ORIENTED_EDGE('',*,*,#5330,.F.);
#6831=ORIENTED_EDGE('',*,*,#5329,.F.);
#6832=ORIENTED_EDGE('',*,*,#5331,.F.);
#6833=ORIENTED_EDGE('',*,*,#5332,.F.);
#6834=ORIENTED_EDGE('',*,*,#5333,.F.);
#6835=ORIENTED_EDGE('',*,*,#5334,.F.);
#6836=ORIENTED_EDGE('',*,*,#5335,.F.);
#6837=ORIENTED_EDGE('',*,*,#5336,.T.);
#6838=ORIENTED_EDGE('',*,*,#5337,.F.);
#6839=ORIENTED_EDGE('',*,*,#5336,.F.);
#6840=ORIENTED_EDGE('',*,*,#5338,.F.);
#6841=ORIENTED_EDGE('',*,*,#5339,.F.);
#6842=ORIENTED_EDGE('',*,*,#5340,.F.);
#6843=ORIENTED_EDGE('',*,*,#5341,.F.);
#6844=ORIENTED_EDGE('',*,*,#5342,.F.);
#6845=ORIENTED_EDGE('',*,*,#5343,.T.);
#6846=ORIENTED_EDGE('',*,*,#5344,.F.);
#6847=ORIENTED_EDGE('',*,*,#5343,.F.);
#6848=ORIENTED_EDGE('',*,*,#5345,.F.);
#6849=ORIENTED_EDGE('',*,*,#5346,.F.);
#6850=ORIENTED_EDGE('',*,*,#5347,.F.);
#6851=ORIENTED_EDGE('',*,*,#5348,.F.);
#6852=ORIENTED_EDGE('',*,*,#5349,.F.);
#6853=ORIENTED_EDGE('',*,*,#5350,.T.);
#6854=ORIENTED_EDGE('',*,*,#5351,.F.);
#6855=ORIENTED_EDGE('',*,*,#5350,.F.);
#6856=ORIENTED_EDGE('',*,*,#5352,.F.);
#6857=ORIENTED_EDGE('',*,*,#5353,.F.);
#6858=ORIENTED_EDGE('',*,*,#5354,.F.);
#6859=ORIENTED_EDGE('',*,*,#5355,.F.);
#6860=ORIENTED_EDGE('',*,*,#5356,.F.);
#6861=ORIENTED_EDGE('',*,*,#5357,.T.);
#6862=ORIENTED_EDGE('',*,*,#5358,.F.);
#6863=ORIENTED_EDGE('',*,*,#5357,.F.);
#6864=ORIENTED_EDGE('',*,*,#5359,.F.);
#6865=ORIENTED_EDGE('',*,*,#5360,.F.);
#6866=ORIENTED_EDGE('',*,*,#5361,.F.);
#6867=ORIENTED_EDGE('',*,*,#5362,.F.);
#6868=ORIENTED_EDGE('',*,*,#5363,.F.);
#6869=ORIENTED_EDGE('',*,*,#5364,.T.);
#6870=ORIENTED_EDGE('',*,*,#5365,.F.);
#6871=ORIENTED_EDGE('',*,*,#5364,.F.);
#6872=ORIENTED_EDGE('',*,*,#5366,.F.);
#6873=ORIENTED_EDGE('',*,*,#5367,.F.);
#6874=ORIENTED_EDGE('',*,*,#5368,.F.);
#6875=ORIENTED_EDGE('',*,*,#5369,.F.);
#6876=ORIENTED_EDGE('',*,*,#5370,.F.);
#6877=ORIENTED_EDGE('',*,*,#5371,.T.);
#6878=ORIENTED_EDGE('',*,*,#5372,.F.);
#6879=ORIENTED_EDGE('',*,*,#5371,.F.);
#6880=ORIENTED_EDGE('',*,*,#5373,.F.);
#6881=ORIENTED_EDGE('',*,*,#5374,.F.);
#6882=ORIENTED_EDGE('',*,*,#5375,.F.);
#6883=ORIENTED_EDGE('',*,*,#5376,.F.);
#6884=ORIENTED_EDGE('',*,*,#5377,.F.);
#6885=ORIENTED_EDGE('',*,*,#5378,.T.);
#6886=ORIENTED_EDGE('',*,*,#5379,.F.);
#6887=ORIENTED_EDGE('',*,*,#5378,.F.);
#6888=ORIENTED_EDGE('',*,*,#5380,.F.);
#6889=ORIENTED_EDGE('',*,*,#5381,.F.);
#6890=ORIENTED_EDGE('',*,*,#5382,.F.);
#6891=ORIENTED_EDGE('',*,*,#5383,.F.);
#6892=ORIENTED_EDGE('',*,*,#5384,.F.);
#6893=ORIENTED_EDGE('',*,*,#5385,.T.);
#6894=ORIENTED_EDGE('',*,*,#5386,.F.);
#6895=ORIENTED_EDGE('',*,*,#5385,.F.);
#6896=ORIENTED_EDGE('',*,*,#5387,.F.);
#6897=ORIENTED_EDGE('',*,*,#5388,.F.);
#6898=ORIENTED_EDGE('',*,*,#5389,.F.);
#6899=ORIENTED_EDGE('',*,*,#5390,.F.);
#6900=ORIENTED_EDGE('',*,*,#5391,.F.);
#6901=ORIENTED_EDGE('',*,*,#5392,.T.);
#6902=ORIENTED_EDGE('',*,*,#5393,.F.);
#6903=ORIENTED_EDGE('',*,*,#5392,.F.);
#6904=ORIENTED_EDGE('',*,*,#5394,.F.);
#6905=ORIENTED_EDGE('',*,*,#5395,.F.);
#6906=ORIENTED_EDGE('',*,*,#5396,.F.);
#6907=ORIENTED_EDGE('',*,*,#5397,.F.);
#6908=ORIENTED_EDGE('',*,*,#5398,.F.);
#6909=ORIENTED_EDGE('',*,*,#5399,.T.);
#6910=ORIENTED_EDGE('',*,*,#5400,.F.);
#6911=ORIENTED_EDGE('',*,*,#5399,.F.);
#6912=ORIENTED_EDGE('',*,*,#5401,.F.);
#6913=ORIENTED_EDGE('',*,*,#5402,.F.);
#6914=ORIENTED_EDGE('',*,*,#5403,.F.);
#6915=ORIENTED_EDGE('',*,*,#5404,.F.);
#6916=ORIENTED_EDGE('',*,*,#5405,.F.);
#6917=ORIENTED_EDGE('',*,*,#5406,.T.);
#6918=ORIENTED_EDGE('',*,*,#5407,.F.);
#6919=ORIENTED_EDGE('',*,*,#5406,.F.);
#6920=ORIENTED_EDGE('',*,*,#5408,.F.);
#6921=ORIENTED_EDGE('',*,*,#5409,.F.);
#6922=ORIENTED_EDGE('',*,*,#5410,.F.);
#6923=ORIENTED_EDGE('',*,*,#5411,.F.);
#6924=ORIENTED_EDGE('',*,*,#5412,.F.);
#6925=ORIENTED_EDGE('',*,*,#5413,.T.);
#6926=ORIENTED_EDGE('',*,*,#5414,.F.);
#6927=ORIENTED_EDGE('',*,*,#5413,.F.);
#6928=ORIENTED_EDGE('',*,*,#5415,.F.);
#6929=ORIENTED_EDGE('',*,*,#5416,.F.);
#6930=ORIENTED_EDGE('',*,*,#5417,.F.);
#6931=ORIENTED_EDGE('',*,*,#5418,.F.);
#6932=ORIENTED_EDGE('',*,*,#5419,.F.);
#6933=ORIENTED_EDGE('',*,*,#5420,.T.);
#6934=ORIENTED_EDGE('',*,*,#5421,.F.);
#6935=ORIENTED_EDGE('',*,*,#5420,.F.);
#6936=ORIENTED_EDGE('',*,*,#5422,.F.);
#6937=ORIENTED_EDGE('',*,*,#5423,.F.);
#6938=ORIENTED_EDGE('',*,*,#5424,.F.);
#6939=ORIENTED_EDGE('',*,*,#5425,.F.);
#6940=ORIENTED_EDGE('',*,*,#5426,.F.);
#6941=ORIENTED_EDGE('',*,*,#5427,.T.);
#6942=ORIENTED_EDGE('',*,*,#5428,.F.);
#6943=ORIENTED_EDGE('',*,*,#5427,.F.);
#6944=ORIENTED_EDGE('',*,*,#5429,.F.);
#6945=ORIENTED_EDGE('',*,*,#5430,.F.);
#6946=ORIENTED_EDGE('',*,*,#5431,.F.);
#6947=ORIENTED_EDGE('',*,*,#5432,.F.);
#6948=ORIENTED_EDGE('',*,*,#5433,.F.);
#6949=ORIENTED_EDGE('',*,*,#5434,.T.);
#6950=ORIENTED_EDGE('',*,*,#5435,.F.);
#6951=ORIENTED_EDGE('',*,*,#5434,.F.);
#6952=ORIENTED_EDGE('',*,*,#5436,.F.);
#6953=ORIENTED_EDGE('',*,*,#5437,.F.);
#6954=ORIENTED_EDGE('',*,*,#5438,.F.);
#6955=ORIENTED_EDGE('',*,*,#5439,.F.);
#6956=ORIENTED_EDGE('',*,*,#5440,.F.);
#6957=ORIENTED_EDGE('',*,*,#5441,.T.);
#6958=ORIENTED_EDGE('',*,*,#5442,.F.);
#6959=ORIENTED_EDGE('',*,*,#5441,.F.);
#6960=ORIENTED_EDGE('',*,*,#5443,.F.);
#6961=ORIENTED_EDGE('',*,*,#5444,.F.);
#6962=ORIENTED_EDGE('',*,*,#5445,.F.);
#6963=ORIENTED_EDGE('',*,*,#5446,.F.);
#6964=ORIENTED_EDGE('',*,*,#5447,.F.);
#6965=ORIENTED_EDGE('',*,*,#5448,.T.);
#6966=ORIENTED_EDGE('',*,*,#5449,.F.);
#6967=ORIENTED_EDGE('',*,*,#5448,.F.);
#6968=ORIENTED_EDGE('',*,*,#5450,.F.);
#6969=ORIENTED_EDGE('',*,*,#5451,.F.);
#6970=ORIENTED_EDGE('',*,*,#5452,.F.);
#6971=ORIENTED_EDGE('',*,*,#5453,.F.);
#6972=ORIENTED_EDGE('',*,*,#5454,.F.);
#6973=ORIENTED_EDGE('',*,*,#5455,.T.);
#6974=ORIENTED_EDGE('',*,*,#5456,.F.);
#6975=ORIENTED_EDGE('',*,*,#5455,.F.);
#6976=ORIENTED_EDGE('',*,*,#5457,.F.);
#6977=ORIENTED_EDGE('',*,*,#5458,.F.);
#6978=ORIENTED_EDGE('',*,*,#5459,.F.);
#6979=ORIENTED_EDGE('',*,*,#5460,.F.);
#6980=ORIENTED_EDGE('',*,*,#5461,.F.);
#6981=ORIENTED_EDGE('',*,*,#5462,.T.);
#6982=ORIENTED_EDGE('',*,*,#5463,.F.);
#6983=ORIENTED_EDGE('',*,*,#5462,.F.);
#6984=ORIENTED_EDGE('',*,*,#5464,.F.);
#6985=ORIENTED_EDGE('',*,*,#5465,.F.);
#6986=ORIENTED_EDGE('',*,*,#4428,.T.);
#6987=ORIENTED_EDGE('',*,*,#4425,.T.);
#6988=ORIENTED_EDGE('',*,*,#5466,.F.);
#6989=ORIENTED_EDGE('',*,*,#4435,.T.);
#6990=ORIENTED_EDGE('',*,*,#4432,.T.);
#6991=ORIENTED_EDGE('',*,*,#5467,.F.);
#6992=ORIENTED_EDGE('',*,*,#4442,.T.);
#6993=ORIENTED_EDGE('',*,*,#4439,.T.);
#6994=ORIENTED_EDGE('',*,*,#5468,.F.);
#6995=ORIENTED_EDGE('',*,*,#4449,.T.);
#6996=ORIENTED_EDGE('',*,*,#4446,.T.);
#6997=ORIENTED_EDGE('',*,*,#5469,.F.);
#6998=ORIENTED_EDGE('',*,*,#4456,.T.);
#6999=ORIENTED_EDGE('',*,*,#4453,.T.);
#7000=ORIENTED_EDGE('',*,*,#5470,.F.);
#7001=ORIENTED_EDGE('',*,*,#4463,.T.);
#7002=ORIENTED_EDGE('',*,*,#4460,.T.);
#7003=ORIENTED_EDGE('',*,*,#5471,.F.);
#7004=ORIENTED_EDGE('',*,*,#4470,.T.);
#7005=ORIENTED_EDGE('',*,*,#4467,.T.);
#7006=ORIENTED_EDGE('',*,*,#5472,.F.);
#7007=ORIENTED_EDGE('',*,*,#4477,.T.);
#7008=ORIENTED_EDGE('',*,*,#4474,.T.);
#7009=ORIENTED_EDGE('',*,*,#5473,.F.);
#7010=ORIENTED_EDGE('',*,*,#4484,.T.);
#7011=ORIENTED_EDGE('',*,*,#4481,.T.);
#7012=ORIENTED_EDGE('',*,*,#5474,.F.);
#7013=ORIENTED_EDGE('',*,*,#4491,.T.);
#7014=ORIENTED_EDGE('',*,*,#4488,.T.);
#7015=ORIENTED_EDGE('',*,*,#5475,.F.);
#7016=ORIENTED_EDGE('',*,*,#4498,.T.);
#7017=ORIENTED_EDGE('',*,*,#4495,.T.);
#7018=ORIENTED_EDGE('',*,*,#5476,.F.);
#7019=ORIENTED_EDGE('',*,*,#4505,.T.);
#7020=ORIENTED_EDGE('',*,*,#4502,.T.);
#7021=ORIENTED_EDGE('',*,*,#5477,.F.);
#7022=ORIENTED_EDGE('',*,*,#4512,.T.);
#7023=ORIENTED_EDGE('',*,*,#4509,.T.);
#7024=ORIENTED_EDGE('',*,*,#5478,.F.);
#7025=ORIENTED_EDGE('',*,*,#4519,.T.);
#7026=ORIENTED_EDGE('',*,*,#4516,.T.);
#7027=ORIENTED_EDGE('',*,*,#5479,.F.);
#7028=ORIENTED_EDGE('',*,*,#4526,.T.);
#7029=ORIENTED_EDGE('',*,*,#4523,.T.);
#7030=ORIENTED_EDGE('',*,*,#5480,.F.);
#7031=ORIENTED_EDGE('',*,*,#4533,.T.);
#7032=ORIENTED_EDGE('',*,*,#4530,.T.);
#7033=ORIENTED_EDGE('',*,*,#5481,.F.);
#7034=ORIENTED_EDGE('',*,*,#4540,.T.);
#7035=ORIENTED_EDGE('',*,*,#4537,.T.);
#7036=ORIENTED_EDGE('',*,*,#5482,.F.);
#7037=ORIENTED_EDGE('',*,*,#4547,.T.);
#7038=ORIENTED_EDGE('',*,*,#4544,.T.);
#7039=ORIENTED_EDGE('',*,*,#5483,.F.);
#7040=ORIENTED_EDGE('',*,*,#4554,.T.);
#7041=ORIENTED_EDGE('',*,*,#4551,.T.);
#7042=ORIENTED_EDGE('',*,*,#5484,.F.);
#7043=ORIENTED_EDGE('',*,*,#4561,.T.);
#7044=ORIENTED_EDGE('',*,*,#4558,.T.);
#7045=ORIENTED_EDGE('',*,*,#5485,.F.);
#7046=ORIENTED_EDGE('',*,*,#4568,.T.);
#7047=ORIENTED_EDGE('',*,*,#4565,.T.);
#7048=ORIENTED_EDGE('',*,*,#5486,.F.);
#7049=ORIENTED_EDGE('',*,*,#4575,.T.);
#7050=ORIENTED_EDGE('',*,*,#4572,.T.);
#7051=ORIENTED_EDGE('',*,*,#5487,.F.);
#7052=ORIENTED_EDGE('',*,*,#4582,.T.);
#7053=ORIENTED_EDGE('',*,*,#4579,.T.);
#7054=ORIENTED_EDGE('',*,*,#5488,.F.);
#7055=ORIENTED_EDGE('',*,*,#4589,.T.);
#7056=ORIENTED_EDGE('',*,*,#4586,.T.);
#7057=ORIENTED_EDGE('',*,*,#5489,.F.);
#7058=ORIENTED_EDGE('',*,*,#4596,.T.);
#7059=ORIENTED_EDGE('',*,*,#4593,.T.);
#7060=ORIENTED_EDGE('',*,*,#5490,.F.);
#7061=ORIENTED_EDGE('',*,*,#4603,.T.);
#7062=ORIENTED_EDGE('',*,*,#4600,.T.);
#7063=ORIENTED_EDGE('',*,*,#5491,.F.);
#7064=ORIENTED_EDGE('',*,*,#4610,.T.);
#7065=ORIENTED_EDGE('',*,*,#4607,.T.);
#7066=ORIENTED_EDGE('',*,*,#5492,.F.);
#7067=ORIENTED_EDGE('',*,*,#4617,.T.);
#7068=ORIENTED_EDGE('',*,*,#4614,.T.);
#7069=ORIENTED_EDGE('',*,*,#5493,.F.);
#7070=ORIENTED_EDGE('',*,*,#4624,.T.);
#7071=ORIENTED_EDGE('',*,*,#4621,.T.);
#7072=ORIENTED_EDGE('',*,*,#5494,.F.);
#7073=ORIENTED_EDGE('',*,*,#4631,.T.);
#7074=ORIENTED_EDGE('',*,*,#4628,.T.);
#7075=ORIENTED_EDGE('',*,*,#5495,.F.);
#7076=ORIENTED_EDGE('',*,*,#4638,.T.);
#7077=ORIENTED_EDGE('',*,*,#4635,.T.);
#7078=ORIENTED_EDGE('',*,*,#5496,.F.);
#7079=ORIENTED_EDGE('',*,*,#4645,.T.);
#7080=ORIENTED_EDGE('',*,*,#4642,.T.);
#7081=ORIENTED_EDGE('',*,*,#5497,.F.);
#7082=ORIENTED_EDGE('',*,*,#4652,.T.);
#7083=ORIENTED_EDGE('',*,*,#4649,.T.);
#7084=ORIENTED_EDGE('',*,*,#5498,.F.);
#7085=ORIENTED_EDGE('',*,*,#4659,.T.);
#7086=ORIENTED_EDGE('',*,*,#4656,.T.);
#7087=ORIENTED_EDGE('',*,*,#5499,.F.);
#7088=ORIENTED_EDGE('',*,*,#4666,.T.);
#7089=ORIENTED_EDGE('',*,*,#4663,.T.);
#7090=ORIENTED_EDGE('',*,*,#5500,.F.);
#7091=ORIENTED_EDGE('',*,*,#4673,.T.);
#7092=ORIENTED_EDGE('',*,*,#4670,.T.);
#7093=ORIENTED_EDGE('',*,*,#5501,.F.);
#7094=ORIENTED_EDGE('',*,*,#4680,.T.);
#7095=ORIENTED_EDGE('',*,*,#4677,.T.);
#7096=ORIENTED_EDGE('',*,*,#5502,.F.);
#7097=ORIENTED_EDGE('',*,*,#4687,.T.);
#7098=ORIENTED_EDGE('',*,*,#4684,.T.);
#7099=ORIENTED_EDGE('',*,*,#5503,.F.);
#7100=ORIENTED_EDGE('',*,*,#4694,.T.);
#7101=ORIENTED_EDGE('',*,*,#4691,.T.);
#7102=ORIENTED_EDGE('',*,*,#5504,.F.);
#7103=ORIENTED_EDGE('',*,*,#4701,.T.);
#7104=ORIENTED_EDGE('',*,*,#4698,.T.);
#7105=ORIENTED_EDGE('',*,*,#5505,.F.);
#7106=ORIENTED_EDGE('',*,*,#4708,.T.);
#7107=ORIENTED_EDGE('',*,*,#4705,.T.);
#7108=ORIENTED_EDGE('',*,*,#5506,.F.);
#7109=ORIENTED_EDGE('',*,*,#4715,.T.);
#7110=ORIENTED_EDGE('',*,*,#4712,.T.);
#7111=ORIENTED_EDGE('',*,*,#5507,.F.);
#7112=ORIENTED_EDGE('',*,*,#4722,.T.);
#7113=ORIENTED_EDGE('',*,*,#4719,.T.);
#7114=ORIENTED_EDGE('',*,*,#5508,.F.);
#7115=ORIENTED_EDGE('',*,*,#4729,.T.);
#7116=ORIENTED_EDGE('',*,*,#4726,.T.);
#7117=ORIENTED_EDGE('',*,*,#5509,.F.);
#7118=ORIENTED_EDGE('',*,*,#4736,.T.);
#7119=ORIENTED_EDGE('',*,*,#4733,.T.);
#7120=ORIENTED_EDGE('',*,*,#5510,.F.);
#7121=ORIENTED_EDGE('',*,*,#4743,.T.);
#7122=ORIENTED_EDGE('',*,*,#4740,.T.);
#7123=ORIENTED_EDGE('',*,*,#5511,.F.);
#7124=ORIENTED_EDGE('',*,*,#4750,.T.);
#7125=ORIENTED_EDGE('',*,*,#4747,.T.);
#7126=ORIENTED_EDGE('',*,*,#5512,.F.);
#7127=ORIENTED_EDGE('',*,*,#4757,.T.);
#7128=ORIENTED_EDGE('',*,*,#4754,.T.);
#7129=ORIENTED_EDGE('',*,*,#5513,.F.);
#7130=ORIENTED_EDGE('',*,*,#4764,.T.);
#7131=ORIENTED_EDGE('',*,*,#4761,.T.);
#7132=ORIENTED_EDGE('',*,*,#5514,.F.);
#7133=ORIENTED_EDGE('',*,*,#4771,.T.);
#7134=ORIENTED_EDGE('',*,*,#4768,.T.);
#7135=ORIENTED_EDGE('',*,*,#5515,.F.);
#7136=ORIENTED_EDGE('',*,*,#4778,.T.);
#7137=ORIENTED_EDGE('',*,*,#4775,.T.);
#7138=ORIENTED_EDGE('',*,*,#5516,.F.);
#7139=ORIENTED_EDGE('',*,*,#4785,.T.);
#7140=ORIENTED_EDGE('',*,*,#4782,.T.);
#7141=ORIENTED_EDGE('',*,*,#5517,.F.);
#7142=ORIENTED_EDGE('',*,*,#4792,.T.);
#7143=ORIENTED_EDGE('',*,*,#4789,.T.);
#7144=ORIENTED_EDGE('',*,*,#5518,.F.);
#7145=ORIENTED_EDGE('',*,*,#4799,.T.);
#7146=ORIENTED_EDGE('',*,*,#4796,.T.);
#7147=ORIENTED_EDGE('',*,*,#5519,.F.);
#7148=ORIENTED_EDGE('',*,*,#4806,.T.);
#7149=ORIENTED_EDGE('',*,*,#4803,.T.);
#7150=ORIENTED_EDGE('',*,*,#5520,.F.);
#7151=ORIENTED_EDGE('',*,*,#4813,.T.);
#7152=ORIENTED_EDGE('',*,*,#4810,.T.);
#7153=ORIENTED_EDGE('',*,*,#5521,.F.);
#7154=ORIENTED_EDGE('',*,*,#4820,.T.);
#7155=ORIENTED_EDGE('',*,*,#4817,.T.);
#7156=ORIENTED_EDGE('',*,*,#5522,.F.);
#7157=ORIENTED_EDGE('',*,*,#4827,.T.);
#7158=ORIENTED_EDGE('',*,*,#4824,.T.);
#7159=ORIENTED_EDGE('',*,*,#5523,.F.);
#7160=ORIENTED_EDGE('',*,*,#4834,.T.);
#7161=ORIENTED_EDGE('',*,*,#4831,.T.);
#7162=ORIENTED_EDGE('',*,*,#5524,.F.);
#7163=ORIENTED_EDGE('',*,*,#4841,.T.);
#7164=ORIENTED_EDGE('',*,*,#4838,.T.);
#7165=ORIENTED_EDGE('',*,*,#5525,.F.);
#7166=ORIENTED_EDGE('',*,*,#4848,.T.);
#7167=ORIENTED_EDGE('',*,*,#4845,.T.);
#7168=ORIENTED_EDGE('',*,*,#5526,.F.);
#7169=ORIENTED_EDGE('',*,*,#4855,.T.);
#7170=ORIENTED_EDGE('',*,*,#4852,.T.);
#7171=ORIENTED_EDGE('',*,*,#5527,.F.);
#7172=ORIENTED_EDGE('',*,*,#4862,.T.);
#7173=ORIENTED_EDGE('',*,*,#4859,.T.);
#7174=ORIENTED_EDGE('',*,*,#5528,.F.);
#7175=ORIENTED_EDGE('',*,*,#4869,.T.);
#7176=ORIENTED_EDGE('',*,*,#4866,.T.);
#7177=ORIENTED_EDGE('',*,*,#5529,.F.);
#7178=ORIENTED_EDGE('',*,*,#4876,.T.);
#7179=ORIENTED_EDGE('',*,*,#4873,.T.);
#7180=ORIENTED_EDGE('',*,*,#5530,.F.);
#7181=ORIENTED_EDGE('',*,*,#4883,.T.);
#7182=ORIENTED_EDGE('',*,*,#4880,.T.);
#7183=ORIENTED_EDGE('',*,*,#5531,.F.);
#7184=ORIENTED_EDGE('',*,*,#4890,.T.);
#7185=ORIENTED_EDGE('',*,*,#4887,.T.);
#7186=ORIENTED_EDGE('',*,*,#5532,.F.);
#7187=ORIENTED_EDGE('',*,*,#4897,.T.);
#7188=ORIENTED_EDGE('',*,*,#4894,.T.);
#7189=ORIENTED_EDGE('',*,*,#5533,.F.);
#7190=ORIENTED_EDGE('',*,*,#4904,.T.);
#7191=ORIENTED_EDGE('',*,*,#4901,.T.);
#7192=ORIENTED_EDGE('',*,*,#5534,.F.);
#7193=ORIENTED_EDGE('',*,*,#4911,.T.);
#7194=ORIENTED_EDGE('',*,*,#4908,.T.);
#7195=ORIENTED_EDGE('',*,*,#5535,.F.);
#7196=ORIENTED_EDGE('',*,*,#4918,.T.);
#7197=ORIENTED_EDGE('',*,*,#4915,.T.);
#7198=ORIENTED_EDGE('',*,*,#5536,.F.);
#7199=ORIENTED_EDGE('',*,*,#4925,.T.);
#7200=ORIENTED_EDGE('',*,*,#4922,.T.);
#7201=ORIENTED_EDGE('',*,*,#5537,.F.);
#7202=ORIENTED_EDGE('',*,*,#4932,.T.);
#7203=ORIENTED_EDGE('',*,*,#4929,.T.);
#7204=ORIENTED_EDGE('',*,*,#5538,.F.);
#7205=ORIENTED_EDGE('',*,*,#4939,.T.);
#7206=ORIENTED_EDGE('',*,*,#4936,.T.);
#7207=ORIENTED_EDGE('',*,*,#5539,.F.);
#7208=ORIENTED_EDGE('',*,*,#4946,.T.);
#7209=ORIENTED_EDGE('',*,*,#4943,.T.);
#7210=ORIENTED_EDGE('',*,*,#5540,.F.);
#7211=ORIENTED_EDGE('',*,*,#4953,.T.);
#7212=ORIENTED_EDGE('',*,*,#4950,.T.);
#7213=ORIENTED_EDGE('',*,*,#5541,.F.);
#7214=ORIENTED_EDGE('',*,*,#4960,.T.);
#7215=ORIENTED_EDGE('',*,*,#4957,.T.);
#7216=ORIENTED_EDGE('',*,*,#5542,.F.);
#7217=ORIENTED_EDGE('',*,*,#4967,.T.);
#7218=ORIENTED_EDGE('',*,*,#4964,.T.);
#7219=ORIENTED_EDGE('',*,*,#5543,.F.);
#7220=ORIENTED_EDGE('',*,*,#4974,.T.);
#7221=ORIENTED_EDGE('',*,*,#4971,.T.);
#7222=ORIENTED_EDGE('',*,*,#5544,.F.);
#7223=ORIENTED_EDGE('',*,*,#4981,.T.);
#7224=ORIENTED_EDGE('',*,*,#4978,.T.);
#7225=ORIENTED_EDGE('',*,*,#5545,.F.);
#7226=ORIENTED_EDGE('',*,*,#4988,.T.);
#7227=ORIENTED_EDGE('',*,*,#4985,.T.);
#7228=ORIENTED_EDGE('',*,*,#5546,.F.);
#7229=ORIENTED_EDGE('',*,*,#4995,.T.);
#7230=ORIENTED_EDGE('',*,*,#4992,.T.);
#7231=ORIENTED_EDGE('',*,*,#5547,.F.);
#7232=ORIENTED_EDGE('',*,*,#5002,.T.);
#7233=ORIENTED_EDGE('',*,*,#4999,.T.);
#7234=ORIENTED_EDGE('',*,*,#5548,.F.);
#7235=ORIENTED_EDGE('',*,*,#5009,.T.);
#7236=ORIENTED_EDGE('',*,*,#5006,.T.);
#7237=ORIENTED_EDGE('',*,*,#5549,.F.);
#7238=ORIENTED_EDGE('',*,*,#5016,.T.);
#7239=ORIENTED_EDGE('',*,*,#5013,.T.);
#7240=ORIENTED_EDGE('',*,*,#5550,.F.);
#7241=ORIENTED_EDGE('',*,*,#5023,.T.);
#7242=ORIENTED_EDGE('',*,*,#5020,.T.);
#7243=ORIENTED_EDGE('',*,*,#5551,.F.);
#7244=ORIENTED_EDGE('',*,*,#5030,.T.);
#7245=ORIENTED_EDGE('',*,*,#5027,.T.);
#7246=ORIENTED_EDGE('',*,*,#5552,.F.);
#7247=ORIENTED_EDGE('',*,*,#5037,.T.);
#7248=ORIENTED_EDGE('',*,*,#5034,.T.);
#7249=ORIENTED_EDGE('',*,*,#5553,.F.);
#7250=ORIENTED_EDGE('',*,*,#5044,.T.);
#7251=ORIENTED_EDGE('',*,*,#5041,.T.);
#7252=ORIENTED_EDGE('',*,*,#5554,.F.);
#7253=ORIENTED_EDGE('',*,*,#5051,.T.);
#7254=ORIENTED_EDGE('',*,*,#5048,.T.);
#7255=ORIENTED_EDGE('',*,*,#5555,.F.);
#7256=ORIENTED_EDGE('',*,*,#5058,.T.);
#7257=ORIENTED_EDGE('',*,*,#5055,.T.);
#7258=ORIENTED_EDGE('',*,*,#5556,.F.);
#7259=ORIENTED_EDGE('',*,*,#5065,.T.);
#7260=ORIENTED_EDGE('',*,*,#5062,.T.);
#7261=ORIENTED_EDGE('',*,*,#5557,.F.);
#7262=ORIENTED_EDGE('',*,*,#5072,.T.);
#7263=ORIENTED_EDGE('',*,*,#5069,.T.);
#7264=ORIENTED_EDGE('',*,*,#5558,.F.);
#7265=ORIENTED_EDGE('',*,*,#5079,.T.);
#7266=ORIENTED_EDGE('',*,*,#5076,.T.);
#7267=ORIENTED_EDGE('',*,*,#5559,.F.);
#7268=ORIENTED_EDGE('',*,*,#5086,.T.);
#7269=ORIENTED_EDGE('',*,*,#5083,.T.);
#7270=ORIENTED_EDGE('',*,*,#5560,.F.);
#7271=ORIENTED_EDGE('',*,*,#5093,.T.);
#7272=ORIENTED_EDGE('',*,*,#5090,.T.);
#7273=ORIENTED_EDGE('',*,*,#5561,.F.);
#7274=ORIENTED_EDGE('',*,*,#5100,.T.);
#7275=ORIENTED_EDGE('',*,*,#5097,.T.);
#7276=ORIENTED_EDGE('',*,*,#5562,.F.);
#7277=ORIENTED_EDGE('',*,*,#5107,.T.);
#7278=ORIENTED_EDGE('',*,*,#5104,.T.);
#7279=ORIENTED_EDGE('',*,*,#5563,.F.);
#7280=ORIENTED_EDGE('',*,*,#5114,.T.);
#7281=ORIENTED_EDGE('',*,*,#5111,.T.);
#7282=ORIENTED_EDGE('',*,*,#5564,.F.);
#7283=ORIENTED_EDGE('',*,*,#5121,.T.);
#7284=ORIENTED_EDGE('',*,*,#5118,.T.);
#7285=ORIENTED_EDGE('',*,*,#5565,.F.);
#7286=ORIENTED_EDGE('',*,*,#5128,.T.);
#7287=ORIENTED_EDGE('',*,*,#5125,.T.);
#7288=ORIENTED_EDGE('',*,*,#5566,.F.);
#7289=ORIENTED_EDGE('',*,*,#5135,.T.);
#7290=ORIENTED_EDGE('',*,*,#5132,.T.);
#7291=ORIENTED_EDGE('',*,*,#5567,.F.);
#7292=ORIENTED_EDGE('',*,*,#5142,.T.);
#7293=ORIENTED_EDGE('',*,*,#5139,.T.);
#7294=ORIENTED_EDGE('',*,*,#5568,.F.);
#7295=ORIENTED_EDGE('',*,*,#5149,.T.);
#7296=ORIENTED_EDGE('',*,*,#5146,.T.);
#7297=ORIENTED_EDGE('',*,*,#5569,.F.);
#7298=ORIENTED_EDGE('',*,*,#5156,.T.);
#7299=ORIENTED_EDGE('',*,*,#5153,.T.);
#7300=ORIENTED_EDGE('',*,*,#5570,.F.);
#7301=ORIENTED_EDGE('',*,*,#5163,.T.);
#7302=ORIENTED_EDGE('',*,*,#5160,.T.);
#7303=ORIENTED_EDGE('',*,*,#5571,.F.);
#7304=ORIENTED_EDGE('',*,*,#5170,.T.);
#7305=ORIENTED_EDGE('',*,*,#5167,.T.);
#7306=ORIENTED_EDGE('',*,*,#5572,.F.);
#7307=ORIENTED_EDGE('',*,*,#5177,.T.);
#7308=ORIENTED_EDGE('',*,*,#5174,.T.);
#7309=ORIENTED_EDGE('',*,*,#5573,.F.);
#7310=ORIENTED_EDGE('',*,*,#5184,.T.);
#7311=ORIENTED_EDGE('',*,*,#5181,.T.);
#7312=ORIENTED_EDGE('',*,*,#5574,.F.);
#7313=ORIENTED_EDGE('',*,*,#5191,.T.);
#7314=ORIENTED_EDGE('',*,*,#5188,.T.);
#7315=ORIENTED_EDGE('',*,*,#5575,.F.);
#7316=ORIENTED_EDGE('',*,*,#5198,.T.);
#7317=ORIENTED_EDGE('',*,*,#5195,.T.);
#7318=ORIENTED_EDGE('',*,*,#5576,.F.);
#7319=ORIENTED_EDGE('',*,*,#5205,.T.);
#7320=ORIENTED_EDGE('',*,*,#5202,.T.);
#7321=ORIENTED_EDGE('',*,*,#5577,.F.);
#7322=ORIENTED_EDGE('',*,*,#5212,.T.);
#7323=ORIENTED_EDGE('',*,*,#5209,.T.);
#7324=ORIENTED_EDGE('',*,*,#5578,.F.);
#7325=ORIENTED_EDGE('',*,*,#5219,.T.);
#7326=ORIENTED_EDGE('',*,*,#5216,.T.);
#7327=ORIENTED_EDGE('',*,*,#5579,.F.);
#7328=ORIENTED_EDGE('',*,*,#5226,.T.);
#7329=ORIENTED_EDGE('',*,*,#5223,.T.);
#7330=ORIENTED_EDGE('',*,*,#5580,.F.);
#7331=ORIENTED_EDGE('',*,*,#5233,.T.);
#7332=ORIENTED_EDGE('',*,*,#5230,.T.);
#7333=ORIENTED_EDGE('',*,*,#5581,.F.);
#7334=ORIENTED_EDGE('',*,*,#5240,.T.);
#7335=ORIENTED_EDGE('',*,*,#5237,.T.);
#7336=ORIENTED_EDGE('',*,*,#5582,.F.);
#7337=ORIENTED_EDGE('',*,*,#5247,.T.);
#7338=ORIENTED_EDGE('',*,*,#5244,.T.);
#7339=ORIENTED_EDGE('',*,*,#5583,.F.);
#7340=ORIENTED_EDGE('',*,*,#5254,.T.);
#7341=ORIENTED_EDGE('',*,*,#5251,.T.);
#7342=ORIENTED_EDGE('',*,*,#5584,.F.);
#7343=ORIENTED_EDGE('',*,*,#5261,.T.);
#7344=ORIENTED_EDGE('',*,*,#5258,.T.);
#7345=ORIENTED_EDGE('',*,*,#5585,.F.);
#7346=ORIENTED_EDGE('',*,*,#5268,.T.);
#7347=ORIENTED_EDGE('',*,*,#5265,.T.);
#7348=ORIENTED_EDGE('',*,*,#5586,.F.);
#7349=ORIENTED_EDGE('',*,*,#5275,.T.);
#7350=ORIENTED_EDGE('',*,*,#5272,.T.);
#7351=ORIENTED_EDGE('',*,*,#5587,.F.);
#7352=ORIENTED_EDGE('',*,*,#5282,.T.);
#7353=ORIENTED_EDGE('',*,*,#5279,.T.);
#7354=ORIENTED_EDGE('',*,*,#5588,.F.);
#7355=ORIENTED_EDGE('',*,*,#5289,.T.);
#7356=ORIENTED_EDGE('',*,*,#5286,.T.);
#7357=ORIENTED_EDGE('',*,*,#5589,.F.);
#7358=ORIENTED_EDGE('',*,*,#5296,.T.);
#7359=ORIENTED_EDGE('',*,*,#5293,.T.);
#7360=ORIENTED_EDGE('',*,*,#5590,.F.);
#7361=ORIENTED_EDGE('',*,*,#5303,.T.);
#7362=ORIENTED_EDGE('',*,*,#5300,.T.);
#7363=ORIENTED_EDGE('',*,*,#5591,.F.);
#7364=ORIENTED_EDGE('',*,*,#5310,.T.);
#7365=ORIENTED_EDGE('',*,*,#5307,.T.);
#7366=ORIENTED_EDGE('',*,*,#5592,.F.);
#7367=ORIENTED_EDGE('',*,*,#5317,.T.);
#7368=ORIENTED_EDGE('',*,*,#5314,.T.);
#7369=ORIENTED_EDGE('',*,*,#5593,.F.);
#7370=ORIENTED_EDGE('',*,*,#5324,.T.);
#7371=ORIENTED_EDGE('',*,*,#5321,.T.);
#7372=ORIENTED_EDGE('',*,*,#5594,.F.);
#7373=ORIENTED_EDGE('',*,*,#5331,.T.);
#7374=ORIENTED_EDGE('',*,*,#5328,.T.);
#7375=ORIENTED_EDGE('',*,*,#5595,.F.);
#7376=ORIENTED_EDGE('',*,*,#5338,.T.);
#7377=ORIENTED_EDGE('',*,*,#5335,.T.);
#7378=ORIENTED_EDGE('',*,*,#5596,.F.);
#7379=ORIENTED_EDGE('',*,*,#5345,.T.);
#7380=ORIENTED_EDGE('',*,*,#5342,.T.);
#7381=ORIENTED_EDGE('',*,*,#5597,.F.);
#7382=ORIENTED_EDGE('',*,*,#5352,.T.);
#7383=ORIENTED_EDGE('',*,*,#5349,.T.);
#7384=ORIENTED_EDGE('',*,*,#5598,.F.);
#7385=ORIENTED_EDGE('',*,*,#5359,.T.);
#7386=ORIENTED_EDGE('',*,*,#5356,.T.);
#7387=ORIENTED_EDGE('',*,*,#5599,.F.);
#7388=ORIENTED_EDGE('',*,*,#5366,.T.);
#7389=ORIENTED_EDGE('',*,*,#5363,.T.);
#7390=ORIENTED_EDGE('',*,*,#5600,.F.);
#7391=ORIENTED_EDGE('',*,*,#5373,.T.);
#7392=ORIENTED_EDGE('',*,*,#5370,.T.);
#7393=ORIENTED_EDGE('',*,*,#5601,.F.);
#7394=ORIENTED_EDGE('',*,*,#5380,.T.);
#7395=ORIENTED_EDGE('',*,*,#5377,.T.);
#7396=ORIENTED_EDGE('',*,*,#5602,.F.);
#7397=ORIENTED_EDGE('',*,*,#5387,.T.);
#7398=ORIENTED_EDGE('',*,*,#5384,.T.);
#7399=ORIENTED_EDGE('',*,*,#5603,.F.);
#7400=ORIENTED_EDGE('',*,*,#5394,.T.);
#7401=ORIENTED_EDGE('',*,*,#5391,.T.);
#7402=ORIENTED_EDGE('',*,*,#5604,.F.);
#7403=ORIENTED_EDGE('',*,*,#5401,.T.);
#7404=ORIENTED_EDGE('',*,*,#5398,.T.);
#7405=ORIENTED_EDGE('',*,*,#5605,.F.);
#7406=ORIENTED_EDGE('',*,*,#5408,.T.);
#7407=ORIENTED_EDGE('',*,*,#5405,.T.);
#7408=ORIENTED_EDGE('',*,*,#5606,.F.);
#7409=ORIENTED_EDGE('',*,*,#5415,.T.);
#7410=ORIENTED_EDGE('',*,*,#5412,.T.);
#7411=ORIENTED_EDGE('',*,*,#5607,.F.);
#7412=ORIENTED_EDGE('',*,*,#5422,.T.);
#7413=ORIENTED_EDGE('',*,*,#5419,.T.);
#7414=ORIENTED_EDGE('',*,*,#5608,.F.);
#7415=ORIENTED_EDGE('',*,*,#5429,.T.);
#7416=ORIENTED_EDGE('',*,*,#5426,.T.);
#7417=ORIENTED_EDGE('',*,*,#5609,.F.);
#7418=ORIENTED_EDGE('',*,*,#5436,.T.);
#7419=ORIENTED_EDGE('',*,*,#5433,.T.);
#7420=ORIENTED_EDGE('',*,*,#5610,.F.);
#7421=ORIENTED_EDGE('',*,*,#5443,.T.);
#7422=ORIENTED_EDGE('',*,*,#5440,.T.);
#7423=ORIENTED_EDGE('',*,*,#5611,.F.);
#7424=ORIENTED_EDGE('',*,*,#5450,.T.);
#7425=ORIENTED_EDGE('',*,*,#5447,.T.);
#7426=ORIENTED_EDGE('',*,*,#5612,.F.);
#7427=ORIENTED_EDGE('',*,*,#5457,.T.);
#7428=ORIENTED_EDGE('',*,*,#5454,.T.);
#7429=ORIENTED_EDGE('',*,*,#5613,.F.);
#7430=ORIENTED_EDGE('',*,*,#5464,.T.);
#7431=ORIENTED_EDGE('',*,*,#5461,.T.);
#7432=ORIENTED_EDGE('',*,*,#5614,.F.);
#7433=ORIENTED_EDGE('',*,*,#5615,.T.);
#7434=ORIENTED_EDGE('',*,*,#5616,.T.);
#7435=ORIENTED_EDGE('',*,*,#5617,.F.);
#7436=ORIENTED_EDGE('',*,*,#5460,.T.);
#7437=ORIENTED_EDGE('',*,*,#5618,.F.);
#7438=ORIENTED_EDGE('',*,*,#5619,.T.);
#7439=ORIENTED_EDGE('',*,*,#5614,.T.);
#7440=ORIENTED_EDGE('',*,*,#5453,.T.);
#7441=ORIENTED_EDGE('',*,*,#5620,.F.);
#7442=ORIENTED_EDGE('',*,*,#5465,.T.);
#7443=ORIENTED_EDGE('',*,*,#5613,.T.);
#7444=ORIENTED_EDGE('',*,*,#5446,.T.);
#7445=ORIENTED_EDGE('',*,*,#5621,.F.);
#7446=ORIENTED_EDGE('',*,*,#5458,.T.);
#7447=ORIENTED_EDGE('',*,*,#5612,.T.);
#7448=ORIENTED_EDGE('',*,*,#5439,.T.);
#7449=ORIENTED_EDGE('',*,*,#5622,.F.);
#7450=ORIENTED_EDGE('',*,*,#5451,.T.);
#7451=ORIENTED_EDGE('',*,*,#5611,.T.);
#7452=ORIENTED_EDGE('',*,*,#5432,.T.);
#7453=ORIENTED_EDGE('',*,*,#5623,.F.);
#7454=ORIENTED_EDGE('',*,*,#5444,.T.);
#7455=ORIENTED_EDGE('',*,*,#5610,.T.);
#7456=ORIENTED_EDGE('',*,*,#5425,.T.);
#7457=ORIENTED_EDGE('',*,*,#5624,.F.);
#7458=ORIENTED_EDGE('',*,*,#5437,.T.);
#7459=ORIENTED_EDGE('',*,*,#5609,.T.);
#7460=ORIENTED_EDGE('',*,*,#5418,.T.);
#7461=ORIENTED_EDGE('',*,*,#5625,.F.);
#7462=ORIENTED_EDGE('',*,*,#5430,.T.);
#7463=ORIENTED_EDGE('',*,*,#5608,.T.);
#7464=ORIENTED_EDGE('',*,*,#5411,.T.);
#7465=ORIENTED_EDGE('',*,*,#5626,.F.);
#7466=ORIENTED_EDGE('',*,*,#5423,.T.);
#7467=ORIENTED_EDGE('',*,*,#5607,.T.);
#7468=ORIENTED_EDGE('',*,*,#5404,.T.);
#7469=ORIENTED_EDGE('',*,*,#5627,.F.);
#7470=ORIENTED_EDGE('',*,*,#5416,.T.);
#7471=ORIENTED_EDGE('',*,*,#5606,.T.);
#7472=ORIENTED_EDGE('',*,*,#5397,.T.);
#7473=ORIENTED_EDGE('',*,*,#5628,.F.);
#7474=ORIENTED_EDGE('',*,*,#5409,.T.);
#7475=ORIENTED_EDGE('',*,*,#5605,.T.);
#7476=ORIENTED_EDGE('',*,*,#5390,.T.);
#7477=ORIENTED_EDGE('',*,*,#5629,.F.);
#7478=ORIENTED_EDGE('',*,*,#5402,.T.);
#7479=ORIENTED_EDGE('',*,*,#5604,.T.);
#7480=ORIENTED_EDGE('',*,*,#5383,.T.);
#7481=ORIENTED_EDGE('',*,*,#5630,.F.);
#7482=ORIENTED_EDGE('',*,*,#5395,.T.);
#7483=ORIENTED_EDGE('',*,*,#5603,.T.);
#7484=ORIENTED_EDGE('',*,*,#5376,.T.);
#7485=ORIENTED_EDGE('',*,*,#5631,.F.);
#7486=ORIENTED_EDGE('',*,*,#5388,.T.);
#7487=ORIENTED_EDGE('',*,*,#5602,.T.);
#7488=ORIENTED_EDGE('',*,*,#5369,.T.);
#7489=ORIENTED_EDGE('',*,*,#5632,.F.);
#7490=ORIENTED_EDGE('',*,*,#5381,.T.);
#7491=ORIENTED_EDGE('',*,*,#5601,.T.);
#7492=ORIENTED_EDGE('',*,*,#5362,.T.);
#7493=ORIENTED_EDGE('',*,*,#5633,.F.);
#7494=ORIENTED_EDGE('',*,*,#5374,.T.);
#7495=ORIENTED_EDGE('',*,*,#5600,.T.);
#7496=ORIENTED_EDGE('',*,*,#5355,.T.);
#7497=ORIENTED_EDGE('',*,*,#5634,.F.);
#7498=ORIENTED_EDGE('',*,*,#5367,.T.);
#7499=ORIENTED_EDGE('',*,*,#5599,.T.);
#7500=ORIENTED_EDGE('',*,*,#5348,.T.);
#7501=ORIENTED_EDGE('',*,*,#5635,.F.);
#7502=ORIENTED_EDGE('',*,*,#5360,.T.);
#7503=ORIENTED_EDGE('',*,*,#5598,.T.);
#7504=ORIENTED_EDGE('',*,*,#5341,.T.);
#7505=ORIENTED_EDGE('',*,*,#5636,.F.);
#7506=ORIENTED_EDGE('',*,*,#5353,.T.);
#7507=ORIENTED_EDGE('',*,*,#5597,.T.);
#7508=ORIENTED_EDGE('',*,*,#5334,.T.);
#7509=ORIENTED_EDGE('',*,*,#5637,.F.);
#7510=ORIENTED_EDGE('',*,*,#5346,.T.);
#7511=ORIENTED_EDGE('',*,*,#5596,.T.);
#7512=ORIENTED_EDGE('',*,*,#5327,.T.);
#7513=ORIENTED_EDGE('',*,*,#5638,.F.);
#7514=ORIENTED_EDGE('',*,*,#5339,.T.);
#7515=ORIENTED_EDGE('',*,*,#5595,.T.);
#7516=ORIENTED_EDGE('',*,*,#5320,.T.);
#7517=ORIENTED_EDGE('',*,*,#5639,.F.);
#7518=ORIENTED_EDGE('',*,*,#5332,.T.);
#7519=ORIENTED_EDGE('',*,*,#5594,.T.);
#7520=ORIENTED_EDGE('',*,*,#5313,.T.);
#7521=ORIENTED_EDGE('',*,*,#5640,.F.);
#7522=ORIENTED_EDGE('',*,*,#5325,.T.);
#7523=ORIENTED_EDGE('',*,*,#5593,.T.);
#7524=ORIENTED_EDGE('',*,*,#5306,.T.);
#7525=ORIENTED_EDGE('',*,*,#5641,.F.);
#7526=ORIENTED_EDGE('',*,*,#5318,.T.);
#7527=ORIENTED_EDGE('',*,*,#5592,.T.);
#7528=ORIENTED_EDGE('',*,*,#5299,.T.);
#7529=ORIENTED_EDGE('',*,*,#5642,.F.);
#7530=ORIENTED_EDGE('',*,*,#5311,.T.);
#7531=ORIENTED_EDGE('',*,*,#5591,.T.);
#7532=ORIENTED_EDGE('',*,*,#5292,.T.);
#7533=ORIENTED_EDGE('',*,*,#5643,.F.);
#7534=ORIENTED_EDGE('',*,*,#5304,.T.);
#7535=ORIENTED_EDGE('',*,*,#5590,.T.);
#7536=ORIENTED_EDGE('',*,*,#5285,.T.);
#7537=ORIENTED_EDGE('',*,*,#5644,.F.);
#7538=ORIENTED_EDGE('',*,*,#5297,.T.);
#7539=ORIENTED_EDGE('',*,*,#5589,.T.);
#7540=ORIENTED_EDGE('',*,*,#5278,.T.);
#7541=ORIENTED_EDGE('',*,*,#5645,.F.);
#7542=ORIENTED_EDGE('',*,*,#5290,.T.);
#7543=ORIENTED_EDGE('',*,*,#5588,.T.);
#7544=ORIENTED_EDGE('',*,*,#5271,.T.);
#7545=ORIENTED_EDGE('',*,*,#5646,.F.);
#7546=ORIENTED_EDGE('',*,*,#5283,.T.);
#7547=ORIENTED_EDGE('',*,*,#5587,.T.);
#7548=ORIENTED_EDGE('',*,*,#5264,.T.);
#7549=ORIENTED_EDGE('',*,*,#5647,.F.);
#7550=ORIENTED_EDGE('',*,*,#5276,.T.);
#7551=ORIENTED_EDGE('',*,*,#5586,.T.);
#7552=ORIENTED_EDGE('',*,*,#5257,.T.);
#7553=ORIENTED_EDGE('',*,*,#5648,.F.);
#7554=ORIENTED_EDGE('',*,*,#5269,.T.);
#7555=ORIENTED_EDGE('',*,*,#5585,.T.);
#7556=ORIENTED_EDGE('',*,*,#5250,.T.);
#7557=ORIENTED_EDGE('',*,*,#5649,.F.);
#7558=ORIENTED_EDGE('',*,*,#5262,.T.);
#7559=ORIENTED_EDGE('',*,*,#5584,.T.);
#7560=ORIENTED_EDGE('',*,*,#5243,.T.);
#7561=ORIENTED_EDGE('',*,*,#5650,.F.);
#7562=ORIENTED_EDGE('',*,*,#5255,.T.);
#7563=ORIENTED_EDGE('',*,*,#5583,.T.);
#7564=ORIENTED_EDGE('',*,*,#5236,.T.);
#7565=ORIENTED_EDGE('',*,*,#5651,.F.);
#7566=ORIENTED_EDGE('',*,*,#5248,.T.);
#7567=ORIENTED_EDGE('',*,*,#5582,.T.);
#7568=ORIENTED_EDGE('',*,*,#5229,.T.);
#7569=ORIENTED_EDGE('',*,*,#5652,.F.);
#7570=ORIENTED_EDGE('',*,*,#5241,.T.);
#7571=ORIENTED_EDGE('',*,*,#5581,.T.);
#7572=ORIENTED_EDGE('',*,*,#5222,.T.);
#7573=ORIENTED_EDGE('',*,*,#5653,.F.);
#7574=ORIENTED_EDGE('',*,*,#5234,.T.);
#7575=ORIENTED_EDGE('',*,*,#5580,.T.);
#7576=ORIENTED_EDGE('',*,*,#5215,.T.);
#7577=ORIENTED_EDGE('',*,*,#5654,.F.);
#7578=ORIENTED_EDGE('',*,*,#5227,.T.);
#7579=ORIENTED_EDGE('',*,*,#5579,.T.);
#7580=ORIENTED_EDGE('',*,*,#5208,.T.);
#7581=ORIENTED_EDGE('',*,*,#5655,.F.);
#7582=ORIENTED_EDGE('',*,*,#5220,.T.);
#7583=ORIENTED_EDGE('',*,*,#5578,.T.);
#7584=ORIENTED_EDGE('',*,*,#5201,.T.);
#7585=ORIENTED_EDGE('',*,*,#5656,.F.);
#7586=ORIENTED_EDGE('',*,*,#5213,.T.);
#7587=ORIENTED_EDGE('',*,*,#5577,.T.);
#7588=ORIENTED_EDGE('',*,*,#5194,.T.);
#7589=ORIENTED_EDGE('',*,*,#5657,.F.);
#7590=ORIENTED_EDGE('',*,*,#5206,.T.);
#7591=ORIENTED_EDGE('',*,*,#5576,.T.);
#7592=ORIENTED_EDGE('',*,*,#5187,.T.);
#7593=ORIENTED_EDGE('',*,*,#5658,.F.);
#7594=ORIENTED_EDGE('',*,*,#5199,.T.);
#7595=ORIENTED_EDGE('',*,*,#5575,.T.);
#7596=ORIENTED_EDGE('',*,*,#5180,.T.);
#7597=ORIENTED_EDGE('',*,*,#5659,.F.);
#7598=ORIENTED_EDGE('',*,*,#5192,.T.);
#7599=ORIENTED_EDGE('',*,*,#5574,.T.);
#7600=ORIENTED_EDGE('',*,*,#5173,.T.);
#7601=ORIENTED_EDGE('',*,*,#5660,.F.);
#7602=ORIENTED_EDGE('',*,*,#5185,.T.);
#7603=ORIENTED_EDGE('',*,*,#5573,.T.);
#7604=ORIENTED_EDGE('',*,*,#5166,.T.);
#7605=ORIENTED_EDGE('',*,*,#5661,.F.);
#7606=ORIENTED_EDGE('',*,*,#5178,.T.);
#7607=ORIENTED_EDGE('',*,*,#5572,.T.);
#7608=ORIENTED_EDGE('',*,*,#5159,.T.);
#7609=ORIENTED_EDGE('',*,*,#5662,.F.);
#7610=ORIENTED_EDGE('',*,*,#5171,.T.);
#7611=ORIENTED_EDGE('',*,*,#5571,.T.);
#7612=ORIENTED_EDGE('',*,*,#5152,.T.);
#7613=ORIENTED_EDGE('',*,*,#5663,.F.);
#7614=ORIENTED_EDGE('',*,*,#5164,.T.);
#7615=ORIENTED_EDGE('',*,*,#5570,.T.);
#7616=ORIENTED_EDGE('',*,*,#5145,.T.);
#7617=ORIENTED_EDGE('',*,*,#5664,.F.);
#7618=ORIENTED_EDGE('',*,*,#5157,.T.);
#7619=ORIENTED_EDGE('',*,*,#5569,.T.);
#7620=ORIENTED_EDGE('',*,*,#5138,.T.);
#7621=ORIENTED_EDGE('',*,*,#5665,.F.);
#7622=ORIENTED_EDGE('',*,*,#5150,.T.);
#7623=ORIENTED_EDGE('',*,*,#5568,.T.);
#7624=ORIENTED_EDGE('',*,*,#5131,.T.);
#7625=ORIENTED_EDGE('',*,*,#5666,.F.);
#7626=ORIENTED_EDGE('',*,*,#5143,.T.);
#7627=ORIENTED_EDGE('',*,*,#5567,.T.);
#7628=ORIENTED_EDGE('',*,*,#5124,.T.);
#7629=ORIENTED_EDGE('',*,*,#5667,.F.);
#7630=ORIENTED_EDGE('',*,*,#5136,.T.);
#7631=ORIENTED_EDGE('',*,*,#5566,.T.);
#7632=ORIENTED_EDGE('',*,*,#5117,.T.);
#7633=ORIENTED_EDGE('',*,*,#5668,.F.);
#7634=ORIENTED_EDGE('',*,*,#5129,.T.);
#7635=ORIENTED_EDGE('',*,*,#5565,.T.);
#7636=ORIENTED_EDGE('',*,*,#5110,.T.);
#7637=ORIENTED_EDGE('',*,*,#5669,.F.);
#7638=ORIENTED_EDGE('',*,*,#5122,.T.);
#7639=ORIENTED_EDGE('',*,*,#5564,.T.);
#7640=ORIENTED_EDGE('',*,*,#5103,.T.);
#7641=ORIENTED_EDGE('',*,*,#5670,.F.);
#7642=ORIENTED_EDGE('',*,*,#5115,.T.);
#7643=ORIENTED_EDGE('',*,*,#5563,.T.);
#7644=ORIENTED_EDGE('',*,*,#5096,.T.);
#7645=ORIENTED_EDGE('',*,*,#5671,.F.);
#7646=ORIENTED_EDGE('',*,*,#5108,.T.);
#7647=ORIENTED_EDGE('',*,*,#5562,.T.);
#7648=ORIENTED_EDGE('',*,*,#5089,.T.);
#7649=ORIENTED_EDGE('',*,*,#5672,.F.);
#7650=ORIENTED_EDGE('',*,*,#5101,.T.);
#7651=ORIENTED_EDGE('',*,*,#5561,.T.);
#7652=ORIENTED_EDGE('',*,*,#5082,.T.);
#7653=ORIENTED_EDGE('',*,*,#5673,.F.);
#7654=ORIENTED_EDGE('',*,*,#5094,.T.);
#7655=ORIENTED_EDGE('',*,*,#5560,.T.);
#7656=ORIENTED_EDGE('',*,*,#5075,.T.);
#7657=ORIENTED_EDGE('',*,*,#5674,.F.);
#7658=ORIENTED_EDGE('',*,*,#5087,.T.);
#7659=ORIENTED_EDGE('',*,*,#5559,.T.);
#7660=ORIENTED_EDGE('',*,*,#5068,.T.);
#7661=ORIENTED_EDGE('',*,*,#5675,.F.);
#7662=ORIENTED_EDGE('',*,*,#5080,.T.);
#7663=ORIENTED_EDGE('',*,*,#5558,.T.);
#7664=ORIENTED_EDGE('',*,*,#5061,.T.);
#7665=ORIENTED_EDGE('',*,*,#5676,.F.);
#7666=ORIENTED_EDGE('',*,*,#5073,.T.);
#7667=ORIENTED_EDGE('',*,*,#5557,.T.);
#7668=ORIENTED_EDGE('',*,*,#5054,.T.);
#7669=ORIENTED_EDGE('',*,*,#5677,.F.);
#7670=ORIENTED_EDGE('',*,*,#5066,.T.);
#7671=ORIENTED_EDGE('',*,*,#5556,.T.);
#7672=ORIENTED_EDGE('',*,*,#5047,.T.);
#7673=ORIENTED_EDGE('',*,*,#5678,.F.);
#7674=ORIENTED_EDGE('',*,*,#5059,.T.);
#7675=ORIENTED_EDGE('',*,*,#5555,.T.);
#7676=ORIENTED_EDGE('',*,*,#5040,.T.);
#7677=ORIENTED_EDGE('',*,*,#5679,.F.);
#7678=ORIENTED_EDGE('',*,*,#5052,.T.);
#7679=ORIENTED_EDGE('',*,*,#5554,.T.);
#7680=ORIENTED_EDGE('',*,*,#5033,.T.);
#7681=ORIENTED_EDGE('',*,*,#5680,.F.);
#7682=ORIENTED_EDGE('',*,*,#5045,.T.);
#7683=ORIENTED_EDGE('',*,*,#5553,.T.);
#7684=ORIENTED_EDGE('',*,*,#5026,.T.);
#7685=ORIENTED_EDGE('',*,*,#5681,.F.);
#7686=ORIENTED_EDGE('',*,*,#5038,.T.);
#7687=ORIENTED_EDGE('',*,*,#5552,.T.);
#7688=ORIENTED_EDGE('',*,*,#5019,.T.);
#7689=ORIENTED_EDGE('',*,*,#5682,.F.);
#7690=ORIENTED_EDGE('',*,*,#5031,.T.);
#7691=ORIENTED_EDGE('',*,*,#5551,.T.);
#7692=ORIENTED_EDGE('',*,*,#5012,.T.);
#7693=ORIENTED_EDGE('',*,*,#5683,.F.);
#7694=ORIENTED_EDGE('',*,*,#5024,.T.);
#7695=ORIENTED_EDGE('',*,*,#5550,.T.);
#7696=ORIENTED_EDGE('',*,*,#5005,.T.);
#7697=ORIENTED_EDGE('',*,*,#5684,.F.);
#7698=ORIENTED_EDGE('',*,*,#5017,.T.);
#7699=ORIENTED_EDGE('',*,*,#5549,.T.);
#7700=ORIENTED_EDGE('',*,*,#4998,.T.);
#7701=ORIENTED_EDGE('',*,*,#5685,.F.);
#7702=ORIENTED_EDGE('',*,*,#5010,.T.);
#7703=ORIENTED_EDGE('',*,*,#5548,.T.);
#7704=ORIENTED_EDGE('',*,*,#4991,.T.);
#7705=ORIENTED_EDGE('',*,*,#5686,.F.);
#7706=ORIENTED_EDGE('',*,*,#5003,.T.);
#7707=ORIENTED_EDGE('',*,*,#5547,.T.);
#7708=ORIENTED_EDGE('',*,*,#4984,.T.);
#7709=ORIENTED_EDGE('',*,*,#5687,.F.);
#7710=ORIENTED_EDGE('',*,*,#4996,.T.);
#7711=ORIENTED_EDGE('',*,*,#5546,.T.);
#7712=ORIENTED_EDGE('',*,*,#4977,.T.);
#7713=ORIENTED_EDGE('',*,*,#5688,.F.);
#7714=ORIENTED_EDGE('',*,*,#4989,.T.);
#7715=ORIENTED_EDGE('',*,*,#5545,.T.);
#7716=ORIENTED_EDGE('',*,*,#4970,.T.);
#7717=ORIENTED_EDGE('',*,*,#5689,.F.);
#7718=ORIENTED_EDGE('',*,*,#4982,.T.);
#7719=ORIENTED_EDGE('',*,*,#5544,.T.);
#7720=ORIENTED_EDGE('',*,*,#4963,.T.);
#7721=ORIENTED_EDGE('',*,*,#5690,.F.);
#7722=ORIENTED_EDGE('',*,*,#4975,.T.);
#7723=ORIENTED_EDGE('',*,*,#5543,.T.);
#7724=ORIENTED_EDGE('',*,*,#4956,.T.);
#7725=ORIENTED_EDGE('',*,*,#5691,.F.);
#7726=ORIENTED_EDGE('',*,*,#4968,.T.);
#7727=ORIENTED_EDGE('',*,*,#5542,.T.);
#7728=ORIENTED_EDGE('',*,*,#4949,.T.);
#7729=ORIENTED_EDGE('',*,*,#5692,.F.);
#7730=ORIENTED_EDGE('',*,*,#4961,.T.);
#7731=ORIENTED_EDGE('',*,*,#5541,.T.);
#7732=ORIENTED_EDGE('',*,*,#4942,.T.);
#7733=ORIENTED_EDGE('',*,*,#5693,.F.);
#7734=ORIENTED_EDGE('',*,*,#4954,.T.);
#7735=ORIENTED_EDGE('',*,*,#5540,.T.);
#7736=ORIENTED_EDGE('',*,*,#4935,.T.);
#7737=ORIENTED_EDGE('',*,*,#5694,.F.);
#7738=ORIENTED_EDGE('',*,*,#4947,.T.);
#7739=ORIENTED_EDGE('',*,*,#5539,.T.);
#7740=ORIENTED_EDGE('',*,*,#4928,.T.);
#7741=ORIENTED_EDGE('',*,*,#5695,.F.);
#7742=ORIENTED_EDGE('',*,*,#4940,.T.);
#7743=ORIENTED_EDGE('',*,*,#5538,.T.);
#7744=ORIENTED_EDGE('',*,*,#4921,.T.);
#7745=ORIENTED_EDGE('',*,*,#5696,.F.);
#7746=ORIENTED_EDGE('',*,*,#4933,.T.);
#7747=ORIENTED_EDGE('',*,*,#5537,.T.);
#7748=ORIENTED_EDGE('',*,*,#4914,.T.);
#7749=ORIENTED_EDGE('',*,*,#5697,.F.);
#7750=ORIENTED_EDGE('',*,*,#4926,.T.);
#7751=ORIENTED_EDGE('',*,*,#5536,.T.);
#7752=ORIENTED_EDGE('',*,*,#4907,.T.);
#7753=ORIENTED_EDGE('',*,*,#5698,.F.);
#7754=ORIENTED_EDGE('',*,*,#4919,.T.);
#7755=ORIENTED_EDGE('',*,*,#5535,.T.);
#7756=ORIENTED_EDGE('',*,*,#4900,.T.);
#7757=ORIENTED_EDGE('',*,*,#5699,.F.);
#7758=ORIENTED_EDGE('',*,*,#4912,.T.);
#7759=ORIENTED_EDGE('',*,*,#5534,.T.);
#7760=ORIENTED_EDGE('',*,*,#4893,.T.);
#7761=ORIENTED_EDGE('',*,*,#5700,.F.);
#7762=ORIENTED_EDGE('',*,*,#4905,.T.);
#7763=ORIENTED_EDGE('',*,*,#5533,.T.);
#7764=ORIENTED_EDGE('',*,*,#4886,.T.);
#7765=ORIENTED_EDGE('',*,*,#5701,.F.);
#7766=ORIENTED_EDGE('',*,*,#4898,.T.);
#7767=ORIENTED_EDGE('',*,*,#5532,.T.);
#7768=ORIENTED_EDGE('',*,*,#4879,.T.);
#7769=ORIENTED_EDGE('',*,*,#5702,.F.);
#7770=ORIENTED_EDGE('',*,*,#4891,.T.);
#7771=ORIENTED_EDGE('',*,*,#5531,.T.);
#7772=ORIENTED_EDGE('',*,*,#4872,.T.);
#7773=ORIENTED_EDGE('',*,*,#5703,.F.);
#7774=ORIENTED_EDGE('',*,*,#4884,.T.);
#7775=ORIENTED_EDGE('',*,*,#5530,.T.);
#7776=ORIENTED_EDGE('',*,*,#4865,.T.);
#7777=ORIENTED_EDGE('',*,*,#5704,.F.);
#7778=ORIENTED_EDGE('',*,*,#4877,.T.);
#7779=ORIENTED_EDGE('',*,*,#5529,.T.);
#7780=ORIENTED_EDGE('',*,*,#4858,.T.);
#7781=ORIENTED_EDGE('',*,*,#5705,.F.);
#7782=ORIENTED_EDGE('',*,*,#4870,.T.);
#7783=ORIENTED_EDGE('',*,*,#5528,.T.);
#7784=ORIENTED_EDGE('',*,*,#4851,.T.);
#7785=ORIENTED_EDGE('',*,*,#5706,.F.);
#7786=ORIENTED_EDGE('',*,*,#4863,.T.);
#7787=ORIENTED_EDGE('',*,*,#5527,.T.);
#7788=ORIENTED_EDGE('',*,*,#4844,.T.);
#7789=ORIENTED_EDGE('',*,*,#5707,.F.);
#7790=ORIENTED_EDGE('',*,*,#4856,.T.);
#7791=ORIENTED_EDGE('',*,*,#5526,.T.);
#7792=ORIENTED_EDGE('',*,*,#4837,.T.);
#7793=ORIENTED_EDGE('',*,*,#5708,.F.);
#7794=ORIENTED_EDGE('',*,*,#4849,.T.);
#7795=ORIENTED_EDGE('',*,*,#5525,.T.);
#7796=ORIENTED_EDGE('',*,*,#4830,.T.);
#7797=ORIENTED_EDGE('',*,*,#5709,.F.);
#7798=ORIENTED_EDGE('',*,*,#4842,.T.);
#7799=ORIENTED_EDGE('',*,*,#5524,.T.);
#7800=ORIENTED_EDGE('',*,*,#4823,.T.);
#7801=ORIENTED_EDGE('',*,*,#5710,.F.);
#7802=ORIENTED_EDGE('',*,*,#4835,.T.);
#7803=ORIENTED_EDGE('',*,*,#5523,.T.);
#7804=ORIENTED_EDGE('',*,*,#4816,.T.);
#7805=ORIENTED_EDGE('',*,*,#5711,.F.);
#7806=ORIENTED_EDGE('',*,*,#4828,.T.);
#7807=ORIENTED_EDGE('',*,*,#5522,.T.);
#7808=ORIENTED_EDGE('',*,*,#4809,.T.);
#7809=ORIENTED_EDGE('',*,*,#5712,.F.);
#7810=ORIENTED_EDGE('',*,*,#4821,.T.);
#7811=ORIENTED_EDGE('',*,*,#5521,.T.);
#7812=ORIENTED_EDGE('',*,*,#4802,.T.);
#7813=ORIENTED_EDGE('',*,*,#5713,.F.);
#7814=ORIENTED_EDGE('',*,*,#4814,.T.);
#7815=ORIENTED_EDGE('',*,*,#5520,.T.);
#7816=ORIENTED_EDGE('',*,*,#4795,.T.);
#7817=ORIENTED_EDGE('',*,*,#5714,.F.);
#7818=ORIENTED_EDGE('',*,*,#4807,.T.);
#7819=ORIENTED_EDGE('',*,*,#5519,.T.);
#7820=ORIENTED_EDGE('',*,*,#4788,.T.);
#7821=ORIENTED_EDGE('',*,*,#5715,.F.);
#7822=ORIENTED_EDGE('',*,*,#4800,.T.);
#7823=ORIENTED_EDGE('',*,*,#5518,.T.);
#7824=ORIENTED_EDGE('',*,*,#4781,.T.);
#7825=ORIENTED_EDGE('',*,*,#5716,.F.);
#7826=ORIENTED_EDGE('',*,*,#4793,.T.);
#7827=ORIENTED_EDGE('',*,*,#5517,.T.);
#7828=ORIENTED_EDGE('',*,*,#4774,.T.);
#7829=ORIENTED_EDGE('',*,*,#5717,.F.);
#7830=ORIENTED_EDGE('',*,*,#4786,.T.);
#7831=ORIENTED_EDGE('',*,*,#5516,.T.);
#7832=ORIENTED_EDGE('',*,*,#4767,.T.);
#7833=ORIENTED_EDGE('',*,*,#5718,.F.);
#7834=ORIENTED_EDGE('',*,*,#4779,.T.);
#7835=ORIENTED_EDGE('',*,*,#5515,.T.);
#7836=ORIENTED_EDGE('',*,*,#4760,.T.);
#7837=ORIENTED_EDGE('',*,*,#5719,.F.);
#7838=ORIENTED_EDGE('',*,*,#4772,.T.);
#7839=ORIENTED_EDGE('',*,*,#5514,.T.);
#7840=ORIENTED_EDGE('',*,*,#4753,.T.);
#7841=ORIENTED_EDGE('',*,*,#5720,.F.);
#7842=ORIENTED_EDGE('',*,*,#4765,.T.);
#7843=ORIENTED_EDGE('',*,*,#5513,.T.);
#7844=ORIENTED_EDGE('',*,*,#4746,.T.);
#7845=ORIENTED_EDGE('',*,*,#5721,.F.);
#7846=ORIENTED_EDGE('',*,*,#4758,.T.);
#7847=ORIENTED_EDGE('',*,*,#5512,.T.);
#7848=ORIENTED_EDGE('',*,*,#4739,.T.);
#7849=ORIENTED_EDGE('',*,*,#5722,.F.);
#7850=ORIENTED_EDGE('',*,*,#4751,.T.);
#7851=ORIENTED_EDGE('',*,*,#5511,.T.);
#7852=ORIENTED_EDGE('',*,*,#4732,.T.);
#7853=ORIENTED_EDGE('',*,*,#5723,.F.);
#7854=ORIENTED_EDGE('',*,*,#4744,.T.);
#7855=ORIENTED_EDGE('',*,*,#5510,.T.);
#7856=ORIENTED_EDGE('',*,*,#4725,.T.);
#7857=ORIENTED_EDGE('',*,*,#5724,.F.);
#7858=ORIENTED_EDGE('',*,*,#4737,.T.);
#7859=ORIENTED_EDGE('',*,*,#5509,.T.);
#7860=ORIENTED_EDGE('',*,*,#4718,.T.);
#7861=ORIENTED_EDGE('',*,*,#5725,.F.);
#7862=ORIENTED_EDGE('',*,*,#4730,.T.);
#7863=ORIENTED_EDGE('',*,*,#5508,.T.);
#7864=ORIENTED_EDGE('',*,*,#4711,.T.);
#7865=ORIENTED_EDGE('',*,*,#5726,.F.);
#7866=ORIENTED_EDGE('',*,*,#4723,.T.);
#7867=ORIENTED_EDGE('',*,*,#5507,.T.);
#7868=ORIENTED_EDGE('',*,*,#4704,.T.);
#7869=ORIENTED_EDGE('',*,*,#5727,.F.);
#7870=ORIENTED_EDGE('',*,*,#4716,.T.);
#7871=ORIENTED_EDGE('',*,*,#5506,.T.);
#7872=ORIENTED_EDGE('',*,*,#4697,.T.);
#7873=ORIENTED_EDGE('',*,*,#5728,.F.);
#7874=ORIENTED_EDGE('',*,*,#4709,.T.);
#7875=ORIENTED_EDGE('',*,*,#5505,.T.);
#7876=ORIENTED_EDGE('',*,*,#4690,.T.);
#7877=ORIENTED_EDGE('',*,*,#5729,.F.);
#7878=ORIENTED_EDGE('',*,*,#4702,.T.);
#7879=ORIENTED_EDGE('',*,*,#5504,.T.);
#7880=ORIENTED_EDGE('',*,*,#4683,.T.);
#7881=ORIENTED_EDGE('',*,*,#5730,.F.);
#7882=ORIENTED_EDGE('',*,*,#4695,.T.);
#7883=ORIENTED_EDGE('',*,*,#5503,.T.);
#7884=ORIENTED_EDGE('',*,*,#4676,.T.);
#7885=ORIENTED_EDGE('',*,*,#5731,.F.);
#7886=ORIENTED_EDGE('',*,*,#4688,.T.);
#7887=ORIENTED_EDGE('',*,*,#5502,.T.);
#7888=ORIENTED_EDGE('',*,*,#4669,.T.);
#7889=ORIENTED_EDGE('',*,*,#5732,.F.);
#7890=ORIENTED_EDGE('',*,*,#4681,.T.);
#7891=ORIENTED_EDGE('',*,*,#5501,.T.);
#7892=ORIENTED_EDGE('',*,*,#4662,.T.);
#7893=ORIENTED_EDGE('',*,*,#5733,.F.);
#7894=ORIENTED_EDGE('',*,*,#4674,.T.);
#7895=ORIENTED_EDGE('',*,*,#5500,.T.);
#7896=ORIENTED_EDGE('',*,*,#4655,.T.);
#7897=ORIENTED_EDGE('',*,*,#5734,.F.);
#7898=ORIENTED_EDGE('',*,*,#4667,.T.);
#7899=ORIENTED_EDGE('',*,*,#5499,.T.);
#7900=ORIENTED_EDGE('',*,*,#4648,.T.);
#7901=ORIENTED_EDGE('',*,*,#5735,.F.);
#7902=ORIENTED_EDGE('',*,*,#4660,.T.);
#7903=ORIENTED_EDGE('',*,*,#5498,.T.);
#7904=ORIENTED_EDGE('',*,*,#4641,.T.);
#7905=ORIENTED_EDGE('',*,*,#5736,.F.);
#7906=ORIENTED_EDGE('',*,*,#4653,.T.);
#7907=ORIENTED_EDGE('',*,*,#5497,.T.);
#7908=ORIENTED_EDGE('',*,*,#4634,.T.);
#7909=ORIENTED_EDGE('',*,*,#5737,.F.);
#7910=ORIENTED_EDGE('',*,*,#4646,.T.);
#7911=ORIENTED_EDGE('',*,*,#5496,.T.);
#7912=ORIENTED_EDGE('',*,*,#4627,.T.);
#7913=ORIENTED_EDGE('',*,*,#5738,.F.);
#7914=ORIENTED_EDGE('',*,*,#4639,.T.);
#7915=ORIENTED_EDGE('',*,*,#5495,.T.);
#7916=ORIENTED_EDGE('',*,*,#4620,.T.);
#7917=ORIENTED_EDGE('',*,*,#5739,.F.);
#7918=ORIENTED_EDGE('',*,*,#4632,.T.);
#7919=ORIENTED_EDGE('',*,*,#5494,.T.);
#7920=ORIENTED_EDGE('',*,*,#4613,.T.);
#7921=ORIENTED_EDGE('',*,*,#5740,.F.);
#7922=ORIENTED_EDGE('',*,*,#4625,.T.);
#7923=ORIENTED_EDGE('',*,*,#5493,.T.);
#7924=ORIENTED_EDGE('',*,*,#4606,.T.);
#7925=ORIENTED_EDGE('',*,*,#5741,.F.);
#7926=ORIENTED_EDGE('',*,*,#4618,.T.);
#7927=ORIENTED_EDGE('',*,*,#5492,.T.);
#7928=ORIENTED_EDGE('',*,*,#4599,.T.);
#7929=ORIENTED_EDGE('',*,*,#5742,.F.);
#7930=ORIENTED_EDGE('',*,*,#4611,.T.);
#7931=ORIENTED_EDGE('',*,*,#5491,.T.);
#7932=ORIENTED_EDGE('',*,*,#4592,.T.);
#7933=ORIENTED_EDGE('',*,*,#5743,.F.);
#7934=ORIENTED_EDGE('',*,*,#4604,.T.);
#7935=ORIENTED_EDGE('',*,*,#5490,.T.);
#7936=ORIENTED_EDGE('',*,*,#4585,.T.);
#7937=ORIENTED_EDGE('',*,*,#5744,.F.);
#7938=ORIENTED_EDGE('',*,*,#4597,.T.);
#7939=ORIENTED_EDGE('',*,*,#5489,.T.);
#7940=ORIENTED_EDGE('',*,*,#4578,.T.);
#7941=ORIENTED_EDGE('',*,*,#5745,.F.);
#7942=ORIENTED_EDGE('',*,*,#4590,.T.);
#7943=ORIENTED_EDGE('',*,*,#5488,.T.);
#7944=ORIENTED_EDGE('',*,*,#4571,.T.);
#7945=ORIENTED_EDGE('',*,*,#5746,.F.);
#7946=ORIENTED_EDGE('',*,*,#4583,.T.);
#7947=ORIENTED_EDGE('',*,*,#5487,.T.);
#7948=ORIENTED_EDGE('',*,*,#4564,.T.);
#7949=ORIENTED_EDGE('',*,*,#5747,.F.);
#7950=ORIENTED_EDGE('',*,*,#4576,.T.);
#7951=ORIENTED_EDGE('',*,*,#5486,.T.);
#7952=ORIENTED_EDGE('',*,*,#4557,.T.);
#7953=ORIENTED_EDGE('',*,*,#5748,.F.);
#7954=ORIENTED_EDGE('',*,*,#4569,.T.);
#7955=ORIENTED_EDGE('',*,*,#5485,.T.);
#7956=ORIENTED_EDGE('',*,*,#4550,.T.);
#7957=ORIENTED_EDGE('',*,*,#5749,.F.);
#7958=ORIENTED_EDGE('',*,*,#4562,.T.);
#7959=ORIENTED_EDGE('',*,*,#5484,.T.);
#7960=ORIENTED_EDGE('',*,*,#4543,.T.);
#7961=ORIENTED_EDGE('',*,*,#5750,.F.);
#7962=ORIENTED_EDGE('',*,*,#4555,.T.);
#7963=ORIENTED_EDGE('',*,*,#5483,.T.);
#7964=ORIENTED_EDGE('',*,*,#4536,.T.);
#7965=ORIENTED_EDGE('',*,*,#5751,.F.);
#7966=ORIENTED_EDGE('',*,*,#4548,.T.);
#7967=ORIENTED_EDGE('',*,*,#5482,.T.);
#7968=ORIENTED_EDGE('',*,*,#4529,.T.);
#7969=ORIENTED_EDGE('',*,*,#5752,.F.);
#7970=ORIENTED_EDGE('',*,*,#4541,.T.);
#7971=ORIENTED_EDGE('',*,*,#5481,.T.);
#7972=ORIENTED_EDGE('',*,*,#4522,.T.);
#7973=ORIENTED_EDGE('',*,*,#5753,.F.);
#7974=ORIENTED_EDGE('',*,*,#4534,.T.);
#7975=ORIENTED_EDGE('',*,*,#5480,.T.);
#7976=ORIENTED_EDGE('',*,*,#4515,.T.);
#7977=ORIENTED_EDGE('',*,*,#5754,.F.);
#7978=ORIENTED_EDGE('',*,*,#4527,.T.);
#7979=ORIENTED_EDGE('',*,*,#5479,.T.);
#7980=ORIENTED_EDGE('',*,*,#4508,.T.);
#7981=ORIENTED_EDGE('',*,*,#5755,.F.);
#7982=ORIENTED_EDGE('',*,*,#4520,.T.);
#7983=ORIENTED_EDGE('',*,*,#5478,.T.);
#7984=ORIENTED_EDGE('',*,*,#4501,.T.);
#7985=ORIENTED_EDGE('',*,*,#5756,.F.);
#7986=ORIENTED_EDGE('',*,*,#4513,.T.);
#7987=ORIENTED_EDGE('',*,*,#5477,.T.);
#7988=ORIENTED_EDGE('',*,*,#4494,.T.);
#7989=ORIENTED_EDGE('',*,*,#5757,.F.);
#7990=ORIENTED_EDGE('',*,*,#4506,.T.);
#7991=ORIENTED_EDGE('',*,*,#5476,.T.);
#7992=ORIENTED_EDGE('',*,*,#4487,.T.);
#7993=ORIENTED_EDGE('',*,*,#5758,.F.);
#7994=ORIENTED_EDGE('',*,*,#4499,.T.);
#7995=ORIENTED_EDGE('',*,*,#5475,.T.);
#7996=ORIENTED_EDGE('',*,*,#4480,.T.);
#7997=ORIENTED_EDGE('',*,*,#5759,.F.);
#7998=ORIENTED_EDGE('',*,*,#4492,.T.);
#7999=ORIENTED_EDGE('',*,*,#5474,.T.);
#8000=ORIENTED_EDGE('',*,*,#4473,.T.);
#8001=ORIENTED_EDGE('',*,*,#5760,.F.);
#8002=ORIENTED_EDGE('',*,*,#4485,.T.);
#8003=ORIENTED_EDGE('',*,*,#5473,.T.);
#8004=ORIENTED_EDGE('',*,*,#4466,.T.);
#8005=ORIENTED_EDGE('',*,*,#5761,.F.);
#8006=ORIENTED_EDGE('',*,*,#4478,.T.);
#8007=ORIENTED_EDGE('',*,*,#5472,.T.);
#8008=ORIENTED_EDGE('',*,*,#4459,.T.);
#8009=ORIENTED_EDGE('',*,*,#5762,.F.);
#8010=ORIENTED_EDGE('',*,*,#4471,.T.);
#8011=ORIENTED_EDGE('',*,*,#5471,.T.);
#8012=ORIENTED_EDGE('',*,*,#4452,.T.);
#8013=ORIENTED_EDGE('',*,*,#5763,.F.);
#8014=ORIENTED_EDGE('',*,*,#4464,.T.);
#8015=ORIENTED_EDGE('',*,*,#5470,.T.);
#8016=ORIENTED_EDGE('',*,*,#4445,.T.);
#8017=ORIENTED_EDGE('',*,*,#5764,.F.);
#8018=ORIENTED_EDGE('',*,*,#4457,.T.);
#8019=ORIENTED_EDGE('',*,*,#5469,.T.);
#8020=ORIENTED_EDGE('',*,*,#4438,.T.);
#8021=ORIENTED_EDGE('',*,*,#5765,.F.);
#8022=ORIENTED_EDGE('',*,*,#4450,.T.);
#8023=ORIENTED_EDGE('',*,*,#5468,.T.);
#8024=ORIENTED_EDGE('',*,*,#4431,.T.);
#8025=ORIENTED_EDGE('',*,*,#5766,.F.);
#8026=ORIENTED_EDGE('',*,*,#4443,.T.);
#8027=ORIENTED_EDGE('',*,*,#5467,.T.);
#8028=ORIENTED_EDGE('',*,*,#4424,.T.);
#8029=ORIENTED_EDGE('',*,*,#5767,.F.);
#8030=ORIENTED_EDGE('',*,*,#4436,.T.);
#8031=ORIENTED_EDGE('',*,*,#5466,.T.);
#8032=ORIENTED_EDGE('',*,*,#5768,.F.);
#8033=ORIENTED_EDGE('',*,*,#5769,.F.);
#8034=ORIENTED_EDGE('',*,*,#5616,.F.);
#8035=ORIENTED_EDGE('',*,*,#5770,.T.);
#8036=ORIENTED_EDGE('',*,*,#5771,.F.);
#8037=ORIENTED_EDGE('',*,*,#5770,.F.);
#8038=ORIENTED_EDGE('',*,*,#5615,.F.);
#8039=ORIENTED_EDGE('',*,*,#5619,.F.);
#8040=ORIENTED_EDGE('',*,*,#4427,.T.);
#8041=ORIENTED_EDGE('',*,*,#5772,.T.);
#8042=ORIENTED_EDGE('',*,*,#5768,.T.);
#8043=ORIENTED_EDGE('',*,*,#5771,.T.);
#8044=ORIENTED_EDGE('',*,*,#5618,.T.);
#8045=ORIENTED_EDGE('',*,*,#5459,.T.);
#8046=ORIENTED_EDGE('',*,*,#5463,.T.);
#8047=ORIENTED_EDGE('',*,*,#5620,.T.);
#8048=ORIENTED_EDGE('',*,*,#5452,.T.);
#8049=ORIENTED_EDGE('',*,*,#5456,.T.);
#8050=ORIENTED_EDGE('',*,*,#5621,.T.);
#8051=ORIENTED_EDGE('',*,*,#5445,.T.);
#8052=ORIENTED_EDGE('',*,*,#5449,.T.);
#8053=ORIENTED_EDGE('',*,*,#5622,.T.);
#8054=ORIENTED_EDGE('',*,*,#5438,.T.);
#8055=ORIENTED_EDGE('',*,*,#5442,.T.);
#8056=ORIENTED_EDGE('',*,*,#5623,.T.);
#8057=ORIENTED_EDGE('',*,*,#5431,.T.);
#8058=ORIENTED_EDGE('',*,*,#5435,.T.);
#8059=ORIENTED_EDGE('',*,*,#5624,.T.);
#8060=ORIENTED_EDGE('',*,*,#5424,.T.);
#8061=ORIENTED_EDGE('',*,*,#5428,.T.);
#8062=ORIENTED_EDGE('',*,*,#5625,.T.);
#8063=ORIENTED_EDGE('',*,*,#5417,.T.);
#8064=ORIENTED_EDGE('',*,*,#5421,.T.);
#8065=ORIENTED_EDGE('',*,*,#5626,.T.);
#8066=ORIENTED_EDGE('',*,*,#5410,.T.);
#8067=ORIENTED_EDGE('',*,*,#5414,.T.);
#8068=ORIENTED_EDGE('',*,*,#5627,.T.);
#8069=ORIENTED_EDGE('',*,*,#5403,.T.);
#8070=ORIENTED_EDGE('',*,*,#5407,.T.);
#8071=ORIENTED_EDGE('',*,*,#5628,.T.);
#8072=ORIENTED_EDGE('',*,*,#5396,.T.);
#8073=ORIENTED_EDGE('',*,*,#5400,.T.);
#8074=ORIENTED_EDGE('',*,*,#5629,.T.);
#8075=ORIENTED_EDGE('',*,*,#5389,.T.);
#8076=ORIENTED_EDGE('',*,*,#5393,.T.);
#8077=ORIENTED_EDGE('',*,*,#5630,.T.);
#8078=ORIENTED_EDGE('',*,*,#5382,.T.);
#8079=ORIENTED_EDGE('',*,*,#5386,.T.);
#8080=ORIENTED_EDGE('',*,*,#5631,.T.);
#8081=ORIENTED_EDGE('',*,*,#5375,.T.);
#8082=ORIENTED_EDGE('',*,*,#5379,.T.);
#8083=ORIENTED_EDGE('',*,*,#5632,.T.);
#8084=ORIENTED_EDGE('',*,*,#5368,.T.);
#8085=ORIENTED_EDGE('',*,*,#5372,.T.);
#8086=ORIENTED_EDGE('',*,*,#5633,.T.);
#8087=ORIENTED_EDGE('',*,*,#5361,.T.);
#8088=ORIENTED_EDGE('',*,*,#5365,.T.);
#8089=ORIENTED_EDGE('',*,*,#5634,.T.);
#8090=ORIENTED_EDGE('',*,*,#5354,.T.);
#8091=ORIENTED_EDGE('',*,*,#5358,.T.);
#8092=ORIENTED_EDGE('',*,*,#5635,.T.);
#8093=ORIENTED_EDGE('',*,*,#5347,.T.);
#8094=ORIENTED_EDGE('',*,*,#5351,.T.);
#8095=ORIENTED_EDGE('',*,*,#5636,.T.);
#8096=ORIENTED_EDGE('',*,*,#5340,.T.);
#8097=ORIENTED_EDGE('',*,*,#5344,.T.);
#8098=ORIENTED_EDGE('',*,*,#5637,.T.);
#8099=ORIENTED_EDGE('',*,*,#5333,.T.);
#8100=ORIENTED_EDGE('',*,*,#5337,.T.);
#8101=ORIENTED_EDGE('',*,*,#5638,.T.);
#8102=ORIENTED_EDGE('',*,*,#5326,.T.);
#8103=ORIENTED_EDGE('',*,*,#5330,.T.);
#8104=ORIENTED_EDGE('',*,*,#5639,.T.);
#8105=ORIENTED_EDGE('',*,*,#5319,.T.);
#8106=ORIENTED_EDGE('',*,*,#5323,.T.);
#8107=ORIENTED_EDGE('',*,*,#5640,.T.);
#8108=ORIENTED_EDGE('',*,*,#5312,.T.);
#8109=ORIENTED_EDGE('',*,*,#5316,.T.);
#8110=ORIENTED_EDGE('',*,*,#5641,.T.);
#8111=ORIENTED_EDGE('',*,*,#5305,.T.);
#8112=ORIENTED_EDGE('',*,*,#5309,.T.);
#8113=ORIENTED_EDGE('',*,*,#5642,.T.);
#8114=ORIENTED_EDGE('',*,*,#5298,.T.);
#8115=ORIENTED_EDGE('',*,*,#5302,.T.);
#8116=ORIENTED_EDGE('',*,*,#5643,.T.);
#8117=ORIENTED_EDGE('',*,*,#5291,.T.);
#8118=ORIENTED_EDGE('',*,*,#5295,.T.);
#8119=ORIENTED_EDGE('',*,*,#5644,.T.);
#8120=ORIENTED_EDGE('',*,*,#5284,.T.);
#8121=ORIENTED_EDGE('',*,*,#5288,.T.);
#8122=ORIENTED_EDGE('',*,*,#5645,.T.);
#8123=ORIENTED_EDGE('',*,*,#5277,.T.);
#8124=ORIENTED_EDGE('',*,*,#5281,.T.);
#8125=ORIENTED_EDGE('',*,*,#5646,.T.);
#8126=ORIENTED_EDGE('',*,*,#5270,.T.);
#8127=ORIENTED_EDGE('',*,*,#5274,.T.);
#8128=ORIENTED_EDGE('',*,*,#5647,.T.);
#8129=ORIENTED_EDGE('',*,*,#5263,.T.);
#8130=ORIENTED_EDGE('',*,*,#5267,.T.);
#8131=ORIENTED_EDGE('',*,*,#5648,.T.);
#8132=ORIENTED_EDGE('',*,*,#5256,.T.);
#8133=ORIENTED_EDGE('',*,*,#5260,.T.);
#8134=ORIENTED_EDGE('',*,*,#5649,.T.);
#8135=ORIENTED_EDGE('',*,*,#5249,.T.);
#8136=ORIENTED_EDGE('',*,*,#5253,.T.);
#8137=ORIENTED_EDGE('',*,*,#5650,.T.);
#8138=ORIENTED_EDGE('',*,*,#5242,.T.);
#8139=ORIENTED_EDGE('',*,*,#5246,.T.);
#8140=ORIENTED_EDGE('',*,*,#5651,.T.);
#8141=ORIENTED_EDGE('',*,*,#5235,.T.);
#8142=ORIENTED_EDGE('',*,*,#5239,.T.);
#8143=ORIENTED_EDGE('',*,*,#5652,.T.);
#8144=ORIENTED_EDGE('',*,*,#5228,.T.);
#8145=ORIENTED_EDGE('',*,*,#5232,.T.);
#8146=ORIENTED_EDGE('',*,*,#5653,.T.);
#8147=ORIENTED_EDGE('',*,*,#5221,.T.);
#8148=ORIENTED_EDGE('',*,*,#5225,.T.);
#8149=ORIENTED_EDGE('',*,*,#5654,.T.);
#8150=ORIENTED_EDGE('',*,*,#5214,.T.);
#8151=ORIENTED_EDGE('',*,*,#5218,.T.);
#8152=ORIENTED_EDGE('',*,*,#5655,.T.);
#8153=ORIENTED_EDGE('',*,*,#5207,.T.);
#8154=ORIENTED_EDGE('',*,*,#5211,.T.);
#8155=ORIENTED_EDGE('',*,*,#5656,.T.);
#8156=ORIENTED_EDGE('',*,*,#5200,.T.);
#8157=ORIENTED_EDGE('',*,*,#5204,.T.);
#8158=ORIENTED_EDGE('',*,*,#5657,.T.);
#8159=ORIENTED_EDGE('',*,*,#5193,.T.);
#8160=ORIENTED_EDGE('',*,*,#5197,.T.);
#8161=ORIENTED_EDGE('',*,*,#5658,.T.);
#8162=ORIENTED_EDGE('',*,*,#5186,.T.);
#8163=ORIENTED_EDGE('',*,*,#5190,.T.);
#8164=ORIENTED_EDGE('',*,*,#5659,.T.);
#8165=ORIENTED_EDGE('',*,*,#5179,.T.);
#8166=ORIENTED_EDGE('',*,*,#5183,.T.);
#8167=ORIENTED_EDGE('',*,*,#5660,.T.);
#8168=ORIENTED_EDGE('',*,*,#5172,.T.);
#8169=ORIENTED_EDGE('',*,*,#5176,.T.);
#8170=ORIENTED_EDGE('',*,*,#5661,.T.);
#8171=ORIENTED_EDGE('',*,*,#5165,.T.);
#8172=ORIENTED_EDGE('',*,*,#5169,.T.);
#8173=ORIENTED_EDGE('',*,*,#5662,.T.);
#8174=ORIENTED_EDGE('',*,*,#5158,.T.);
#8175=ORIENTED_EDGE('',*,*,#5162,.T.);
#8176=ORIENTED_EDGE('',*,*,#5663,.T.);
#8177=ORIENTED_EDGE('',*,*,#5151,.T.);
#8178=ORIENTED_EDGE('',*,*,#5155,.T.);
#8179=ORIENTED_EDGE('',*,*,#5664,.T.);
#8180=ORIENTED_EDGE('',*,*,#5144,.T.);
#8181=ORIENTED_EDGE('',*,*,#5148,.T.);
#8182=ORIENTED_EDGE('',*,*,#5665,.T.);
#8183=ORIENTED_EDGE('',*,*,#5137,.T.);
#8184=ORIENTED_EDGE('',*,*,#5141,.T.);
#8185=ORIENTED_EDGE('',*,*,#5666,.T.);
#8186=ORIENTED_EDGE('',*,*,#5130,.T.);
#8187=ORIENTED_EDGE('',*,*,#5134,.T.);
#8188=ORIENTED_EDGE('',*,*,#5667,.T.);
#8189=ORIENTED_EDGE('',*,*,#5123,.T.);
#8190=ORIENTED_EDGE('',*,*,#5127,.T.);
#8191=ORIENTED_EDGE('',*,*,#5668,.T.);
#8192=ORIENTED_EDGE('',*,*,#5116,.T.);
#8193=ORIENTED_EDGE('',*,*,#5120,.T.);
#8194=ORIENTED_EDGE('',*,*,#5669,.T.);
#8195=ORIENTED_EDGE('',*,*,#5109,.T.);
#8196=ORIENTED_EDGE('',*,*,#5113,.T.);
#8197=ORIENTED_EDGE('',*,*,#5670,.T.);
#8198=ORIENTED_EDGE('',*,*,#5102,.T.);
#8199=ORIENTED_EDGE('',*,*,#5106,.T.);
#8200=ORIENTED_EDGE('',*,*,#5671,.T.);
#8201=ORIENTED_EDGE('',*,*,#5095,.T.);
#8202=ORIENTED_EDGE('',*,*,#5099,.T.);
#8203=ORIENTED_EDGE('',*,*,#5672,.T.);
#8204=ORIENTED_EDGE('',*,*,#5088,.T.);
#8205=ORIENTED_EDGE('',*,*,#5092,.T.);
#8206=ORIENTED_EDGE('',*,*,#5673,.T.);
#8207=ORIENTED_EDGE('',*,*,#5081,.T.);
#8208=ORIENTED_EDGE('',*,*,#5085,.T.);
#8209=ORIENTED_EDGE('',*,*,#5674,.T.);
#8210=ORIENTED_EDGE('',*,*,#5074,.T.);
#8211=ORIENTED_EDGE('',*,*,#5078,.T.);
#8212=ORIENTED_EDGE('',*,*,#5675,.T.);
#8213=ORIENTED_EDGE('',*,*,#5067,.T.);
#8214=ORIENTED_EDGE('',*,*,#5071,.T.);
#8215=ORIENTED_EDGE('',*,*,#5676,.T.);
#8216=ORIENTED_EDGE('',*,*,#5060,.T.);
#8217=ORIENTED_EDGE('',*,*,#5064,.T.);
#8218=ORIENTED_EDGE('',*,*,#5677,.T.);
#8219=ORIENTED_EDGE('',*,*,#5053,.T.);
#8220=ORIENTED_EDGE('',*,*,#5057,.T.);
#8221=ORIENTED_EDGE('',*,*,#5678,.T.);
#8222=ORIENTED_EDGE('',*,*,#5046,.T.);
#8223=ORIENTED_EDGE('',*,*,#5050,.T.);
#8224=ORIENTED_EDGE('',*,*,#5679,.T.);
#8225=ORIENTED_EDGE('',*,*,#5039,.T.);
#8226=ORIENTED_EDGE('',*,*,#5043,.T.);
#8227=ORIENTED_EDGE('',*,*,#5680,.T.);
#8228=ORIENTED_EDGE('',*,*,#5032,.T.);
#8229=ORIENTED_EDGE('',*,*,#5036,.T.);
#8230=ORIENTED_EDGE('',*,*,#5681,.T.);
#8231=ORIENTED_EDGE('',*,*,#5025,.T.);
#8232=ORIENTED_EDGE('',*,*,#5029,.T.);
#8233=ORIENTED_EDGE('',*,*,#5682,.T.);
#8234=ORIENTED_EDGE('',*,*,#5018,.T.);
#8235=ORIENTED_EDGE('',*,*,#5022,.T.);
#8236=ORIENTED_EDGE('',*,*,#5683,.T.);
#8237=ORIENTED_EDGE('',*,*,#5011,.T.);
#8238=ORIENTED_EDGE('',*,*,#5015,.T.);
#8239=ORIENTED_EDGE('',*,*,#5684,.T.);
#8240=ORIENTED_EDGE('',*,*,#5004,.T.);
#8241=ORIENTED_EDGE('',*,*,#5008,.T.);
#8242=ORIENTED_EDGE('',*,*,#5685,.T.);
#8243=ORIENTED_EDGE('',*,*,#4997,.T.);
#8244=ORIENTED_EDGE('',*,*,#5001,.T.);
#8245=ORIENTED_EDGE('',*,*,#5686,.T.);
#8246=ORIENTED_EDGE('',*,*,#4990,.T.);
#8247=ORIENTED_EDGE('',*,*,#4994,.T.);
#8248=ORIENTED_EDGE('',*,*,#5687,.T.);
#8249=ORIENTED_EDGE('',*,*,#4983,.T.);
#8250=ORIENTED_EDGE('',*,*,#4987,.T.);
#8251=ORIENTED_EDGE('',*,*,#5688,.T.);
#8252=ORIENTED_EDGE('',*,*,#4976,.T.);
#8253=ORIENTED_EDGE('',*,*,#4980,.T.);
#8254=ORIENTED_EDGE('',*,*,#5689,.T.);
#8255=ORIENTED_EDGE('',*,*,#4969,.T.);
#8256=ORIENTED_EDGE('',*,*,#4973,.T.);
#8257=ORIENTED_EDGE('',*,*,#5690,.T.);
#8258=ORIENTED_EDGE('',*,*,#4962,.T.);
#8259=ORIENTED_EDGE('',*,*,#4966,.T.);
#8260=ORIENTED_EDGE('',*,*,#5691,.T.);
#8261=ORIENTED_EDGE('',*,*,#4955,.T.);
#8262=ORIENTED_EDGE('',*,*,#4959,.T.);
#8263=ORIENTED_EDGE('',*,*,#5692,.T.);
#8264=ORIENTED_EDGE('',*,*,#4948,.T.);
#8265=ORIENTED_EDGE('',*,*,#4952,.T.);
#8266=ORIENTED_EDGE('',*,*,#5693,.T.);
#8267=ORIENTED_EDGE('',*,*,#4941,.T.);
#8268=ORIENTED_EDGE('',*,*,#4945,.T.);
#8269=ORIENTED_EDGE('',*,*,#5694,.T.);
#8270=ORIENTED_EDGE('',*,*,#4934,.T.);
#8271=ORIENTED_EDGE('',*,*,#4938,.T.);
#8272=ORIENTED_EDGE('',*,*,#5695,.T.);
#8273=ORIENTED_EDGE('',*,*,#4927,.T.);
#8274=ORIENTED_EDGE('',*,*,#4931,.T.);
#8275=ORIENTED_EDGE('',*,*,#5696,.T.);
#8276=ORIENTED_EDGE('',*,*,#4920,.T.);
#8277=ORIENTED_EDGE('',*,*,#4924,.T.);
#8278=ORIENTED_EDGE('',*,*,#5697,.T.);
#8279=ORIENTED_EDGE('',*,*,#4913,.T.);
#8280=ORIENTED_EDGE('',*,*,#4917,.T.);
#8281=ORIENTED_EDGE('',*,*,#5698,.T.);
#8282=ORIENTED_EDGE('',*,*,#4906,.T.);
#8283=ORIENTED_EDGE('',*,*,#4910,.T.);
#8284=ORIENTED_EDGE('',*,*,#5699,.T.);
#8285=ORIENTED_EDGE('',*,*,#4899,.T.);
#8286=ORIENTED_EDGE('',*,*,#4903,.T.);
#8287=ORIENTED_EDGE('',*,*,#5700,.T.);
#8288=ORIENTED_EDGE('',*,*,#4892,.T.);
#8289=ORIENTED_EDGE('',*,*,#4896,.T.);
#8290=ORIENTED_EDGE('',*,*,#5701,.T.);
#8291=ORIENTED_EDGE('',*,*,#4885,.T.);
#8292=ORIENTED_EDGE('',*,*,#4889,.T.);
#8293=ORIENTED_EDGE('',*,*,#5702,.T.);
#8294=ORIENTED_EDGE('',*,*,#4878,.T.);
#8295=ORIENTED_EDGE('',*,*,#4882,.T.);
#8296=ORIENTED_EDGE('',*,*,#5703,.T.);
#8297=ORIENTED_EDGE('',*,*,#4871,.T.);
#8298=ORIENTED_EDGE('',*,*,#4875,.T.);
#8299=ORIENTED_EDGE('',*,*,#5704,.T.);
#8300=ORIENTED_EDGE('',*,*,#4864,.T.);
#8301=ORIENTED_EDGE('',*,*,#4868,.T.);
#8302=ORIENTED_EDGE('',*,*,#5705,.T.);
#8303=ORIENTED_EDGE('',*,*,#4857,.T.);
#8304=ORIENTED_EDGE('',*,*,#4861,.T.);
#8305=ORIENTED_EDGE('',*,*,#5706,.T.);
#8306=ORIENTED_EDGE('',*,*,#4850,.T.);
#8307=ORIENTED_EDGE('',*,*,#4854,.T.);
#8308=ORIENTED_EDGE('',*,*,#5707,.T.);
#8309=ORIENTED_EDGE('',*,*,#4843,.T.);
#8310=ORIENTED_EDGE('',*,*,#4847,.T.);
#8311=ORIENTED_EDGE('',*,*,#5708,.T.);
#8312=ORIENTED_EDGE('',*,*,#4836,.T.);
#8313=ORIENTED_EDGE('',*,*,#4840,.T.);
#8314=ORIENTED_EDGE('',*,*,#5709,.T.);
#8315=ORIENTED_EDGE('',*,*,#4829,.T.);
#8316=ORIENTED_EDGE('',*,*,#4833,.T.);
#8317=ORIENTED_EDGE('',*,*,#5710,.T.);
#8318=ORIENTED_EDGE('',*,*,#4822,.T.);
#8319=ORIENTED_EDGE('',*,*,#4826,.T.);
#8320=ORIENTED_EDGE('',*,*,#5711,.T.);
#8321=ORIENTED_EDGE('',*,*,#4815,.T.);
#8322=ORIENTED_EDGE('',*,*,#4819,.T.);
#8323=ORIENTED_EDGE('',*,*,#5712,.T.);
#8324=ORIENTED_EDGE('',*,*,#4808,.T.);
#8325=ORIENTED_EDGE('',*,*,#4812,.T.);
#8326=ORIENTED_EDGE('',*,*,#5713,.T.);
#8327=ORIENTED_EDGE('',*,*,#4801,.T.);
#8328=ORIENTED_EDGE('',*,*,#4805,.T.);
#8329=ORIENTED_EDGE('',*,*,#5714,.T.);
#8330=ORIENTED_EDGE('',*,*,#4794,.T.);
#8331=ORIENTED_EDGE('',*,*,#4798,.T.);
#8332=ORIENTED_EDGE('',*,*,#5715,.T.);
#8333=ORIENTED_EDGE('',*,*,#4787,.T.);
#8334=ORIENTED_EDGE('',*,*,#4791,.T.);
#8335=ORIENTED_EDGE('',*,*,#5716,.T.);
#8336=ORIENTED_EDGE('',*,*,#4780,.T.);
#8337=ORIENTED_EDGE('',*,*,#4784,.T.);
#8338=ORIENTED_EDGE('',*,*,#5717,.T.);
#8339=ORIENTED_EDGE('',*,*,#4773,.T.);
#8340=ORIENTED_EDGE('',*,*,#4777,.T.);
#8341=ORIENTED_EDGE('',*,*,#5718,.T.);
#8342=ORIENTED_EDGE('',*,*,#4766,.T.);
#8343=ORIENTED_EDGE('',*,*,#4770,.T.);
#8344=ORIENTED_EDGE('',*,*,#5719,.T.);
#8345=ORIENTED_EDGE('',*,*,#4759,.T.);
#8346=ORIENTED_EDGE('',*,*,#4763,.T.);
#8347=ORIENTED_EDGE('',*,*,#5720,.T.);
#8348=ORIENTED_EDGE('',*,*,#4752,.T.);
#8349=ORIENTED_EDGE('',*,*,#4756,.T.);
#8350=ORIENTED_EDGE('',*,*,#5721,.T.);
#8351=ORIENTED_EDGE('',*,*,#4745,.T.);
#8352=ORIENTED_EDGE('',*,*,#4749,.T.);
#8353=ORIENTED_EDGE('',*,*,#5722,.T.);
#8354=ORIENTED_EDGE('',*,*,#4738,.T.);
#8355=ORIENTED_EDGE('',*,*,#4742,.T.);
#8356=ORIENTED_EDGE('',*,*,#5723,.T.);
#8357=ORIENTED_EDGE('',*,*,#4731,.T.);
#8358=ORIENTED_EDGE('',*,*,#4735,.T.);
#8359=ORIENTED_EDGE('',*,*,#5724,.T.);
#8360=ORIENTED_EDGE('',*,*,#4724,.T.);
#8361=ORIENTED_EDGE('',*,*,#4728,.T.);
#8362=ORIENTED_EDGE('',*,*,#5725,.T.);
#8363=ORIENTED_EDGE('',*,*,#4717,.T.);
#8364=ORIENTED_EDGE('',*,*,#4721,.T.);
#8365=ORIENTED_EDGE('',*,*,#5726,.T.);
#8366=ORIENTED_EDGE('',*,*,#4710,.T.);
#8367=ORIENTED_EDGE('',*,*,#4714,.T.);
#8368=ORIENTED_EDGE('',*,*,#5727,.T.);
#8369=ORIENTED_EDGE('',*,*,#4703,.T.);
#8370=ORIENTED_EDGE('',*,*,#4707,.T.);
#8371=ORIENTED_EDGE('',*,*,#5728,.T.);
#8372=ORIENTED_EDGE('',*,*,#4696,.T.);
#8373=ORIENTED_EDGE('',*,*,#4700,.T.);
#8374=ORIENTED_EDGE('',*,*,#5729,.T.);
#8375=ORIENTED_EDGE('',*,*,#4689,.T.);
#8376=ORIENTED_EDGE('',*,*,#4693,.T.);
#8377=ORIENTED_EDGE('',*,*,#5730,.T.);
#8378=ORIENTED_EDGE('',*,*,#4682,.T.);
#8379=ORIENTED_EDGE('',*,*,#4686,.T.);
#8380=ORIENTED_EDGE('',*,*,#5731,.T.);
#8381=ORIENTED_EDGE('',*,*,#4675,.T.);
#8382=ORIENTED_EDGE('',*,*,#4679,.T.);
#8383=ORIENTED_EDGE('',*,*,#5732,.T.);
#8384=ORIENTED_EDGE('',*,*,#4668,.T.);
#8385=ORIENTED_EDGE('',*,*,#4672,.T.);
#8386=ORIENTED_EDGE('',*,*,#5733,.T.);
#8387=ORIENTED_EDGE('',*,*,#4661,.T.);
#8388=ORIENTED_EDGE('',*,*,#4665,.T.);
#8389=ORIENTED_EDGE('',*,*,#5734,.T.);
#8390=ORIENTED_EDGE('',*,*,#4654,.T.);
#8391=ORIENTED_EDGE('',*,*,#4658,.T.);
#8392=ORIENTED_EDGE('',*,*,#5735,.T.);
#8393=ORIENTED_EDGE('',*,*,#4647,.T.);
#8394=ORIENTED_EDGE('',*,*,#4651,.T.);
#8395=ORIENTED_EDGE('',*,*,#5736,.T.);
#8396=ORIENTED_EDGE('',*,*,#4640,.T.);
#8397=ORIENTED_EDGE('',*,*,#4644,.T.);
#8398=ORIENTED_EDGE('',*,*,#5737,.T.);
#8399=ORIENTED_EDGE('',*,*,#4633,.T.);
#8400=ORIENTED_EDGE('',*,*,#4637,.T.);
#8401=ORIENTED_EDGE('',*,*,#5738,.T.);
#8402=ORIENTED_EDGE('',*,*,#4626,.T.);
#8403=ORIENTED_EDGE('',*,*,#4630,.T.);
#8404=ORIENTED_EDGE('',*,*,#5739,.T.);
#8405=ORIENTED_EDGE('',*,*,#4619,.T.);
#8406=ORIENTED_EDGE('',*,*,#4623,.T.);
#8407=ORIENTED_EDGE('',*,*,#5740,.T.);
#8408=ORIENTED_EDGE('',*,*,#4612,.T.);
#8409=ORIENTED_EDGE('',*,*,#4616,.T.);
#8410=ORIENTED_EDGE('',*,*,#5741,.T.);
#8411=ORIENTED_EDGE('',*,*,#4605,.T.);
#8412=ORIENTED_EDGE('',*,*,#4609,.T.);
#8413=ORIENTED_EDGE('',*,*,#5742,.T.);
#8414=ORIENTED_EDGE('',*,*,#4598,.T.);
#8415=ORIENTED_EDGE('',*,*,#4602,.T.);
#8416=ORIENTED_EDGE('',*,*,#5743,.T.);
#8417=ORIENTED_EDGE('',*,*,#4591,.T.);
#8418=ORIENTED_EDGE('',*,*,#4595,.T.);
#8419=ORIENTED_EDGE('',*,*,#5744,.T.);
#8420=ORIENTED_EDGE('',*,*,#4584,.T.);
#8421=ORIENTED_EDGE('',*,*,#4588,.T.);
#8422=ORIENTED_EDGE('',*,*,#5745,.T.);
#8423=ORIENTED_EDGE('',*,*,#4577,.T.);
#8424=ORIENTED_EDGE('',*,*,#4581,.T.);
#8425=ORIENTED_EDGE('',*,*,#5746,.T.);
#8426=ORIENTED_EDGE('',*,*,#4570,.T.);
#8427=ORIENTED_EDGE('',*,*,#4574,.T.);
#8428=ORIENTED_EDGE('',*,*,#5747,.T.);
#8429=ORIENTED_EDGE('',*,*,#4563,.T.);
#8430=ORIENTED_EDGE('',*,*,#4567,.T.);
#8431=ORIENTED_EDGE('',*,*,#5748,.T.);
#8432=ORIENTED_EDGE('',*,*,#4556,.T.);
#8433=ORIENTED_EDGE('',*,*,#4560,.T.);
#8434=ORIENTED_EDGE('',*,*,#5749,.T.);
#8435=ORIENTED_EDGE('',*,*,#4549,.T.);
#8436=ORIENTED_EDGE('',*,*,#4553,.T.);
#8437=ORIENTED_EDGE('',*,*,#5750,.T.);
#8438=ORIENTED_EDGE('',*,*,#4542,.T.);
#8439=ORIENTED_EDGE('',*,*,#4546,.T.);
#8440=ORIENTED_EDGE('',*,*,#5751,.T.);
#8441=ORIENTED_EDGE('',*,*,#4535,.T.);
#8442=ORIENTED_EDGE('',*,*,#4539,.T.);
#8443=ORIENTED_EDGE('',*,*,#5752,.T.);
#8444=ORIENTED_EDGE('',*,*,#4528,.T.);
#8445=ORIENTED_EDGE('',*,*,#4532,.T.);
#8446=ORIENTED_EDGE('',*,*,#5753,.T.);
#8447=ORIENTED_EDGE('',*,*,#4521,.T.);
#8448=ORIENTED_EDGE('',*,*,#4525,.T.);
#8449=ORIENTED_EDGE('',*,*,#5754,.T.);
#8450=ORIENTED_EDGE('',*,*,#4514,.T.);
#8451=ORIENTED_EDGE('',*,*,#4518,.T.);
#8452=ORIENTED_EDGE('',*,*,#5755,.T.);
#8453=ORIENTED_EDGE('',*,*,#4507,.T.);
#8454=ORIENTED_EDGE('',*,*,#4511,.T.);
#8455=ORIENTED_EDGE('',*,*,#5756,.T.);
#8456=ORIENTED_EDGE('',*,*,#4500,.T.);
#8457=ORIENTED_EDGE('',*,*,#4504,.T.);
#8458=ORIENTED_EDGE('',*,*,#5757,.T.);
#8459=ORIENTED_EDGE('',*,*,#4493,.T.);
#8460=ORIENTED_EDGE('',*,*,#4497,.T.);
#8461=ORIENTED_EDGE('',*,*,#5758,.T.);
#8462=ORIENTED_EDGE('',*,*,#4486,.T.);
#8463=ORIENTED_EDGE('',*,*,#4490,.T.);
#8464=ORIENTED_EDGE('',*,*,#5759,.T.);
#8465=ORIENTED_EDGE('',*,*,#4479,.T.);
#8466=ORIENTED_EDGE('',*,*,#4483,.T.);
#8467=ORIENTED_EDGE('',*,*,#5760,.T.);
#8468=ORIENTED_EDGE('',*,*,#4472,.T.);
#8469=ORIENTED_EDGE('',*,*,#4476,.T.);
#8470=ORIENTED_EDGE('',*,*,#5761,.T.);
#8471=ORIENTED_EDGE('',*,*,#4465,.T.);
#8472=ORIENTED_EDGE('',*,*,#4469,.T.);
#8473=ORIENTED_EDGE('',*,*,#5762,.T.);
#8474=ORIENTED_EDGE('',*,*,#4458,.T.);
#8475=ORIENTED_EDGE('',*,*,#4462,.T.);
#8476=ORIENTED_EDGE('',*,*,#5763,.T.);
#8477=ORIENTED_EDGE('',*,*,#4451,.T.);
#8478=ORIENTED_EDGE('',*,*,#4455,.T.);
#8479=ORIENTED_EDGE('',*,*,#5764,.T.);
#8480=ORIENTED_EDGE('',*,*,#4444,.T.);
#8481=ORIENTED_EDGE('',*,*,#4448,.T.);
#8482=ORIENTED_EDGE('',*,*,#5765,.T.);
#8483=ORIENTED_EDGE('',*,*,#4437,.T.);
#8484=ORIENTED_EDGE('',*,*,#4441,.T.);
#8485=ORIENTED_EDGE('',*,*,#5766,.T.);
#8486=ORIENTED_EDGE('',*,*,#4430,.T.);
#8487=ORIENTED_EDGE('',*,*,#4434,.T.);
#8488=ORIENTED_EDGE('',*,*,#5767,.T.);
#8489=ORIENTED_EDGE('',*,*,#4423,.T.);
#8490=ORIENTED_EDGE('',*,*,#5773,.T.);
#8491=ORIENTED_EDGE('',*,*,#4416,.F.);
#8492=ORIENTED_EDGE('',*,*,#5774,.T.);
#8493=ORIENTED_EDGE('',*,*,#5773,.F.);
#8494=ORIENTED_EDGE('',*,*,#5774,.F.);
#8495=ORIENTED_EDGE('',*,*,#4429,.T.);
#8496=ORIENTED_EDGE('',*,*,#5617,.T.);
#8497=ORIENTED_EDGE('',*,*,#5769,.T.);
#8498=ORIENTED_EDGE('',*,*,#5772,.F.);
#8499=PLANE('',#9285);
#8500=PLANE('',#9288);
#8501=PLANE('',#9291);
#8502=PLANE('',#9294);
#8503=PLANE('',#9295);
#8504=PLANE('',#9296);
#8505=PLANE('',#9297);
#8506=PLANE('',#9298);
#8507=PLANE('',#9299);
#8508=PLANE('',#9300);
#8509=PLANE('',#9301);
#8510=PLANE('',#9302);
#8511=PLANE('',#9303);
#8512=PLANE('',#9304);
#8513=PLANE('',#9305);
#8514=PLANE('',#9306);
#8515=PLANE('',#9307);
#8516=PLANE('',#9308);
#8517=PLANE('',#9309);
#8518=PLANE('',#9310);
#8519=PLANE('',#9311);
#8520=PLANE('',#9312);
#8521=PLANE('',#9313);
#8522=PLANE('',#9314);
#8523=PLANE('',#9315);
#8524=PLANE('',#9316);
#8525=PLANE('',#9317);
#8526=PLANE('',#9318);
#8527=PLANE('',#9319);
#8528=PLANE('',#9320);
#8529=PLANE('',#9321);
#8530=PLANE('',#9322);
#8531=PLANE('',#9323);
#8532=PLANE('',#9324);
#8533=PLANE('',#9325);
#8534=PLANE('',#9326);
#8535=PLANE('',#9327);
#8536=PLANE('',#9328);
#8537=PLANE('',#9329);
#8538=PLANE('',#9330);
#8539=PLANE('',#9331);
#8540=PLANE('',#9332);
#8541=PLANE('',#9333);
#8542=PLANE('',#9334);
#8543=PLANE('',#9335);
#8544=PLANE('',#9336);
#8545=PLANE('',#9337);
#8546=PLANE('',#9338);
#8547=PLANE('',#9339);
#8548=PLANE('',#9340);
#8549=PLANE('',#9341);
#8550=PLANE('',#9342);
#8551=PLANE('',#9343);
#8552=PLANE('',#9344);
#8553=PLANE('',#9345);
#8554=PLANE('',#9346);
#8555=PLANE('',#9347);
#8556=PLANE('',#9348);
#8557=PLANE('',#9349);
#8558=PLANE('',#9350);
#8559=PLANE('',#9351);
#8560=PLANE('',#9352);
#8561=PLANE('',#9353);
#8562=PLANE('',#9354);
#8563=PLANE('',#9355);
#8564=PLANE('',#9356);
#8565=PLANE('',#9357);
#8566=PLANE('',#9358);
#8567=PLANE('',#9359);
#8568=PLANE('',#9360);
#8569=PLANE('',#9361);
#8570=PLANE('',#9362);
#8571=PLANE('',#9363);
#8572=PLANE('',#9364);
#8573=PLANE('',#9365);
#8574=PLANE('',#9366);
#8575=PLANE('',#9367);
#8576=PLANE('',#9368);
#8577=PLANE('',#9369);
#8578=PLANE('',#9370);
#8579=PLANE('',#9371);
#8580=PLANE('',#9372);
#8581=PLANE('',#9373);
#8582=PLANE('',#9374);
#8583=PLANE('',#9375);
#8584=PLANE('',#9376);
#8585=PLANE('',#9377);
#8586=PLANE('',#9378);
#8587=PLANE('',#9379);
#8588=PLANE('',#9380);
#8589=PLANE('',#9381);
#8590=PLANE('',#9382);
#8591=PLANE('',#9383);
#8592=PLANE('',#9384);
#8593=PLANE('',#9385);
#8594=PLANE('',#9386);
#8595=PLANE('',#9387);
#8596=PLANE('',#9388);
#8597=PLANE('',#9389);
#8598=PLANE('',#9390);
#8599=PLANE('',#9391);
#8600=PLANE('',#9392);
#8601=PLANE('',#9393);
#8602=PLANE('',#9394);
#8603=PLANE('',#9395);
#8604=PLANE('',#9396);
#8605=PLANE('',#9397);
#8606=PLANE('',#9398);
#8607=PLANE('',#9399);
#8608=PLANE('',#9400);
#8609=PLANE('',#9401);
#8610=PLANE('',#9402);
#8611=PLANE('',#9403);
#8612=PLANE('',#9404);
#8613=PLANE('',#9405);
#8614=PLANE('',#9406);
#8615=PLANE('',#9407);
#8616=PLANE('',#9408);
#8617=PLANE('',#9409);
#8618=PLANE('',#9410);
#8619=PLANE('',#9411);
#8620=PLANE('',#9412);
#8621=PLANE('',#9413);
#8622=PLANE('',#9414);
#8623=PLANE('',#9415);
#8624=PLANE('',#9416);
#8625=PLANE('',#9417);
#8626=PLANE('',#9418);
#8627=PLANE('',#9419);
#8628=PLANE('',#9420);
#8629=PLANE('',#9421);
#8630=PLANE('',#9422);
#8631=PLANE('',#9423);
#8632=PLANE('',#9424);
#8633=PLANE('',#9425);
#8634=PLANE('',#9426);
#8635=PLANE('',#9427);
#8636=PLANE('',#9428);
#8637=PLANE('',#9429);
#8638=PLANE('',#9430);
#8639=PLANE('',#9431);
#8640=PLANE('',#9432);
#8641=PLANE('',#9433);
#8642=PLANE('',#9434);
#8643=PLANE('',#9435);
#8644=PLANE('',#9436);
#8645=PLANE('',#9437);
#8646=PLANE('',#9438);
#8647=PLANE('',#9439);
#8648=PLANE('',#9440);
#8649=PLANE('',#9441);
#8650=PLANE('',#9442);
#8651=PLANE('',#9443);
#8652=PLANE('',#9444);
#8653=PLANE('',#9445);
#8654=PLANE('',#9446);
#8655=PLANE('',#9447);
#8656=PLANE('',#9448);
#8657=PLANE('',#9449);
#8658=PLANE('',#9450);
#8659=PLANE('',#9451);
#8660=PLANE('',#9452);
#8661=PLANE('',#9453);
#8662=PLANE('',#9454);
#8663=PLANE('',#9455);
#8664=PLANE('',#9456);
#8665=PLANE('',#9457);
#8666=PLANE('',#9458);
#8667=PLANE('',#9459);
#8668=PLANE('',#9460);
#8669=PLANE('',#9461);
#8670=PLANE('',#9462);
#8671=PLANE('',#9463);
#8672=PLANE('',#9464);
#8673=PLANE('',#9465);
#8674=PLANE('',#9466);
#8675=PLANE('',#9467);
#8676=PLANE('',#9468);
#8677=PLANE('',#9469);
#8678=PLANE('',#9470);
#8679=PLANE('',#9471);
#8680=PLANE('',#9472);
#8681=PLANE('',#9473);
#8682=PLANE('',#9474);
#8683=PLANE('',#9475);
#8684=PLANE('',#9476);
#8685=PLANE('',#9477);
#8686=PLANE('',#9478);
#8687=PLANE('',#9479);
#8688=PLANE('',#9480);
#8689=PLANE('',#9481);
#8690=PLANE('',#9482);
#8691=PLANE('',#9483);
#8692=PLANE('',#9484);
#8693=PLANE('',#9485);
#8694=PLANE('',#9486);
#8695=PLANE('',#9487);
#8696=PLANE('',#9488);
#8697=PLANE('',#9489);
#8698=PLANE('',#9490);
#8699=PLANE('',#9491);
#8700=PLANE('',#9492);
#8701=PLANE('',#9493);
#8702=PLANE('',#9494);
#8703=PLANE('',#9495);
#8704=PLANE('',#9496);
#8705=PLANE('',#9497);
#8706=PLANE('',#9498);
#8707=PLANE('',#9499);
#8708=PLANE('',#9500);
#8709=PLANE('',#9501);
#8710=PLANE('',#9502);
#8711=PLANE('',#9503);
#8712=PLANE('',#9504);
#8713=PLANE('',#9505);
#8714=PLANE('',#9506);
#8715=PLANE('',#9507);
#8716=PLANE('',#9508);
#8717=PLANE('',#9509);
#8718=PLANE('',#9510);
#8719=PLANE('',#9511);
#8720=PLANE('',#9512);
#8721=PLANE('',#9513);
#8722=PLANE('',#9514);
#8723=PLANE('',#9515);
#8724=PLANE('',#9516);
#8725=PLANE('',#9517);
#8726=PLANE('',#9518);
#8727=PLANE('',#9519);
#8728=PLANE('',#9520);
#8729=PLANE('',#9521);
#8730=PLANE('',#9522);
#8731=PLANE('',#9523);
#8732=PLANE('',#9524);
#8733=PLANE('',#9525);
#8734=PLANE('',#9526);
#8735=PLANE('',#9527);
#8736=PLANE('',#9528);
#8737=PLANE('',#9529);
#8738=PLANE('',#9530);
#8739=PLANE('',#9531);
#8740=PLANE('',#9532);
#8741=PLANE('',#9533);
#8742=PLANE('',#9534);
#8743=PLANE('',#9535);
#8744=PLANE('',#9536);
#8745=PLANE('',#9537);
#8746=PLANE('',#9538);
#8747=PLANE('',#9539);
#8748=PLANE('',#9540);
#8749=PLANE('',#9541);
#8750=PLANE('',#9542);
#8751=PLANE('',#9543);
#8752=PLANE('',#9544);
#8753=PLANE('',#9545);
#8754=PLANE('',#9546);
#8755=PLANE('',#9547);
#8756=PLANE('',#9548);
#8757=PLANE('',#9549);
#8758=PLANE('',#9550);
#8759=PLANE('',#9551);
#8760=PLANE('',#9552);
#8761=PLANE('',#9553);
#8762=PLANE('',#9554);
#8763=PLANE('',#9555);
#8764=PLANE('',#9556);
#8765=PLANE('',#9557);
#8766=PLANE('',#9558);
#8767=PLANE('',#9559);
#8768=PLANE('',#9560);
#8769=PLANE('',#9561);
#8770=PLANE('',#9562);
#8771=PLANE('',#9563);
#8772=PLANE('',#9564);
#8773=PLANE('',#9565);
#8774=PLANE('',#9566);
#8775=PLANE('',#9567);
#8776=PLANE('',#9568);
#8777=PLANE('',#9569);
#8778=PLANE('',#9570);
#8779=PLANE('',#9571);
#8780=PLANE('',#9572);
#8781=PLANE('',#9573);
#8782=PLANE('',#9574);
#8783=PLANE('',#9575);
#8784=PLANE('',#9576);
#8785=PLANE('',#9577);
#8786=PLANE('',#9578);
#8787=PLANE('',#9579);
#8788=PLANE('',#9580);
#8789=PLANE('',#9581);
#8790=PLANE('',#9582);
#8791=PLANE('',#9583);
#8792=PLANE('',#9584);
#8793=PLANE('',#9585);
#8794=PLANE('',#9586);
#8795=PLANE('',#9587);
#8796=PLANE('',#9588);
#8797=PLANE('',#9589);
#8798=PLANE('',#9590);
#8799=PLANE('',#9591);
#8800=PLANE('',#9592);
#8801=PLANE('',#9593);
#8802=PLANE('',#10042);
#8803=PLANE('',#10043);
#8804=PLANE('',#10044);
#8805=ADVANCED_FACE('',(#169),#8499,.T.);
#8806=ADVANCED_FACE('',(#170,#167),#8500,.T.);
#8807=ADVANCED_FACE('',(#171),#8501,.F.);
#8808=ADVANCED_FACE('',(#172),#15,.F.);
#8809=ADVANCED_FACE('',(#173),#8502,.T.);
#8810=ADVANCED_FACE('',(#174),#8503,.F.);
#8811=ADVANCED_FACE('',(#175),#8504,.F.);
#8812=ADVANCED_FACE('',(#176),#8505,.F.);
#8813=ADVANCED_FACE('',(#177),#8506,.F.);
#8814=ADVANCED_FACE('',(#178),#8507,.F.);
#8815=ADVANCED_FACE('',(#179),#8508,.F.);
#8816=ADVANCED_FACE('',(#180),#8509,.F.);
#8817=ADVANCED_FACE('',(#181),#8510,.F.);
#8818=ADVANCED_FACE('',(#182),#8511,.F.);
#8819=ADVANCED_FACE('',(#183),#8512,.F.);
#8820=ADVANCED_FACE('',(#184),#8513,.F.);
#8821=ADVANCED_FACE('',(#185),#8514,.F.);
#8822=ADVANCED_FACE('',(#186),#8515,.F.);
#8823=ADVANCED_FACE('',(#187),#8516,.F.);
#8824=ADVANCED_FACE('',(#188),#8517,.F.);
#8825=ADVANCED_FACE('',(#189),#8518,.F.);
#8826=ADVANCED_FACE('',(#190),#8519,.F.);
#8827=ADVANCED_FACE('',(#191),#8520,.F.);
#8828=ADVANCED_FACE('',(#192),#8521,.F.);
#8829=ADVANCED_FACE('',(#193),#8522,.F.);
#8830=ADVANCED_FACE('',(#194),#8523,.F.);
#8831=ADVANCED_FACE('',(#195),#8524,.F.);
#8832=ADVANCED_FACE('',(#196),#8525,.F.);
#8833=ADVANCED_FACE('',(#197),#8526,.F.);
#8834=ADVANCED_FACE('',(#198),#8527,.F.);
#8835=ADVANCED_FACE('',(#199),#8528,.F.);
#8836=ADVANCED_FACE('',(#200),#8529,.F.);
#8837=ADVANCED_FACE('',(#201),#8530,.F.);
#8838=ADVANCED_FACE('',(#202),#8531,.F.);
#8839=ADVANCED_FACE('',(#203),#8532,.F.);
#8840=ADVANCED_FACE('',(#204),#8533,.F.);
#8841=ADVANCED_FACE('',(#205),#8534,.F.);
#8842=ADVANCED_FACE('',(#206),#8535,.F.);
#8843=ADVANCED_FACE('',(#207),#8536,.F.);
#8844=ADVANCED_FACE('',(#208),#8537,.F.);
#8845=ADVANCED_FACE('',(#209),#8538,.F.);
#8846=ADVANCED_FACE('',(#210),#8539,.F.);
#8847=ADVANCED_FACE('',(#211),#8540,.F.);
#8848=ADVANCED_FACE('',(#212),#8541,.F.);
#8849=ADVANCED_FACE('',(#213),#8542,.F.);
#8850=ADVANCED_FACE('',(#214),#8543,.F.);
#8851=ADVANCED_FACE('',(#215),#8544,.F.);
#8852=ADVANCED_FACE('',(#216),#8545,.F.);
#8853=ADVANCED_FACE('',(#217),#8546,.F.);
#8854=ADVANCED_FACE('',(#218),#8547,.F.);
#8855=ADVANCED_FACE('',(#219),#8548,.F.);
#8856=ADVANCED_FACE('',(#220),#8549,.F.);
#8857=ADVANCED_FACE('',(#221),#8550,.F.);
#8858=ADVANCED_FACE('',(#222),#8551,.F.);
#8859=ADVANCED_FACE('',(#223),#8552,.F.);
#8860=ADVANCED_FACE('',(#224),#8553,.F.);
#8861=ADVANCED_FACE('',(#225),#8554,.F.);
#8862=ADVANCED_FACE('',(#226),#8555,.F.);
#8863=ADVANCED_FACE('',(#227),#8556,.F.);
#8864=ADVANCED_FACE('',(#228),#8557,.F.);
#8865=ADVANCED_FACE('',(#229),#8558,.F.);
#8866=ADVANCED_FACE('',(#230),#8559,.F.);
#8867=ADVANCED_FACE('',(#231),#8560,.F.);
#8868=ADVANCED_FACE('',(#232),#8561,.F.);
#8869=ADVANCED_FACE('',(#233),#8562,.F.);
#8870=ADVANCED_FACE('',(#234),#8563,.F.);
#8871=ADVANCED_FACE('',(#235),#8564,.F.);
#8872=ADVANCED_FACE('',(#236),#8565,.F.);
#8873=ADVANCED_FACE('',(#237),#8566,.F.);
#8874=ADVANCED_FACE('',(#238),#8567,.F.);
#8875=ADVANCED_FACE('',(#239),#8568,.F.);
#8876=ADVANCED_FACE('',(#240),#8569,.F.);
#8877=ADVANCED_FACE('',(#241),#8570,.F.);
#8878=ADVANCED_FACE('',(#242),#8571,.F.);
#8879=ADVANCED_FACE('',(#243),#8572,.F.);
#8880=ADVANCED_FACE('',(#244),#8573,.F.);
#8881=ADVANCED_FACE('',(#245),#8574,.F.);
#8882=ADVANCED_FACE('',(#246),#8575,.F.);
#8883=ADVANCED_FACE('',(#247),#8576,.F.);
#8884=ADVANCED_FACE('',(#248),#8577,.F.);
#8885=ADVANCED_FACE('',(#249),#8578,.F.);
#8886=ADVANCED_FACE('',(#250),#8579,.F.);
#8887=ADVANCED_FACE('',(#251),#8580,.F.);
#8888=ADVANCED_FACE('',(#252),#8581,.F.);
#8889=ADVANCED_FACE('',(#253),#8582,.F.);
#8890=ADVANCED_FACE('',(#254),#8583,.F.);
#8891=ADVANCED_FACE('',(#255),#8584,.F.);
#8892=ADVANCED_FACE('',(#256),#8585,.F.);
#8893=ADVANCED_FACE('',(#257),#8586,.F.);
#8894=ADVANCED_FACE('',(#258),#8587,.F.);
#8895=ADVANCED_FACE('',(#259),#8588,.F.);
#8896=ADVANCED_FACE('',(#260),#8589,.F.);
#8897=ADVANCED_FACE('',(#261),#8590,.F.);
#8898=ADVANCED_FACE('',(#262),#8591,.F.);
#8899=ADVANCED_FACE('',(#263),#8592,.F.);
#8900=ADVANCED_FACE('',(#264),#8593,.F.);
#8901=ADVANCED_FACE('',(#265),#8594,.F.);
#8902=ADVANCED_FACE('',(#266),#8595,.F.);
#8903=ADVANCED_FACE('',(#267),#8596,.F.);
#8904=ADVANCED_FACE('',(#268),#8597,.F.);
#8905=ADVANCED_FACE('',(#269),#8598,.F.);
#8906=ADVANCED_FACE('',(#270),#8599,.F.);
#8907=ADVANCED_FACE('',(#271),#8600,.F.);
#8908=ADVANCED_FACE('',(#272),#8601,.F.);
#8909=ADVANCED_FACE('',(#273),#8602,.F.);
#8910=ADVANCED_FACE('',(#274),#8603,.F.);
#8911=ADVANCED_FACE('',(#275),#8604,.F.);
#8912=ADVANCED_FACE('',(#276),#8605,.F.);
#8913=ADVANCED_FACE('',(#277),#8606,.F.);
#8914=ADVANCED_FACE('',(#278),#8607,.F.);
#8915=ADVANCED_FACE('',(#279),#8608,.F.);
#8916=ADVANCED_FACE('',(#280),#8609,.F.);
#8917=ADVANCED_FACE('',(#281),#8610,.F.);
#8918=ADVANCED_FACE('',(#282),#8611,.F.);
#8919=ADVANCED_FACE('',(#283),#8612,.F.);
#8920=ADVANCED_FACE('',(#284),#8613,.F.);
#8921=ADVANCED_FACE('',(#285),#8614,.F.);
#8922=ADVANCED_FACE('',(#286),#8615,.F.);
#8923=ADVANCED_FACE('',(#287),#8616,.F.);
#8924=ADVANCED_FACE('',(#288),#8617,.F.);
#8925=ADVANCED_FACE('',(#289),#8618,.F.);
#8926=ADVANCED_FACE('',(#290),#8619,.F.);
#8927=ADVANCED_FACE('',(#291),#8620,.F.);
#8928=ADVANCED_FACE('',(#292),#8621,.F.);
#8929=ADVANCED_FACE('',(#293),#8622,.F.);
#8930=ADVANCED_FACE('',(#294),#8623,.F.);
#8931=ADVANCED_FACE('',(#295),#8624,.F.);
#8932=ADVANCED_FACE('',(#296),#8625,.F.);
#8933=ADVANCED_FACE('',(#297),#8626,.F.);
#8934=ADVANCED_FACE('',(#298),#8627,.F.);
#8935=ADVANCED_FACE('',(#299),#8628,.F.);
#8936=ADVANCED_FACE('',(#300),#8629,.F.);
#8937=ADVANCED_FACE('',(#301),#8630,.F.);
#8938=ADVANCED_FACE('',(#302),#8631,.F.);
#8939=ADVANCED_FACE('',(#303),#8632,.F.);
#8940=ADVANCED_FACE('',(#304),#8633,.F.);
#8941=ADVANCED_FACE('',(#305),#8634,.F.);
#8942=ADVANCED_FACE('',(#306),#8635,.F.);
#8943=ADVANCED_FACE('',(#307),#8636,.F.);
#8944=ADVANCED_FACE('',(#308),#8637,.F.);
#8945=ADVANCED_FACE('',(#309),#8638,.F.);
#8946=ADVANCED_FACE('',(#310),#8639,.F.);
#8947=ADVANCED_FACE('',(#311),#8640,.F.);
#8948=ADVANCED_FACE('',(#312),#8641,.F.);
#8949=ADVANCED_FACE('',(#313),#8642,.F.);
#8950=ADVANCED_FACE('',(#314),#8643,.F.);
#8951=ADVANCED_FACE('',(#315),#8644,.F.);
#8952=ADVANCED_FACE('',(#316),#8645,.F.);
#8953=ADVANCED_FACE('',(#317),#8646,.F.);
#8954=ADVANCED_FACE('',(#318),#8647,.F.);
#8955=ADVANCED_FACE('',(#319),#8648,.F.);
#8956=ADVANCED_FACE('',(#320),#8649,.F.);
#8957=ADVANCED_FACE('',(#321),#8650,.F.);
#8958=ADVANCED_FACE('',(#322),#8651,.F.);
#8959=ADVANCED_FACE('',(#323),#8652,.F.);
#8960=ADVANCED_FACE('',(#324),#8653,.F.);
#8961=ADVANCED_FACE('',(#325),#8654,.F.);
#8962=ADVANCED_FACE('',(#326),#8655,.F.);
#8963=ADVANCED_FACE('',(#327),#8656,.F.);
#8964=ADVANCED_FACE('',(#328),#8657,.F.);
#8965=ADVANCED_FACE('',(#329),#8658,.F.);
#8966=ADVANCED_FACE('',(#330),#8659,.F.);
#8967=ADVANCED_FACE('',(#331),#8660,.F.);
#8968=ADVANCED_FACE('',(#332),#8661,.F.);
#8969=ADVANCED_FACE('',(#333),#8662,.F.);
#8970=ADVANCED_FACE('',(#334),#8663,.F.);
#8971=ADVANCED_FACE('',(#335),#8664,.F.);
#8972=ADVANCED_FACE('',(#336),#8665,.F.);
#8973=ADVANCED_FACE('',(#337),#8666,.F.);
#8974=ADVANCED_FACE('',(#338),#8667,.F.);
#8975=ADVANCED_FACE('',(#339),#8668,.F.);
#8976=ADVANCED_FACE('',(#340),#8669,.F.);
#8977=ADVANCED_FACE('',(#341),#8670,.F.);
#8978=ADVANCED_FACE('',(#342),#8671,.F.);
#8979=ADVANCED_FACE('',(#343),#8672,.F.);
#8980=ADVANCED_FACE('',(#344),#8673,.F.);
#8981=ADVANCED_FACE('',(#345),#8674,.F.);
#8982=ADVANCED_FACE('',(#346),#8675,.F.);
#8983=ADVANCED_FACE('',(#347),#8676,.F.);
#8984=ADVANCED_FACE('',(#348),#8677,.F.);
#8985=ADVANCED_FACE('',(#349),#8678,.F.);
#8986=ADVANCED_FACE('',(#350),#8679,.F.);
#8987=ADVANCED_FACE('',(#351),#8680,.F.);
#8988=ADVANCED_FACE('',(#352),#8681,.F.);
#8989=ADVANCED_FACE('',(#353),#8682,.F.);
#8990=ADVANCED_FACE('',(#354),#8683,.F.);
#8991=ADVANCED_FACE('',(#355),#8684,.F.);
#8992=ADVANCED_FACE('',(#356),#8685,.F.);
#8993=ADVANCED_FACE('',(#357),#8686,.F.);
#8994=ADVANCED_FACE('',(#358),#8687,.F.);
#8995=ADVANCED_FACE('',(#359),#8688,.F.);
#8996=ADVANCED_FACE('',(#360),#8689,.F.);
#8997=ADVANCED_FACE('',(#361),#8690,.F.);
#8998=ADVANCED_FACE('',(#362),#8691,.F.);
#8999=ADVANCED_FACE('',(#363),#8692,.F.);
#9000=ADVANCED_FACE('',(#364),#8693,.F.);
#9001=ADVANCED_FACE('',(#365),#8694,.F.);
#9002=ADVANCED_FACE('',(#366),#8695,.F.);
#9003=ADVANCED_FACE('',(#367),#8696,.F.);
#9004=ADVANCED_FACE('',(#368),#8697,.F.);
#9005=ADVANCED_FACE('',(#369),#8698,.F.);
#9006=ADVANCED_FACE('',(#370),#8699,.F.);
#9007=ADVANCED_FACE('',(#371),#8700,.F.);
#9008=ADVANCED_FACE('',(#372),#8701,.F.);
#9009=ADVANCED_FACE('',(#373),#8702,.F.);
#9010=ADVANCED_FACE('',(#374),#8703,.F.);
#9011=ADVANCED_FACE('',(#375),#8704,.F.);
#9012=ADVANCED_FACE('',(#376),#8705,.F.);
#9013=ADVANCED_FACE('',(#377),#8706,.F.);
#9014=ADVANCED_FACE('',(#378),#8707,.F.);
#9015=ADVANCED_FACE('',(#379),#8708,.F.);
#9016=ADVANCED_FACE('',(#380),#8709,.F.);
#9017=ADVANCED_FACE('',(#381),#8710,.F.);
#9018=ADVANCED_FACE('',(#382),#8711,.F.);
#9019=ADVANCED_FACE('',(#383),#8712,.F.);
#9020=ADVANCED_FACE('',(#384),#8713,.F.);
#9021=ADVANCED_FACE('',(#385),#8714,.F.);
#9022=ADVANCED_FACE('',(#386),#8715,.F.);
#9023=ADVANCED_FACE('',(#387),#8716,.F.);
#9024=ADVANCED_FACE('',(#388),#8717,.F.);
#9025=ADVANCED_FACE('',(#389),#8718,.F.);
#9026=ADVANCED_FACE('',(#390),#8719,.F.);
#9027=ADVANCED_FACE('',(#391),#8720,.F.);
#9028=ADVANCED_FACE('',(#392),#8721,.F.);
#9029=ADVANCED_FACE('',(#393),#8722,.F.);
#9030=ADVANCED_FACE('',(#394),#8723,.F.);
#9031=ADVANCED_FACE('',(#395),#8724,.F.);
#9032=ADVANCED_FACE('',(#396),#8725,.F.);
#9033=ADVANCED_FACE('',(#397),#8726,.F.);
#9034=ADVANCED_FACE('',(#398),#8727,.F.);
#9035=ADVANCED_FACE('',(#399),#8728,.F.);
#9036=ADVANCED_FACE('',(#400),#8729,.F.);
#9037=ADVANCED_FACE('',(#401),#8730,.F.);
#9038=ADVANCED_FACE('',(#402),#8731,.F.);
#9039=ADVANCED_FACE('',(#403),#8732,.F.);
#9040=ADVANCED_FACE('',(#404),#8733,.F.);
#9041=ADVANCED_FACE('',(#405),#8734,.F.);
#9042=ADVANCED_FACE('',(#406),#8735,.F.);
#9043=ADVANCED_FACE('',(#407),#8736,.F.);
#9044=ADVANCED_FACE('',(#408),#8737,.F.);
#9045=ADVANCED_FACE('',(#409),#8738,.F.);
#9046=ADVANCED_FACE('',(#410),#8739,.F.);
#9047=ADVANCED_FACE('',(#411),#8740,.F.);
#9048=ADVANCED_FACE('',(#412),#8741,.F.);
#9049=ADVANCED_FACE('',(#413),#8742,.F.);
#9050=ADVANCED_FACE('',(#414),#8743,.F.);
#9051=ADVANCED_FACE('',(#415),#8744,.F.);
#9052=ADVANCED_FACE('',(#416),#8745,.F.);
#9053=ADVANCED_FACE('',(#417),#8746,.F.);
#9054=ADVANCED_FACE('',(#418),#8747,.F.);
#9055=ADVANCED_FACE('',(#419),#8748,.F.);
#9056=ADVANCED_FACE('',(#420),#8749,.F.);
#9057=ADVANCED_FACE('',(#421),#8750,.F.);
#9058=ADVANCED_FACE('',(#422),#8751,.F.);
#9059=ADVANCED_FACE('',(#423),#8752,.F.);
#9060=ADVANCED_FACE('',(#424),#8753,.F.);
#9061=ADVANCED_FACE('',(#425),#8754,.F.);
#9062=ADVANCED_FACE('',(#426),#8755,.F.);
#9063=ADVANCED_FACE('',(#427),#8756,.F.);
#9064=ADVANCED_FACE('',(#428),#8757,.F.);
#9065=ADVANCED_FACE('',(#429),#8758,.F.);
#9066=ADVANCED_FACE('',(#430),#8759,.F.);
#9067=ADVANCED_FACE('',(#431),#8760,.F.);
#9068=ADVANCED_FACE('',(#432),#8761,.F.);
#9069=ADVANCED_FACE('',(#433),#8762,.F.);
#9070=ADVANCED_FACE('',(#434),#8763,.F.);
#9071=ADVANCED_FACE('',(#435),#8764,.F.);
#9072=ADVANCED_FACE('',(#436),#8765,.F.);
#9073=ADVANCED_FACE('',(#437),#8766,.F.);
#9074=ADVANCED_FACE('',(#438),#8767,.F.);
#9075=ADVANCED_FACE('',(#439),#8768,.F.);
#9076=ADVANCED_FACE('',(#440),#8769,.F.);
#9077=ADVANCED_FACE('',(#441),#8770,.F.);
#9078=ADVANCED_FACE('',(#442),#8771,.F.);
#9079=ADVANCED_FACE('',(#443),#8772,.F.);
#9080=ADVANCED_FACE('',(#444),#8773,.F.);
#9081=ADVANCED_FACE('',(#445),#8774,.F.);
#9082=ADVANCED_FACE('',(#446),#8775,.F.);
#9083=ADVANCED_FACE('',(#447),#8776,.F.);
#9084=ADVANCED_FACE('',(#448),#8777,.F.);
#9085=ADVANCED_FACE('',(#449),#8778,.F.);
#9086=ADVANCED_FACE('',(#450),#8779,.F.);
#9087=ADVANCED_FACE('',(#451),#8780,.F.);
#9088=ADVANCED_FACE('',(#452),#8781,.F.);
#9089=ADVANCED_FACE('',(#453),#8782,.F.);
#9090=ADVANCED_FACE('',(#454),#8783,.F.);
#9091=ADVANCED_FACE('',(#455),#8784,.F.);
#9092=ADVANCED_FACE('',(#456),#8785,.F.);
#9093=ADVANCED_FACE('',(#457),#8786,.F.);
#9094=ADVANCED_FACE('',(#458),#8787,.F.);
#9095=ADVANCED_FACE('',(#459),#8788,.F.);
#9096=ADVANCED_FACE('',(#460),#8789,.F.);
#9097=ADVANCED_FACE('',(#461),#8790,.F.);
#9098=ADVANCED_FACE('',(#462),#8791,.F.);
#9099=ADVANCED_FACE('',(#463),#8792,.F.);
#9100=ADVANCED_FACE('',(#464),#8793,.F.);
#9101=ADVANCED_FACE('',(#465),#8794,.F.);
#9102=ADVANCED_FACE('',(#466),#8795,.F.);
#9103=ADVANCED_FACE('',(#467),#8796,.F.);
#9104=ADVANCED_FACE('',(#468),#8797,.F.);
#9105=ADVANCED_FACE('',(#469),#8798,.F.);
#9106=ADVANCED_FACE('',(#470),#8799,.F.);
#9107=ADVANCED_FACE('',(#471),#8800,.F.);
#9108=ADVANCED_FACE('',(#472),#8801,.F.);
#9109=ADVANCED_FACE('',(#473),#16,.T.);
#9110=ADVANCED_FACE('',(#474),#17,.T.);
#9111=ADVANCED_FACE('',(#475),#18,.T.);
#9112=ADVANCED_FACE('',(#476),#19,.T.);
#9113=ADVANCED_FACE('',(#477),#20,.T.);
#9114=ADVANCED_FACE('',(#478),#21,.T.);
#9115=ADVANCED_FACE('',(#479),#22,.T.);
#9116=ADVANCED_FACE('',(#480),#23,.T.);
#9117=ADVANCED_FACE('',(#481),#24,.T.);
#9118=ADVANCED_FACE('',(#482),#25,.T.);
#9119=ADVANCED_FACE('',(#483),#26,.T.);
#9120=ADVANCED_FACE('',(#484),#27,.T.);
#9121=ADVANCED_FACE('',(#485),#28,.T.);
#9122=ADVANCED_FACE('',(#486),#29,.T.);
#9123=ADVANCED_FACE('',(#487),#30,.T.);
#9124=ADVANCED_FACE('',(#488),#31,.T.);
#9125=ADVANCED_FACE('',(#489),#32,.T.);
#9126=ADVANCED_FACE('',(#490),#33,.T.);
#9127=ADVANCED_FACE('',(#491),#34,.T.);
#9128=ADVANCED_FACE('',(#492),#35,.T.);
#9129=ADVANCED_FACE('',(#493),#36,.T.);
#9130=ADVANCED_FACE('',(#494),#37,.T.);
#9131=ADVANCED_FACE('',(#495),#38,.T.);
#9132=ADVANCED_FACE('',(#496),#39,.T.);
#9133=ADVANCED_FACE('',(#497),#40,.T.);
#9134=ADVANCED_FACE('',(#498),#41,.T.);
#9135=ADVANCED_FACE('',(#499),#42,.T.);
#9136=ADVANCED_FACE('',(#500),#43,.T.);
#9137=ADVANCED_FACE('',(#501),#44,.T.);
#9138=ADVANCED_FACE('',(#502),#45,.T.);
#9139=ADVANCED_FACE('',(#503),#46,.T.);
#9140=ADVANCED_FACE('',(#504),#47,.T.);
#9141=ADVANCED_FACE('',(#505),#48,.T.);
#9142=ADVANCED_FACE('',(#506),#49,.T.);
#9143=ADVANCED_FACE('',(#507),#50,.T.);
#9144=ADVANCED_FACE('',(#508),#51,.T.);
#9145=ADVANCED_FACE('',(#509),#52,.T.);
#9146=ADVANCED_FACE('',(#510),#53,.T.);
#9147=ADVANCED_FACE('',(#511),#54,.T.);
#9148=ADVANCED_FACE('',(#512),#55,.T.);
#9149=ADVANCED_FACE('',(#513),#56,.T.);
#9150=ADVANCED_FACE('',(#514),#57,.T.);
#9151=ADVANCED_FACE('',(#515),#58,.T.);
#9152=ADVANCED_FACE('',(#516),#59,.T.);
#9153=ADVANCED_FACE('',(#517),#60,.T.);
#9154=ADVANCED_FACE('',(#518),#61,.T.);
#9155=ADVANCED_FACE('',(#519),#62,.T.);
#9156=ADVANCED_FACE('',(#520),#63,.T.);
#9157=ADVANCED_FACE('',(#521),#64,.T.);
#9158=ADVANCED_FACE('',(#522),#65,.T.);
#9159=ADVANCED_FACE('',(#523),#66,.T.);
#9160=ADVANCED_FACE('',(#524),#67,.T.);
#9161=ADVANCED_FACE('',(#525),#68,.T.);
#9162=ADVANCED_FACE('',(#526),#69,.T.);
#9163=ADVANCED_FACE('',(#527),#70,.T.);
#9164=ADVANCED_FACE('',(#528),#71,.T.);
#9165=ADVANCED_FACE('',(#529),#72,.T.);
#9166=ADVANCED_FACE('',(#530),#73,.T.);
#9167=ADVANCED_FACE('',(#531),#74,.T.);
#9168=ADVANCED_FACE('',(#532),#75,.T.);
#9169=ADVANCED_FACE('',(#533),#76,.T.);
#9170=ADVANCED_FACE('',(#534),#77,.T.);
#9171=ADVANCED_FACE('',(#535),#78,.T.);
#9172=ADVANCED_FACE('',(#536),#79,.T.);
#9173=ADVANCED_FACE('',(#537),#80,.T.);
#9174=ADVANCED_FACE('',(#538),#81,.T.);
#9175=ADVANCED_FACE('',(#539),#82,.T.);
#9176=ADVANCED_FACE('',(#540),#83,.T.);
#9177=ADVANCED_FACE('',(#541),#84,.T.);
#9178=ADVANCED_FACE('',(#542),#85,.T.);
#9179=ADVANCED_FACE('',(#543),#86,.T.);
#9180=ADVANCED_FACE('',(#544),#87,.T.);
#9181=ADVANCED_FACE('',(#545),#88,.T.);
#9182=ADVANCED_FACE('',(#546),#89,.T.);
#9183=ADVANCED_FACE('',(#547),#90,.T.);
#9184=ADVANCED_FACE('',(#548),#91,.T.);
#9185=ADVANCED_FACE('',(#549),#92,.T.);
#9186=ADVANCED_FACE('',(#550),#93,.T.);
#9187=ADVANCED_FACE('',(#551),#94,.T.);
#9188=ADVANCED_FACE('',(#552),#95,.T.);
#9189=ADVANCED_FACE('',(#553),#96,.T.);
#9190=ADVANCED_FACE('',(#554),#97,.T.);
#9191=ADVANCED_FACE('',(#555),#98,.T.);
#9192=ADVANCED_FACE('',(#556),#99,.T.);
#9193=ADVANCED_FACE('',(#557),#100,.T.);
#9194=ADVANCED_FACE('',(#558),#101,.T.);
#9195=ADVANCED_FACE('',(#559),#102,.T.);
#9196=ADVANCED_FACE('',(#560),#103,.T.);
#9197=ADVANCED_FACE('',(#561),#104,.T.);
#9198=ADVANCED_FACE('',(#562),#105,.T.);
#9199=ADVANCED_FACE('',(#563),#106,.T.);
#9200=ADVANCED_FACE('',(#564),#107,.T.);
#9201=ADVANCED_FACE('',(#565),#108,.T.);
#9202=ADVANCED_FACE('',(#566),#109,.T.);
#9203=ADVANCED_FACE('',(#567),#110,.T.);
#9204=ADVANCED_FACE('',(#568),#111,.T.);
#9205=ADVANCED_FACE('',(#569),#112,.T.);
#9206=ADVANCED_FACE('',(#570),#113,.T.);
#9207=ADVANCED_FACE('',(#571),#114,.T.);
#9208=ADVANCED_FACE('',(#572),#115,.T.);
#9209=ADVANCED_FACE('',(#573),#116,.T.);
#9210=ADVANCED_FACE('',(#574),#117,.T.);
#9211=ADVANCED_FACE('',(#575),#118,.T.);
#9212=ADVANCED_FACE('',(#576),#119,.T.);
#9213=ADVANCED_FACE('',(#577),#120,.T.);
#9214=ADVANCED_FACE('',(#578),#121,.T.);
#9215=ADVANCED_FACE('',(#579),#122,.T.);
#9216=ADVANCED_FACE('',(#580),#123,.T.);
#9217=ADVANCED_FACE('',(#581),#124,.T.);
#9218=ADVANCED_FACE('',(#582),#125,.T.);
#9219=ADVANCED_FACE('',(#583),#126,.T.);
#9220=ADVANCED_FACE('',(#584),#127,.T.);
#9221=ADVANCED_FACE('',(#585),#128,.T.);
#9222=ADVANCED_FACE('',(#586),#129,.T.);
#9223=ADVANCED_FACE('',(#587),#130,.T.);
#9224=ADVANCED_FACE('',(#588),#131,.T.);
#9225=ADVANCED_FACE('',(#589),#132,.T.);
#9226=ADVANCED_FACE('',(#590),#133,.T.);
#9227=ADVANCED_FACE('',(#591),#134,.T.);
#9228=ADVANCED_FACE('',(#592),#135,.T.);
#9229=ADVANCED_FACE('',(#593),#136,.T.);
#9230=ADVANCED_FACE('',(#594),#137,.T.);
#9231=ADVANCED_FACE('',(#595),#138,.T.);
#9232=ADVANCED_FACE('',(#596),#139,.T.);
#9233=ADVANCED_FACE('',(#597),#140,.T.);
#9234=ADVANCED_FACE('',(#598),#141,.T.);
#9235=ADVANCED_FACE('',(#599),#142,.T.);
#9236=ADVANCED_FACE('',(#600),#143,.T.);
#9237=ADVANCED_FACE('',(#601),#144,.T.);
#9238=ADVANCED_FACE('',(#602),#145,.T.);
#9239=ADVANCED_FACE('',(#603),#146,.T.);
#9240=ADVANCED_FACE('',(#604),#147,.T.);
#9241=ADVANCED_FACE('',(#605),#148,.T.);
#9242=ADVANCED_FACE('',(#606),#149,.T.);
#9243=ADVANCED_FACE('',(#607),#150,.T.);
#9244=ADVANCED_FACE('',(#608),#151,.T.);
#9245=ADVANCED_FACE('',(#609),#152,.T.);
#9246=ADVANCED_FACE('',(#610),#153,.T.);
#9247=ADVANCED_FACE('',(#611),#154,.T.);
#9248=ADVANCED_FACE('',(#612),#155,.T.);
#9249=ADVANCED_FACE('',(#613),#156,.T.);
#9250=ADVANCED_FACE('',(#614),#157,.T.);
#9251=ADVANCED_FACE('',(#615),#158,.T.);
#9252=ADVANCED_FACE('',(#616),#159,.T.);
#9253=ADVANCED_FACE('',(#617),#160,.T.);
#9254=ADVANCED_FACE('',(#618),#161,.T.);
#9255=ADVANCED_FACE('',(#619),#162,.T.);
#9256=ADVANCED_FACE('',(#620),#163,.T.);
#9257=ADVANCED_FACE('',(#621),#164,.T.);
#9258=ADVANCED_FACE('',(#622),#8802,.F.);
#9259=ADVANCED_FACE('',(#623),#8803,.F.);
#9260=ADVANCED_FACE('',(#624,#168),#8804,.T.);
#9261=ADVANCED_FACE('',(#625),#165,.T.);
#9262=ADVANCED_FACE('',(#626),#166,.T.);
#9263=CLOSED_SHELL('',(#8805,#8806,#8807,#8808,#8809,#8810,#8811,#8812,
#8813,#8814,#8815,#8816,#8817,#8818,#8819,#8820,#8821,#8822,#8823,#8824,
#8825,#8826,#8827,#8828,#8829,#8830,#8831,#8832,#8833,#8834,#8835,#8836,
#8837,#8838,#8839,#8840,#8841,#8842,#8843,#8844,#8845,#8846,#8847,#8848,
#8849,#8850,#8851,#8852,#8853,#8854,#8855,#8856,#8857,#8858,#8859,#8860,
#8861,#8862,#8863,#8864,#8865,#8866,#8867,#8868,#8869,#8870,#8871,#8872,
#8873,#8874,#8875,#8876,#8877,#8878,#8879,#8880,#8881,#8882,#8883,#8884,
#8885,#8886,#8887,#8888,#8889,#8890,#8891,#8892,#8893,#8894,#8895,#8896,
#8897,#8898,#8899,#8900,#8901,#8902,#8903,#8904,#8905,#8906,#8907,#8908,
#8909,#8910,#8911,#8912,#8913,#8914,#8915,#8916,#8917,#8918,#8919,#8920,
#8921,#8922,#8923,#8924,#8925,#8926,#8927,#8928,#8929,#8930,#8931,#8932,
#8933,#8934,#8935,#8936,#8937,#8938,#8939,#8940,#8941,#8942,#8943,#8944,
#8945,#8946,#8947,#8948,#8949,#8950,#8951,#8952,#8953,#8954,#8955,#8956,
#8957,#8958,#8959,#8960,#8961,#8962,#8963,#8964,#8965,#8966,#8967,#8968,
#8969,#8970,#8971,#8972,#8973,#8974,#8975,#8976,#8977,#8978,#8979,#8980,
#8981,#8982,#8983,#8984,#8985,#8986,#8987,#8988,#8989,#8990,#8991,#8992,
#8993,#8994,#8995,#8996,#8997,#8998,#8999,#9000,#9001,#9002,#9003,#9004,
#9005,#9006,#9007,#9008,#9009,#9010,#9011,#9012,#9013,#9014,#9015,#9016,
#9017,#9018,#9019,#9020,#9021,#9022,#9023,#9024,#9025,#9026,#9027,#9028,
#9029,#9030,#9031,#9032,#9033,#9034,#9035,#9036,#9037,#9038,#9039,#9040,
#9041,#9042,#9043,#9044,#9045,#9046,#9047,#9048,#9049,#9050,#9051,#9052,
#9053,#9054,#9055,#9056,#9057,#9058,#9059,#9060,#9061,#9062,#9063,#9064,
#9065,#9066,#9067,#9068,#9069,#9070,#9071,#9072,#9073,#9074,#9075,#9076,
#9077,#9078,#9079,#9080,#9081,#9082,#9083,#9084,#9085,#9086,#9087,#9088,
#9089,#9090,#9091,#9092,#9093,#9094,#9095,#9096,#9097,#9098,#9099,#9100,
#9101,#9102,#9103,#9104,#9105,#9106,#9107,#9108,#9109,#9110,#9111,#9112,
#9113,#9114,#9115,#9116,#9117,#9118,#9119,#9120,#9121,#9122,#9123,#9124,
#9125,#9126,#9127,#9128,#9129,#9130,#9131,#9132,#9133,#9134,#9135,#9136,
#9137,#9138,#9139,#9140,#9141,#9142,#9143,#9144,#9145,#9146,#9147,#9148,
#9149,#9150,#9151,#9152,#9153,#9154,#9155,#9156,#9157,#9158,#9159,#9160,
#9161,#9162,#9163,#9164,#9165,#9166,#9167,#9168,#9169,#9170,#9171,#9172,
#9173,#9174,#9175,#9176,#9177,#9178,#9179,#9180,#9181,#9182,#9183,#9184,
#9185,#9186,#9187,#9188,#9189,#9190,#9191,#9192,#9193,#9194,#9195,#9196,
#9197,#9198,#9199,#9200,#9201,#9202,#9203,#9204,#9205,#9206,#9207,#9208,
#9209,#9210,#9211,#9212,#9213,#9214,#9215,#9216,#9217,#9218,#9219,#9220,
#9221,#9222,#9223,#9224,#9225,#9226,#9227,#9228,#9229,#9230,#9231,#9232,
#9233,#9234,#9235,#9236,#9237,#9238,#9239,#9240,#9241,#9242,#9243,#9244,
#9245,#9246,#9247,#9248,#9249,#9250,#9251,#9252,#9253,#9254,#9255,#9256,
#9257,#9258,#9259,#9260,#9261,#9262));
#9264=DERIVED_UNIT_ELEMENT(#9266,1.);
#9265=DERIVED_UNIT_ELEMENT(#15372,-3.);
#9266=(
CONVERSION_BASED_UNIT('gram',#9268)
MASS_UNIT()
NAMED_UNIT(#15369)
);
#9267=(
MASS_UNIT()
NAMED_UNIT(*)
SI_UNIT(.KILO.,.GRAM.)
);
#9268=MASS_MEASURE_WITH_UNIT(MASS_MEASURE(0.001),#9267);
#9269=DERIVED_UNIT((#9264,#9265));
#9270=MEASURE_REPRESENTATION_ITEM('density measure',
POSITIVE_RATIO_MEASURE(1.),#9269);
#9271=PROPERTY_DEFINITION_REPRESENTATION(#9276,#9273);
#9272=PROPERTY_DEFINITION_REPRESENTATION(#9277,#9274);
#9273=REPRESENTATION('material name',(#9275),#15366);
#9274=REPRESENTATION('density',(#9270),#15366);
#9275=DESCRIPTIVE_REPRESENTATION_ITEM('Generic','Generic');
#9276=PROPERTY_DEFINITION('material property','material name',#15380);
#9277=PROPERTY_DEFINITION('material property','density of part',#15380);
#9278=DATE_TIME_ROLE('creation_date');
#9279=APPLIED_DATE_AND_TIME_ASSIGNMENT(#9280,#9278,(#15380));
#9280=DATE_AND_TIME(#9281,#9282);
#9281=CALENDAR_DATE(2026,3,3);
#9282=LOCAL_TIME(0,0,0.,#9283);
#9283=COORDINATED_UNIVERSAL_TIME_OFFSET(0,0,.BEHIND.);
#9284=AXIS2_PLACEMENT_3D('',#12635,#10049,#10050);
#9285=AXIS2_PLACEMENT_3D('',#12636,#10051,#10052);
#9286=AXIS2_PLACEMENT_3D('',#12639,#10053,#10054);
#9287=AXIS2_PLACEMENT_3D('',#12642,#10056,#10057);
#9288=AXIS2_PLACEMENT_3D('',#12643,#10058,#10059);
#9289=AXIS2_PLACEMENT_3D('',#12645,#10060,#10061);
#9290=AXIS2_PLACEMENT_3D('',#12647,#10062,#10063);
#9291=AXIS2_PLACEMENT_3D('',#12648,#10064,#10065);
#9292=AXIS2_PLACEMENT_3D('',#12654,#10069,#10070);
#9293=AXIS2_PLACEMENT_3D('',#12656,#10072,#10073);
#9294=AXIS2_PLACEMENT_3D('',#12657,#10074,#10075);
#9295=AXIS2_PLACEMENT_3D('',#12658,#10076,#10077);
#9296=AXIS2_PLACEMENT_3D('',#12667,#10082,#10083);
#9297=AXIS2_PLACEMENT_3D('',#12673,#10087,#10088);
#9298=AXIS2_PLACEMENT_3D('',#12682,#10093,#10094);
#9299=AXIS2_PLACEMENT_3D('',#12688,#10098,#10099);
#9300=AXIS2_PLACEMENT_3D('',#12697,#10104,#10105);
#9301=AXIS2_PLACEMENT_3D('',#12703,#10109,#10110);
#9302=AXIS2_PLACEMENT_3D('',#12712,#10115,#10116);
#9303=AXIS2_PLACEMENT_3D('',#12718,#10120,#10121);
#9304=AXIS2_PLACEMENT_3D('',#12727,#10126,#10127);
#9305=AXIS2_PLACEMENT_3D('',#12733,#10131,#10132);
#9306=AXIS2_PLACEMENT_3D('',#12742,#10137,#10138);
#9307=AXIS2_PLACEMENT_3D('',#12748,#10142,#10143);
#9308=AXIS2_PLACEMENT_3D('',#12757,#10148,#10149);
#9309=AXIS2_PLACEMENT_3D('',#12763,#10153,#10154);
#9310=AXIS2_PLACEMENT_3D('',#12772,#10159,#10160);
#9311=AXIS2_PLACEMENT_3D('',#12778,#10164,#10165);
#9312=AXIS2_PLACEMENT_3D('',#12787,#10170,#10171);
#9313=AXIS2_PLACEMENT_3D('',#12793,#10175,#10176);
#9314=AXIS2_PLACEMENT_3D('',#12802,#10181,#10182);
#9315=AXIS2_PLACEMENT_3D('',#12808,#10186,#10187);
#9316=AXIS2_PLACEMENT_3D('',#12817,#10192,#10193);
#9317=AXIS2_PLACEMENT_3D('',#12823,#10197,#10198);
#9318=AXIS2_PLACEMENT_3D('',#12832,#10203,#10204);
#9319=AXIS2_PLACEMENT_3D('',#12838,#10208,#10209);
#9320=AXIS2_PLACEMENT_3D('',#12847,#10214,#10215);
#9321=AXIS2_PLACEMENT_3D('',#12853,#10219,#10220);
#9322=AXIS2_PLACEMENT_3D('',#12862,#10225,#10226);
#9323=AXIS2_PLACEMENT_3D('',#12868,#10230,#10231);
#9324=AXIS2_PLACEMENT_3D('',#12877,#10236,#10237);
#9325=AXIS2_PLACEMENT_3D('',#12883,#10241,#10242);
#9326=AXIS2_PLACEMENT_3D('',#12892,#10247,#10248);
#9327=AXIS2_PLACEMENT_3D('',#12898,#10252,#10253);
#9328=AXIS2_PLACEMENT_3D('',#12907,#10258,#10259);
#9329=AXIS2_PLACEMENT_3D('',#12913,#10263,#10264);
#9330=AXIS2_PLACEMENT_3D('',#12922,#10269,#10270);
#9331=AXIS2_PLACEMENT_3D('',#12928,#10274,#10275);
#9332=AXIS2_PLACEMENT_3D('',#12937,#10280,#10281);
#9333=AXIS2_PLACEMENT_3D('',#12943,#10285,#10286);
#9334=AXIS2_PLACEMENT_3D('',#12952,#10291,#10292);
#9335=AXIS2_PLACEMENT_3D('',#12958,#10296,#10297);
#9336=AXIS2_PLACEMENT_3D('',#12967,#10302,#10303);
#9337=AXIS2_PLACEMENT_3D('',#12973,#10307,#10308);
#9338=AXIS2_PLACEMENT_3D('',#12982,#10313,#10314);
#9339=AXIS2_PLACEMENT_3D('',#12988,#10318,#10319);
#9340=AXIS2_PLACEMENT_3D('',#12997,#10324,#10325);
#9341=AXIS2_PLACEMENT_3D('',#13003,#10329,#10330);
#9342=AXIS2_PLACEMENT_3D('',#13012,#10335,#10336);
#9343=AXIS2_PLACEMENT_3D('',#13018,#10340,#10341);
#9344=AXIS2_PLACEMENT_3D('',#13027,#10346,#10347);
#9345=AXIS2_PLACEMENT_3D('',#13033,#10351,#10352);
#9346=AXIS2_PLACEMENT_3D('',#13042,#10357,#10358);
#9347=AXIS2_PLACEMENT_3D('',#13048,#10362,#10363);
#9348=AXIS2_PLACEMENT_3D('',#13057,#10368,#10369);
#9349=AXIS2_PLACEMENT_3D('',#13063,#10373,#10374);
#9350=AXIS2_PLACEMENT_3D('',#13072,#10379,#10380);
#9351=AXIS2_PLACEMENT_3D('',#13078,#10384,#10385);
#9352=AXIS2_PLACEMENT_3D('',#13087,#10390,#10391);
#9353=AXIS2_PLACEMENT_3D('',#13093,#10395,#10396);
#9354=AXIS2_PLACEMENT_3D('',#13102,#10401,#10402);
#9355=AXIS2_PLACEMENT_3D('',#13108,#10406,#10407);
#9356=AXIS2_PLACEMENT_3D('',#13117,#10412,#10413);
#9357=AXIS2_PLACEMENT_3D('',#13123,#10417,#10418);
#9358=AXIS2_PLACEMENT_3D('',#13132,#10423,#10424);
#9359=AXIS2_PLACEMENT_3D('',#13138,#10428,#10429);
#9360=AXIS2_PLACEMENT_3D('',#13147,#10434,#10435);
#9361=AXIS2_PLACEMENT_3D('',#13153,#10439,#10440);
#9362=AXIS2_PLACEMENT_3D('',#13162,#10445,#10446);
#9363=AXIS2_PLACEMENT_3D('',#13168,#10450,#10451);
#9364=AXIS2_PLACEMENT_3D('',#13177,#10456,#10457);
#9365=AXIS2_PLACEMENT_3D('',#13183,#10461,#10462);
#9366=AXIS2_PLACEMENT_3D('',#13192,#10467,#10468);
#9367=AXIS2_PLACEMENT_3D('',#13198,#10472,#10473);
#9368=AXIS2_PLACEMENT_3D('',#13207,#10478,#10479);
#9369=AXIS2_PLACEMENT_3D('',#13213,#10483,#10484);
#9370=AXIS2_PLACEMENT_3D('',#13222,#10489,#10490);
#9371=AXIS2_PLACEMENT_3D('',#13228,#10494,#10495);
#9372=AXIS2_PLACEMENT_3D('',#13237,#10500,#10501);
#9373=AXIS2_PLACEMENT_3D('',#13243,#10505,#10506);
#9374=AXIS2_PLACEMENT_3D('',#13252,#10511,#10512);
#9375=AXIS2_PLACEMENT_3D('',#13258,#10516,#10517);
#9376=AXIS2_PLACEMENT_3D('',#13267,#10522,#10523);
#9377=AXIS2_PLACEMENT_3D('',#13273,#10527,#10528);
#9378=AXIS2_PLACEMENT_3D('',#13282,#10533,#10534);
#9379=AXIS2_PLACEMENT_3D('',#13288,#10538,#10539);
#9380=AXIS2_PLACEMENT_3D('',#13297,#10544,#10545);
#9381=AXIS2_PLACEMENT_3D('',#13303,#10549,#10550);
#9382=AXIS2_PLACEMENT_3D('',#13312,#10555,#10556);
#9383=AXIS2_PLACEMENT_3D('',#13318,#10560,#10561);
#9384=AXIS2_PLACEMENT_3D('',#13327,#10566,#10567);
#9385=AXIS2_PLACEMENT_3D('',#13333,#10571,#10572);
#9386=AXIS2_PLACEMENT_3D('',#13342,#10577,#10578);
#9387=AXIS2_PLACEMENT_3D('',#13348,#10582,#10583);
#9388=AXIS2_PLACEMENT_3D('',#13357,#10588,#10589);
#9389=AXIS2_PLACEMENT_3D('',#13363,#10593,#10594);
#9390=AXIS2_PLACEMENT_3D('',#13372,#10599,#10600);
#9391=AXIS2_PLACEMENT_3D('',#13378,#10604,#10605);
#9392=AXIS2_PLACEMENT_3D('',#13387,#10610,#10611);
#9393=AXIS2_PLACEMENT_3D('',#13393,#10615,#10616);
#9394=AXIS2_PLACEMENT_3D('',#13402,#10621,#10622);
#9395=AXIS2_PLACEMENT_3D('',#13408,#10626,#10627);
#9396=AXIS2_PLACEMENT_3D('',#13417,#10632,#10633);
#9397=AXIS2_PLACEMENT_3D('',#13423,#10637,#10638);
#9398=AXIS2_PLACEMENT_3D('',#13432,#10643,#10644);
#9399=AXIS2_PLACEMENT_3D('',#13438,#10648,#10649);
#9400=AXIS2_PLACEMENT_3D('',#13447,#10654,#10655);
#9401=AXIS2_PLACEMENT_3D('',#13453,#10659,#10660);
#9402=AXIS2_PLACEMENT_3D('',#13462,#10665,#10666);
#9403=AXIS2_PLACEMENT_3D('',#13468,#10670,#10671);
#9404=AXIS2_PLACEMENT_3D('',#13477,#10676,#10677);
#9405=AXIS2_PLACEMENT_3D('',#13483,#10681,#10682);
#9406=AXIS2_PLACEMENT_3D('',#13492,#10687,#10688);
#9407=AXIS2_PLACEMENT_3D('',#13498,#10692,#10693);
#9408=AXIS2_PLACEMENT_3D('',#13507,#10698,#10699);
#9409=AXIS2_PLACEMENT_3D('',#13513,#10703,#10704);
#9410=AXIS2_PLACEMENT_3D('',#13522,#10709,#10710);
#9411=AXIS2_PLACEMENT_3D('',#13528,#10714,#10715);
#9412=AXIS2_PLACEMENT_3D('',#13537,#10720,#10721);
#9413=AXIS2_PLACEMENT_3D('',#13543,#10725,#10726);
#9414=AXIS2_PLACEMENT_3D('',#13552,#10731,#10732);
#9415=AXIS2_PLACEMENT_3D('',#13558,#10736,#10737);
#9416=AXIS2_PLACEMENT_3D('',#13567,#10742,#10743);
#9417=AXIS2_PLACEMENT_3D('',#13573,#10747,#10748);
#9418=AXIS2_PLACEMENT_3D('',#13582,#10753,#10754);
#9419=AXIS2_PLACEMENT_3D('',#13588,#10758,#10759);
#9420=AXIS2_PLACEMENT_3D('',#13597,#10764,#10765);
#9421=AXIS2_PLACEMENT_3D('',#13603,#10769,#10770);
#9422=AXIS2_PLACEMENT_3D('',#13612,#10775,#10776);
#9423=AXIS2_PLACEMENT_3D('',#13618,#10780,#10781);
#9424=AXIS2_PLACEMENT_3D('',#13627,#10786,#10787);
#9425=AXIS2_PLACEMENT_3D('',#13633,#10791,#10792);
#9426=AXIS2_PLACEMENT_3D('',#13642,#10797,#10798);
#9427=AXIS2_PLACEMENT_3D('',#13648,#10802,#10803);
#9428=AXIS2_PLACEMENT_3D('',#13657,#10808,#10809);
#9429=AXIS2_PLACEMENT_3D('',#13663,#10813,#10814);
#9430=AXIS2_PLACEMENT_3D('',#13672,#10819,#10820);
#9431=AXIS2_PLACEMENT_3D('',#13678,#10824,#10825);
#9432=AXIS2_PLACEMENT_3D('',#13687,#10830,#10831);
#9433=AXIS2_PLACEMENT_3D('',#13693,#10835,#10836);
#9434=AXIS2_PLACEMENT_3D('',#13702,#10841,#10842);
#9435=AXIS2_PLACEMENT_3D('',#13708,#10846,#10847);
#9436=AXIS2_PLACEMENT_3D('',#13717,#10852,#10853);
#9437=AXIS2_PLACEMENT_3D('',#13723,#10857,#10858);
#9438=AXIS2_PLACEMENT_3D('',#13732,#10863,#10864);
#9439=AXIS2_PLACEMENT_3D('',#13738,#10868,#10869);
#9440=AXIS2_PLACEMENT_3D('',#13747,#10874,#10875);
#9441=AXIS2_PLACEMENT_3D('',#13753,#10879,#10880);
#9442=AXIS2_PLACEMENT_3D('',#13762,#10885,#10886);
#9443=AXIS2_PLACEMENT_3D('',#13768,#10890,#10891);
#9444=AXIS2_PLACEMENT_3D('',#13777,#10896,#10897);
#9445=AXIS2_PLACEMENT_3D('',#13783,#10901,#10902);
#9446=AXIS2_PLACEMENT_3D('',#13792,#10907,#10908);
#9447=AXIS2_PLACEMENT_3D('',#13798,#10912,#10913);
#9448=AXIS2_PLACEMENT_3D('',#13807,#10918,#10919);
#9449=AXIS2_PLACEMENT_3D('',#13813,#10923,#10924);
#9450=AXIS2_PLACEMENT_3D('',#13822,#10929,#10930);
#9451=AXIS2_PLACEMENT_3D('',#13828,#10934,#10935);
#9452=AXIS2_PLACEMENT_3D('',#13837,#10940,#10941);
#9453=AXIS2_PLACEMENT_3D('',#13843,#10945,#10946);
#9454=AXIS2_PLACEMENT_3D('',#13852,#10951,#10952);
#9455=AXIS2_PLACEMENT_3D('',#13858,#10956,#10957);
#9456=AXIS2_PLACEMENT_3D('',#13867,#10962,#10963);
#9457=AXIS2_PLACEMENT_3D('',#13873,#10967,#10968);
#9458=AXIS2_PLACEMENT_3D('',#13882,#10973,#10974);
#9459=AXIS2_PLACEMENT_3D('',#13888,#10978,#10979);
#9460=AXIS2_PLACEMENT_3D('',#13897,#10984,#10985);
#9461=AXIS2_PLACEMENT_3D('',#13903,#10989,#10990);
#9462=AXIS2_PLACEMENT_3D('',#13912,#10995,#10996);
#9463=AXIS2_PLACEMENT_3D('',#13918,#11000,#11001);
#9464=AXIS2_PLACEMENT_3D('',#13927,#11006,#11007);
#9465=AXIS2_PLACEMENT_3D('',#13933,#11011,#11012);
#9466=AXIS2_PLACEMENT_3D('',#13942,#11017,#11018);
#9467=AXIS2_PLACEMENT_3D('',#13948,#11022,#11023);
#9468=AXIS2_PLACEMENT_3D('',#13957,#11028,#11029);
#9469=AXIS2_PLACEMENT_3D('',#13963,#11033,#11034);
#9470=AXIS2_PLACEMENT_3D('',#13972,#11039,#11040);
#9471=AXIS2_PLACEMENT_3D('',#13978,#11044,#11045);
#9472=AXIS2_PLACEMENT_3D('',#13987,#11050,#11051);
#9473=AXIS2_PLACEMENT_3D('',#13993,#11055,#11056);
#9474=AXIS2_PLACEMENT_3D('',#14002,#11061,#11062);
#9475=AXIS2_PLACEMENT_3D('',#14008,#11066,#11067);
#9476=AXIS2_PLACEMENT_3D('',#14017,#11072,#11073);
#9477=AXIS2_PLACEMENT_3D('',#14023,#11077,#11078);
#9478=AXIS2_PLACEMENT_3D('',#14032,#11083,#11084);
#9479=AXIS2_PLACEMENT_3D('',#14038,#11088,#11089);
#9480=AXIS2_PLACEMENT_3D('',#14047,#11094,#11095);
#9481=AXIS2_PLACEMENT_3D('',#14053,#11099,#11100);
#9482=AXIS2_PLACEMENT_3D('',#14062,#11105,#11106);
#9483=AXIS2_PLACEMENT_3D('',#14068,#11110,#11111);
#9484=AXIS2_PLACEMENT_3D('',#14077,#11116,#11117);
#9485=AXIS2_PLACEMENT_3D('',#14083,#11121,#11122);
#9486=AXIS2_PLACEMENT_3D('',#14092,#11127,#11128);
#9487=AXIS2_PLACEMENT_3D('',#14098,#11132,#11133);
#9488=AXIS2_PLACEMENT_3D('',#14107,#11138,#11139);
#9489=AXIS2_PLACEMENT_3D('',#14113,#11143,#11144);
#9490=AXIS2_PLACEMENT_3D('',#14122,#11149,#11150);
#9491=AXIS2_PLACEMENT_3D('',#14128,#11154,#11155);
#9492=AXIS2_PLACEMENT_3D('',#14137,#11160,#11161);
#9493=AXIS2_PLACEMENT_3D('',#14143,#11165,#11166);
#9494=AXIS2_PLACEMENT_3D('',#14152,#11171,#11172);
#9495=AXIS2_PLACEMENT_3D('',#14158,#11176,#11177);
#9496=AXIS2_PLACEMENT_3D('',#14167,#11182,#11183);
#9497=AXIS2_PLACEMENT_3D('',#14173,#11187,#11188);
#9498=AXIS2_PLACEMENT_3D('',#14182,#11193,#11194);
#9499=AXIS2_PLACEMENT_3D('',#14188,#11198,#11199);
#9500=AXIS2_PLACEMENT_3D('',#14197,#11204,#11205);
#9501=AXIS2_PLACEMENT_3D('',#14203,#11209,#11210);
#9502=AXIS2_PLACEMENT_3D('',#14212,#11215,#11216);
#9503=AXIS2_PLACEMENT_3D('',#14218,#11220,#11221);
#9504=AXIS2_PLACEMENT_3D('',#14227,#11226,#11227);
#9505=AXIS2_PLACEMENT_3D('',#14233,#11231,#11232);
#9506=AXIS2_PLACEMENT_3D('',#14242,#11237,#11238);
#9507=AXIS2_PLACEMENT_3D('',#14248,#11242,#11243);
#9508=AXIS2_PLACEMENT_3D('',#14257,#11248,#11249);
#9509=AXIS2_PLACEMENT_3D('',#14263,#11253,#11254);
#9510=AXIS2_PLACEMENT_3D('',#14272,#11259,#11260);
#9511=AXIS2_PLACEMENT_3D('',#14278,#11264,#11265);
#9512=AXIS2_PLACEMENT_3D('',#14287,#11270,#11271);
#9513=AXIS2_PLACEMENT_3D('',#14293,#11275,#11276);
#9514=AXIS2_PLACEMENT_3D('',#14302,#11281,#11282);
#9515=AXIS2_PLACEMENT_3D('',#14308,#11286,#11287);
#9516=AXIS2_PLACEMENT_3D('',#14317,#11292,#11293);
#9517=AXIS2_PLACEMENT_3D('',#14323,#11297,#11298);
#9518=AXIS2_PLACEMENT_3D('',#14332,#11303,#11304);
#9519=AXIS2_PLACEMENT_3D('',#14338,#11308,#11309);
#9520=AXIS2_PLACEMENT_3D('',#14347,#11314,#11315);
#9521=AXIS2_PLACEMENT_3D('',#14353,#11319,#11320);
#9522=AXIS2_PLACEMENT_3D('',#14362,#11325,#11326);
#9523=AXIS2_PLACEMENT_3D('',#14368,#11330,#11331);
#9524=AXIS2_PLACEMENT_3D('',#14377,#11336,#11337);
#9525=AXIS2_PLACEMENT_3D('',#14383,#11341,#11342);
#9526=AXIS2_PLACEMENT_3D('',#14392,#11347,#11348);
#9527=AXIS2_PLACEMENT_3D('',#14398,#11352,#11353);
#9528=AXIS2_PLACEMENT_3D('',#14407,#11358,#11359);
#9529=AXIS2_PLACEMENT_3D('',#14413,#11363,#11364);
#9530=AXIS2_PLACEMENT_3D('',#14422,#11369,#11370);
#9531=AXIS2_PLACEMENT_3D('',#14428,#11374,#11375);
#9532=AXIS2_PLACEMENT_3D('',#14437,#11380,#11381);
#9533=AXIS2_PLACEMENT_3D('',#14443,#11385,#11386);
#9534=AXIS2_PLACEMENT_3D('',#14452,#11391,#11392);
#9535=AXIS2_PLACEMENT_3D('',#14458,#11396,#11397);
#9536=AXIS2_PLACEMENT_3D('',#14467,#11402,#11403);
#9537=AXIS2_PLACEMENT_3D('',#14473,#11407,#11408);
#9538=AXIS2_PLACEMENT_3D('',#14482,#11413,#11414);
#9539=AXIS2_PLACEMENT_3D('',#14488,#11418,#11419);
#9540=AXIS2_PLACEMENT_3D('',#14497,#11424,#11425);
#9541=AXIS2_PLACEMENT_3D('',#14503,#11429,#11430);
#9542=AXIS2_PLACEMENT_3D('',#14512,#11435,#11436);
#9543=AXIS2_PLACEMENT_3D('',#14518,#11440,#11441);
#9544=AXIS2_PLACEMENT_3D('',#14527,#11446,#11447);
#9545=AXIS2_PLACEMENT_3D('',#14533,#11451,#11452);
#9546=AXIS2_PLACEMENT_3D('',#14542,#11457,#11458);
#9547=AXIS2_PLACEMENT_3D('',#14548,#11462,#11463);
#9548=AXIS2_PLACEMENT_3D('',#14557,#11468,#11469);
#9549=AXIS2_PLACEMENT_3D('',#14563,#11473,#11474);
#9550=AXIS2_PLACEMENT_3D('',#14572,#11479,#11480);
#9551=AXIS2_PLACEMENT_3D('',#14578,#11484,#11485);
#9552=AXIS2_PLACEMENT_3D('',#14587,#11490,#11491);
#9553=AXIS2_PLACEMENT_3D('',#14593,#11495,#11496);
#9554=AXIS2_PLACEMENT_3D('',#14602,#11501,#11502);
#9555=AXIS2_PLACEMENT_3D('',#14608,#11506,#11507);
#9556=AXIS2_PLACEMENT_3D('',#14617,#11512,#11513);
#9557=AXIS2_PLACEMENT_3D('',#14623,#11517,#11518);
#9558=AXIS2_PLACEMENT_3D('',#14632,#11523,#11524);
#9559=AXIS2_PLACEMENT_3D('',#14638,#11528,#11529);
#9560=AXIS2_PLACEMENT_3D('',#14647,#11534,#11535);
#9561=AXIS2_PLACEMENT_3D('',#14653,#11539,#11540);
#9562=AXIS2_PLACEMENT_3D('',#14662,#11545,#11546);
#9563=AXIS2_PLACEMENT_3D('',#14668,#11550,#11551);
#9564=AXIS2_PLACEMENT_3D('',#14677,#11556,#11557);
#9565=AXIS2_PLACEMENT_3D('',#14683,#11561,#11562);
#9566=AXIS2_PLACEMENT_3D('',#14692,#11567,#11568);
#9567=AXIS2_PLACEMENT_3D('',#14698,#11572,#11573);
#9568=AXIS2_PLACEMENT_3D('',#14707,#11578,#11579);
#9569=AXIS2_PLACEMENT_3D('',#14713,#11583,#11584);
#9570=AXIS2_PLACEMENT_3D('',#14722,#11589,#11590);
#9571=AXIS2_PLACEMENT_3D('',#14728,#11594,#11595);
#9572=AXIS2_PLACEMENT_3D('',#14737,#11600,#11601);
#9573=AXIS2_PLACEMENT_3D('',#14743,#11605,#11606);
#9574=AXIS2_PLACEMENT_3D('',#14752,#11611,#11612);
#9575=AXIS2_PLACEMENT_3D('',#14758,#11616,#11617);
#9576=AXIS2_PLACEMENT_3D('',#14767,#11622,#11623);
#9577=AXIS2_PLACEMENT_3D('',#14773,#11627,#11628);
#9578=AXIS2_PLACEMENT_3D('',#14782,#11633,#11634);
#9579=AXIS2_PLACEMENT_3D('',#14788,#11638,#11639);
#9580=AXIS2_PLACEMENT_3D('',#14797,#11644,#11645);
#9581=AXIS2_PLACEMENT_3D('',#14803,#11649,#11650);
#9582=AXIS2_PLACEMENT_3D('',#14812,#11655,#11656);
#9583=AXIS2_PLACEMENT_3D('',#14818,#11660,#11661);
#9584=AXIS2_PLACEMENT_3D('',#14827,#11666,#11667);
#9585=AXIS2_PLACEMENT_3D('',#14833,#11671,#11672);
#9586=AXIS2_PLACEMENT_3D('',#14842,#11677,#11678);
#9587=AXIS2_PLACEMENT_3D('',#14848,#11682,#11683);
#9588=AXIS2_PLACEMENT_3D('',#14857,#11688,#11689);
#9589=AXIS2_PLACEMENT_3D('',#14863,#11693,#11694);
#9590=AXIS2_PLACEMENT_3D('',#14872,#11699,#11700);
#9591=AXIS2_PLACEMENT_3D('',#14878,#11704,#11705);
#9592=AXIS2_PLACEMENT_3D('',#14887,#11710,#11711);
#9593=AXIS2_PLACEMENT_3D('',#14893,#11715,#11716);
#9594=AXIS2_PLACEMENT_3D('',#14894,#11717,#11718);
#9595=AXIS2_PLACEMENT_3D('',#14895,#11719,#11720);
#9596=AXIS2_PLACEMENT_3D('',#14896,#11721,#11722);
#9597=AXIS2_PLACEMENT_3D('',#14897,#11723,#11724);
#9598=AXIS2_PLACEMENT_3D('',#14898,#11725,#11726);
#9599=AXIS2_PLACEMENT_3D('',#14899,#11727,#11728);
#9600=AXIS2_PLACEMENT_3D('',#14900,#11729,#11730);
#9601=AXIS2_PLACEMENT_3D('',#14901,#11731,#11732);
#9602=AXIS2_PLACEMENT_3D('',#14902,#11733,#11734);
#9603=AXIS2_PLACEMENT_3D('',#14903,#11735,#11736);
#9604=AXIS2_PLACEMENT_3D('',#14904,#11737,#11738);
#9605=AXIS2_PLACEMENT_3D('',#14905,#11739,#11740);
#9606=AXIS2_PLACEMENT_3D('',#14906,#11741,#11742);
#9607=AXIS2_PLACEMENT_3D('',#14907,#11743,#11744);
#9608=AXIS2_PLACEMENT_3D('',#14908,#11745,#11746);
#9609=AXIS2_PLACEMENT_3D('',#14909,#11747,#11748);
#9610=AXIS2_PLACEMENT_3D('',#14910,#11749,#11750);
#9611=AXIS2_PLACEMENT_3D('',#14911,#11751,#11752);
#9612=AXIS2_PLACEMENT_3D('',#14912,#11753,#11754);
#9613=AXIS2_PLACEMENT_3D('',#14913,#11755,#11756);
#9614=AXIS2_PLACEMENT_3D('',#14914,#11757,#11758);
#9615=AXIS2_PLACEMENT_3D('',#14915,#11759,#11760);
#9616=AXIS2_PLACEMENT_3D('',#14916,#11761,#11762);
#9617=AXIS2_PLACEMENT_3D('',#14917,#11763,#11764);
#9618=AXIS2_PLACEMENT_3D('',#14918,#11765,#11766);
#9619=AXIS2_PLACEMENT_3D('',#14919,#11767,#11768);
#9620=AXIS2_PLACEMENT_3D('',#14920,#11769,#11770);
#9621=AXIS2_PLACEMENT_3D('',#14921,#11771,#11772);
#9622=AXIS2_PLACEMENT_3D('',#14922,#11773,#11774);
#9623=AXIS2_PLACEMENT_3D('',#14923,#11775,#11776);
#9624=AXIS2_PLACEMENT_3D('',#14924,#11777,#11778);
#9625=AXIS2_PLACEMENT_3D('',#14925,#11779,#11780);
#9626=AXIS2_PLACEMENT_3D('',#14926,#11781,#11782);
#9627=AXIS2_PLACEMENT_3D('',#14927,#11783,#11784);
#9628=AXIS2_PLACEMENT_3D('',#14928,#11785,#11786);
#9629=AXIS2_PLACEMENT_3D('',#14929,#11787,#11788);
#9630=AXIS2_PLACEMENT_3D('',#14930,#11789,#11790);
#9631=AXIS2_PLACEMENT_3D('',#14931,#11791,#11792);
#9632=AXIS2_PLACEMENT_3D('',#14932,#11793,#11794);
#9633=AXIS2_PLACEMENT_3D('',#14933,#11795,#11796);
#9634=AXIS2_PLACEMENT_3D('',#14934,#11797,#11798);
#9635=AXIS2_PLACEMENT_3D('',#14935,#11799,#11800);
#9636=AXIS2_PLACEMENT_3D('',#14936,#11801,#11802);
#9637=AXIS2_PLACEMENT_3D('',#14937,#11803,#11804);
#9638=AXIS2_PLACEMENT_3D('',#14938,#11805,#11806);
#9639=AXIS2_PLACEMENT_3D('',#14939,#11807,#11808);
#9640=AXIS2_PLACEMENT_3D('',#14940,#11809,#11810);
#9641=AXIS2_PLACEMENT_3D('',#14941,#11811,#11812);
#9642=AXIS2_PLACEMENT_3D('',#14942,#11813,#11814);
#9643=AXIS2_PLACEMENT_3D('',#14943,#11815,#11816);
#9644=AXIS2_PLACEMENT_3D('',#14944,#11817,#11818);
#9645=AXIS2_PLACEMENT_3D('',#14945,#11819,#11820);
#9646=AXIS2_PLACEMENT_3D('',#14946,#11821,#11822);
#9647=AXIS2_PLACEMENT_3D('',#14947,#11823,#11824);
#9648=AXIS2_PLACEMENT_3D('',#14948,#11825,#11826);
#9649=AXIS2_PLACEMENT_3D('',#14949,#11827,#11828);
#9650=AXIS2_PLACEMENT_3D('',#14950,#11829,#11830);
#9651=AXIS2_PLACEMENT_3D('',#14951,#11831,#11832);
#9652=AXIS2_PLACEMENT_3D('',#14952,#11833,#11834);
#9653=AXIS2_PLACEMENT_3D('',#14953,#11835,#11836);
#9654=AXIS2_PLACEMENT_3D('',#14954,#11837,#11838);
#9655=AXIS2_PLACEMENT_3D('',#14955,#11839,#11840);
#9656=AXIS2_PLACEMENT_3D('',#14956,#11841,#11842);
#9657=AXIS2_PLACEMENT_3D('',#14957,#11843,#11844);
#9658=AXIS2_PLACEMENT_3D('',#14958,#11845,#11846);
#9659=AXIS2_PLACEMENT_3D('',#14959,#11847,#11848);
#9660=AXIS2_PLACEMENT_3D('',#14960,#11849,#11850);
#9661=AXIS2_PLACEMENT_3D('',#14961,#11851,#11852);
#9662=AXIS2_PLACEMENT_3D('',#14962,#11853,#11854);
#9663=AXIS2_PLACEMENT_3D('',#14963,#11855,#11856);
#9664=AXIS2_PLACEMENT_3D('',#14964,#11857,#11858);
#9665=AXIS2_PLACEMENT_3D('',#14965,#11859,#11860);
#9666=AXIS2_PLACEMENT_3D('',#14966,#11861,#11862);
#9667=AXIS2_PLACEMENT_3D('',#14967,#11863,#11864);
#9668=AXIS2_PLACEMENT_3D('',#14968,#11865,#11866);
#9669=AXIS2_PLACEMENT_3D('',#14969,#11867,#11868);
#9670=AXIS2_PLACEMENT_3D('',#14970,#11869,#11870);
#9671=AXIS2_PLACEMENT_3D('',#14971,#11871,#11872);
#9672=AXIS2_PLACEMENT_3D('',#14972,#11873,#11874);
#9673=AXIS2_PLACEMENT_3D('',#14973,#11875,#11876);
#9674=AXIS2_PLACEMENT_3D('',#14974,#11877,#11878);
#9675=AXIS2_PLACEMENT_3D('',#14975,#11879,#11880);
#9676=AXIS2_PLACEMENT_3D('',#14976,#11881,#11882);
#9677=AXIS2_PLACEMENT_3D('',#14977,#11883,#11884);
#9678=AXIS2_PLACEMENT_3D('',#14978,#11885,#11886);
#9679=AXIS2_PLACEMENT_3D('',#14979,#11887,#11888);
#9680=AXIS2_PLACEMENT_3D('',#14980,#11889,#11890);
#9681=AXIS2_PLACEMENT_3D('',#14981,#11891,#11892);
#9682=AXIS2_PLACEMENT_3D('',#14982,#11893,#11894);
#9683=AXIS2_PLACEMENT_3D('',#14983,#11895,#11896);
#9684=AXIS2_PLACEMENT_3D('',#14984,#11897,#11898);
#9685=AXIS2_PLACEMENT_3D('',#14985,#11899,#11900);
#9686=AXIS2_PLACEMENT_3D('',#14986,#11901,#11902);
#9687=AXIS2_PLACEMENT_3D('',#14987,#11903,#11904);
#9688=AXIS2_PLACEMENT_3D('',#14988,#11905,#11906);
#9689=AXIS2_PLACEMENT_3D('',#14989,#11907,#11908);
#9690=AXIS2_PLACEMENT_3D('',#14990,#11909,#11910);
#9691=AXIS2_PLACEMENT_3D('',#14991,#11911,#11912);
#9692=AXIS2_PLACEMENT_3D('',#14992,#11913,#11914);
#9693=AXIS2_PLACEMENT_3D('',#14993,#11915,#11916);
#9694=AXIS2_PLACEMENT_3D('',#14994,#11917,#11918);
#9695=AXIS2_PLACEMENT_3D('',#14995,#11919,#11920);
#9696=AXIS2_PLACEMENT_3D('',#14996,#11921,#11922);
#9697=AXIS2_PLACEMENT_3D('',#14997,#11923,#11924);
#9698=AXIS2_PLACEMENT_3D('',#14998,#11925,#11926);
#9699=AXIS2_PLACEMENT_3D('',#14999,#11927,#11928);
#9700=AXIS2_PLACEMENT_3D('',#15000,#11929,#11930);
#9701=AXIS2_PLACEMENT_3D('',#15001,#11931,#11932);
#9702=AXIS2_PLACEMENT_3D('',#15002,#11933,#11934);
#9703=AXIS2_PLACEMENT_3D('',#15003,#11935,#11936);
#9704=AXIS2_PLACEMENT_3D('',#15004,#11937,#11938);
#9705=AXIS2_PLACEMENT_3D('',#15005,#11939,#11940);
#9706=AXIS2_PLACEMENT_3D('',#15006,#11941,#11942);
#9707=AXIS2_PLACEMENT_3D('',#15007,#11943,#11944);
#9708=AXIS2_PLACEMENT_3D('',#15008,#11945,#11946);
#9709=AXIS2_PLACEMENT_3D('',#15009,#11947,#11948);
#9710=AXIS2_PLACEMENT_3D('',#15010,#11949,#11950);
#9711=AXIS2_PLACEMENT_3D('',#15011,#11951,#11952);
#9712=AXIS2_PLACEMENT_3D('',#15012,#11953,#11954);
#9713=AXIS2_PLACEMENT_3D('',#15013,#11955,#11956);
#9714=AXIS2_PLACEMENT_3D('',#15014,#11957,#11958);
#9715=AXIS2_PLACEMENT_3D('',#15015,#11959,#11960);
#9716=AXIS2_PLACEMENT_3D('',#15016,#11961,#11962);
#9717=AXIS2_PLACEMENT_3D('',#15017,#11963,#11964);
#9718=AXIS2_PLACEMENT_3D('',#15018,#11965,#11966);
#9719=AXIS2_PLACEMENT_3D('',#15019,#11967,#11968);
#9720=AXIS2_PLACEMENT_3D('',#15020,#11969,#11970);
#9721=AXIS2_PLACEMENT_3D('',#15021,#11971,#11972);
#9722=AXIS2_PLACEMENT_3D('',#15022,#11973,#11974);
#9723=AXIS2_PLACEMENT_3D('',#15023,#11975,#11976);
#9724=AXIS2_PLACEMENT_3D('',#15024,#11977,#11978);
#9725=AXIS2_PLACEMENT_3D('',#15025,#11979,#11980);
#9726=AXIS2_PLACEMENT_3D('',#15026,#11981,#11982);
#9727=AXIS2_PLACEMENT_3D('',#15027,#11983,#11984);
#9728=AXIS2_PLACEMENT_3D('',#15028,#11985,#11986);
#9729=AXIS2_PLACEMENT_3D('',#15029,#11987,#11988);
#9730=AXIS2_PLACEMENT_3D('',#15030,#11989,#11990);
#9731=AXIS2_PLACEMENT_3D('',#15031,#11991,#11992);
#9732=AXIS2_PLACEMENT_3D('',#15032,#11993,#11994);
#9733=AXIS2_PLACEMENT_3D('',#15033,#11995,#11996);
#9734=AXIS2_PLACEMENT_3D('',#15034,#11997,#11998);
#9735=AXIS2_PLACEMENT_3D('',#15035,#11999,#12000);
#9736=AXIS2_PLACEMENT_3D('',#15036,#12001,#12002);
#9737=AXIS2_PLACEMENT_3D('',#15037,#12003,#12004);
#9738=AXIS2_PLACEMENT_3D('',#15038,#12005,#12006);
#9739=AXIS2_PLACEMENT_3D('',#15039,#12007,#12008);
#9740=AXIS2_PLACEMENT_3D('',#15040,#12009,#12010);
#9741=AXIS2_PLACEMENT_3D('',#15041,#12011,#12012);
#9742=AXIS2_PLACEMENT_3D('',#15043,#12013,#12014);
#9743=AXIS2_PLACEMENT_3D('',#15048,#12017,#12018);
#9744=AXIS2_PLACEMENT_3D('',#15049,#12019,#12020);
#9745=AXIS2_PLACEMENT_3D('',#15051,#12021,#12022);
#9746=AXIS2_PLACEMENT_3D('',#15053,#12024,#12025);
#9747=AXIS2_PLACEMENT_3D('',#15054,#12026,#12027);
#9748=AXIS2_PLACEMENT_3D('',#15055,#12028,#12029);
#9749=AXIS2_PLACEMENT_3D('',#15056,#12030,#12031);
#9750=AXIS2_PLACEMENT_3D('',#15057,#12032,#12033);
#9751=AXIS2_PLACEMENT_3D('',#15058,#12034,#12035);
#9752=AXIS2_PLACEMENT_3D('',#15059,#12036,#12037);
#9753=AXIS2_PLACEMENT_3D('',#15060,#12038,#12039);
#9754=AXIS2_PLACEMENT_3D('',#15061,#12040,#12041);
#9755=AXIS2_PLACEMENT_3D('',#15062,#12042,#12043);
#9756=AXIS2_PLACEMENT_3D('',#15063,#12044,#12045);
#9757=AXIS2_PLACEMENT_3D('',#15064,#12046,#12047);
#9758=AXIS2_PLACEMENT_3D('',#15065,#12048,#12049);
#9759=AXIS2_PLACEMENT_3D('',#15066,#12050,#12051);
#9760=AXIS2_PLACEMENT_3D('',#15067,#12052,#12053);
#9761=AXIS2_PLACEMENT_3D('',#15068,#12054,#12055);
#9762=AXIS2_PLACEMENT_3D('',#15069,#12056,#12057);
#9763=AXIS2_PLACEMENT_3D('',#15070,#12058,#12059);
#9764=AXIS2_PLACEMENT_3D('',#15071,#12060,#12061);
#9765=AXIS2_PLACEMENT_3D('',#15072,#12062,#12063);
#9766=AXIS2_PLACEMENT_3D('',#15073,#12064,#12065);
#9767=AXIS2_PLACEMENT_3D('',#15074,#12066,#12067);
#9768=AXIS2_PLACEMENT_3D('',#15075,#12068,#12069);
#9769=AXIS2_PLACEMENT_3D('',#15076,#12070,#12071);
#9770=AXIS2_PLACEMENT_3D('',#15077,#12072,#12073);
#9771=AXIS2_PLACEMENT_3D('',#15078,#12074,#12075);
#9772=AXIS2_PLACEMENT_3D('',#15079,#12076,#12077);
#9773=AXIS2_PLACEMENT_3D('',#15080,#12078,#12079);
#9774=AXIS2_PLACEMENT_3D('',#15081,#12080,#12081);
#9775=AXIS2_PLACEMENT_3D('',#15082,#12082,#12083);
#9776=AXIS2_PLACEMENT_3D('',#15083,#12084,#12085);
#9777=AXIS2_PLACEMENT_3D('',#15084,#12086,#12087);
#9778=AXIS2_PLACEMENT_3D('',#15085,#12088,#12089);
#9779=AXIS2_PLACEMENT_3D('',#15086,#12090,#12091);
#9780=AXIS2_PLACEMENT_3D('',#15087,#12092,#12093);
#9781=AXIS2_PLACEMENT_3D('',#15088,#12094,#12095);
#9782=AXIS2_PLACEMENT_3D('',#15089,#12096,#12097);
#9783=AXIS2_PLACEMENT_3D('',#15090,#12098,#12099);
#9784=AXIS2_PLACEMENT_3D('',#15091,#12100,#12101);
#9785=AXIS2_PLACEMENT_3D('',#15092,#12102,#12103);
#9786=AXIS2_PLACEMENT_3D('',#15093,#12104,#12105);
#9787=AXIS2_PLACEMENT_3D('',#15094,#12106,#12107);
#9788=AXIS2_PLACEMENT_3D('',#15095,#12108,#12109);
#9789=AXIS2_PLACEMENT_3D('',#15096,#12110,#12111);
#9790=AXIS2_PLACEMENT_3D('',#15097,#12112,#12113);
#9791=AXIS2_PLACEMENT_3D('',#15098,#12114,#12115);
#9792=AXIS2_PLACEMENT_3D('',#15099,#12116,#12117);
#9793=AXIS2_PLACEMENT_3D('',#15100,#12118,#12119);
#9794=AXIS2_PLACEMENT_3D('',#15101,#12120,#12121);
#9795=AXIS2_PLACEMENT_3D('',#15102,#12122,#12123);
#9796=AXIS2_PLACEMENT_3D('',#15103,#12124,#12125);
#9797=AXIS2_PLACEMENT_3D('',#15104,#12126,#12127);
#9798=AXIS2_PLACEMENT_3D('',#15105,#12128,#12129);
#9799=AXIS2_PLACEMENT_3D('',#15106,#12130,#12131);
#9800=AXIS2_PLACEMENT_3D('',#15107,#12132,#12133);
#9801=AXIS2_PLACEMENT_3D('',#15108,#12134,#12135);
#9802=AXIS2_PLACEMENT_3D('',#15109,#12136,#12137);
#9803=AXIS2_PLACEMENT_3D('',#15110,#12138,#12139);
#9804=AXIS2_PLACEMENT_3D('',#15111,#12140,#12141);
#9805=AXIS2_PLACEMENT_3D('',#15112,#12142,#12143);
#9806=AXIS2_PLACEMENT_3D('',#15113,#12144,#12145);
#9807=AXIS2_PLACEMENT_3D('',#15114,#12146,#12147);
#9808=AXIS2_PLACEMENT_3D('',#15115,#12148,#12149);
#9809=AXIS2_PLACEMENT_3D('',#15116,#12150,#12151);
#9810=AXIS2_PLACEMENT_3D('',#15117,#12152,#12153);
#9811=AXIS2_PLACEMENT_3D('',#15118,#12154,#12155);
#9812=AXIS2_PLACEMENT_3D('',#15119,#12156,#12157);
#9813=AXIS2_PLACEMENT_3D('',#15120,#12158,#12159);
#9814=AXIS2_PLACEMENT_3D('',#15121,#12160,#12161);
#9815=AXIS2_PLACEMENT_3D('',#15122,#12162,#12163);
#9816=AXIS2_PLACEMENT_3D('',#15123,#12164,#12165);
#9817=AXIS2_PLACEMENT_3D('',#15124,#12166,#12167);
#9818=AXIS2_PLACEMENT_3D('',#15125,#12168,#12169);
#9819=AXIS2_PLACEMENT_3D('',#15126,#12170,#12171);
#9820=AXIS2_PLACEMENT_3D('',#15127,#12172,#12173);
#9821=AXIS2_PLACEMENT_3D('',#15128,#12174,#12175);
#9822=AXIS2_PLACEMENT_3D('',#15129,#12176,#12177);
#9823=AXIS2_PLACEMENT_3D('',#15130,#12178,#12179);
#9824=AXIS2_PLACEMENT_3D('',#15131,#12180,#12181);
#9825=AXIS2_PLACEMENT_3D('',#15132,#12182,#12183);
#9826=AXIS2_PLACEMENT_3D('',#15133,#12184,#12185);
#9827=AXIS2_PLACEMENT_3D('',#15134,#12186,#12187);
#9828=AXIS2_PLACEMENT_3D('',#15135,#12188,#12189);
#9829=AXIS2_PLACEMENT_3D('',#15136,#12190,#12191);
#9830=AXIS2_PLACEMENT_3D('',#15137,#12192,#12193);
#9831=AXIS2_PLACEMENT_3D('',#15138,#12194,#12195);
#9832=AXIS2_PLACEMENT_3D('',#15139,#12196,#12197);
#9833=AXIS2_PLACEMENT_3D('',#15140,#12198,#12199);
#9834=AXIS2_PLACEMENT_3D('',#15141,#12200,#12201);
#9835=AXIS2_PLACEMENT_3D('',#15142,#12202,#12203);
#9836=AXIS2_PLACEMENT_3D('',#15143,#12204,#12205);
#9837=AXIS2_PLACEMENT_3D('',#15144,#12206,#12207);
#9838=AXIS2_PLACEMENT_3D('',#15145,#12208,#12209);
#9839=AXIS2_PLACEMENT_3D('',#15146,#12210,#12211);
#9840=AXIS2_PLACEMENT_3D('',#15147,#12212,#12213);
#9841=AXIS2_PLACEMENT_3D('',#15148,#12214,#12215);
#9842=AXIS2_PLACEMENT_3D('',#15149,#12216,#12217);
#9843=AXIS2_PLACEMENT_3D('',#15150,#12218,#12219);
#9844=AXIS2_PLACEMENT_3D('',#15151,#12220,#12221);
#9845=AXIS2_PLACEMENT_3D('',#15152,#12222,#12223);
#9846=AXIS2_PLACEMENT_3D('',#15153,#12224,#12225);
#9847=AXIS2_PLACEMENT_3D('',#15154,#12226,#12227);
#9848=AXIS2_PLACEMENT_3D('',#15155,#12228,#12229);
#9849=AXIS2_PLACEMENT_3D('',#15156,#12230,#12231);
#9850=AXIS2_PLACEMENT_3D('',#15157,#12232,#12233);
#9851=AXIS2_PLACEMENT_3D('',#15158,#12234,#12235);
#9852=AXIS2_PLACEMENT_3D('',#15159,#12236,#12237);
#9853=AXIS2_PLACEMENT_3D('',#15160,#12238,#12239);
#9854=AXIS2_PLACEMENT_3D('',#15161,#12240,#12241);
#9855=AXIS2_PLACEMENT_3D('',#15162,#12242,#12243);
#9856=AXIS2_PLACEMENT_3D('',#15163,#12244,#12245);
#9857=AXIS2_PLACEMENT_3D('',#15164,#12246,#12247);
#9858=AXIS2_PLACEMENT_3D('',#15165,#12248,#12249);
#9859=AXIS2_PLACEMENT_3D('',#15166,#12250,#12251);
#9860=AXIS2_PLACEMENT_3D('',#15167,#12252,#12253);
#9861=AXIS2_PLACEMENT_3D('',#15168,#12254,#12255);
#9862=AXIS2_PLACEMENT_3D('',#15169,#12256,#12257);
#9863=AXIS2_PLACEMENT_3D('',#15170,#12258,#12259);
#9864=AXIS2_PLACEMENT_3D('',#15171,#12260,#12261);
#9865=AXIS2_PLACEMENT_3D('',#15172,#12262,#12263);
#9866=AXIS2_PLACEMENT_3D('',#15173,#12264,#12265);
#9867=AXIS2_PLACEMENT_3D('',#15174,#12266,#12267);
#9868=AXIS2_PLACEMENT_3D('',#15175,#12268,#12269);
#9869=AXIS2_PLACEMENT_3D('',#15176,#12270,#12271);
#9870=AXIS2_PLACEMENT_3D('',#15177,#12272,#12273);
#9871=AXIS2_PLACEMENT_3D('',#15178,#12274,#12275);
#9872=AXIS2_PLACEMENT_3D('',#15179,#12276,#12277);
#9873=AXIS2_PLACEMENT_3D('',#15180,#12278,#12279);
#9874=AXIS2_PLACEMENT_3D('',#15181,#12280,#12281);
#9875=AXIS2_PLACEMENT_3D('',#15182,#12282,#12283);
#9876=AXIS2_PLACEMENT_3D('',#15183,#12284,#12285);
#9877=AXIS2_PLACEMENT_3D('',#15184,#12286,#12287);
#9878=AXIS2_PLACEMENT_3D('',#15185,#12288,#12289);
#9879=AXIS2_PLACEMENT_3D('',#15186,#12290,#12291);
#9880=AXIS2_PLACEMENT_3D('',#15187,#12292,#12293);
#9881=AXIS2_PLACEMENT_3D('',#15188,#12294,#12295);
#9882=AXIS2_PLACEMENT_3D('',#15189,#12296,#12297);
#9883=AXIS2_PLACEMENT_3D('',#15190,#12298,#12299);
#9884=AXIS2_PLACEMENT_3D('',#15191,#12300,#12301);
#9885=AXIS2_PLACEMENT_3D('',#15192,#12302,#12303);
#9886=AXIS2_PLACEMENT_3D('',#15193,#12304,#12305);
#9887=AXIS2_PLACEMENT_3D('',#15194,#12306,#12307);
#9888=AXIS2_PLACEMENT_3D('',#15195,#12308,#12309);
#9889=AXIS2_PLACEMENT_3D('',#15196,#12310,#12311);
#9890=AXIS2_PLACEMENT_3D('',#15197,#12312,#12313);
#9891=AXIS2_PLACEMENT_3D('',#15198,#12314,#12315);
#9892=AXIS2_PLACEMENT_3D('',#15199,#12316,#12317);
#9893=AXIS2_PLACEMENT_3D('',#15200,#12318,#12319);
#9894=AXIS2_PLACEMENT_3D('',#15201,#12320,#12321);
#9895=AXIS2_PLACEMENT_3D('',#15202,#12322,#12323);
#9896=AXIS2_PLACEMENT_3D('',#15203,#12324,#12325);
#9897=AXIS2_PLACEMENT_3D('',#15204,#12326,#12327);
#9898=AXIS2_PLACEMENT_3D('',#15205,#12328,#12329);
#9899=AXIS2_PLACEMENT_3D('',#15206,#12330,#12331);
#9900=AXIS2_PLACEMENT_3D('',#15207,#12332,#12333);
#9901=AXIS2_PLACEMENT_3D('',#15208,#12334,#12335);
#9902=AXIS2_PLACEMENT_3D('',#15209,#12336,#12337);
#9903=AXIS2_PLACEMENT_3D('',#15210,#12338,#12339);
#9904=AXIS2_PLACEMENT_3D('',#15211,#12340,#12341);
#9905=AXIS2_PLACEMENT_3D('',#15212,#12342,#12343);
#9906=AXIS2_PLACEMENT_3D('',#15213,#12344,#12345);
#9907=AXIS2_PLACEMENT_3D('',#15214,#12346,#12347);
#9908=AXIS2_PLACEMENT_3D('',#15215,#12348,#12349);
#9909=AXIS2_PLACEMENT_3D('',#15216,#12350,#12351);
#9910=AXIS2_PLACEMENT_3D('',#15217,#12352,#12353);
#9911=AXIS2_PLACEMENT_3D('',#15218,#12354,#12355);
#9912=AXIS2_PLACEMENT_3D('',#15219,#12356,#12357);
#9913=AXIS2_PLACEMENT_3D('',#15220,#12358,#12359);
#9914=AXIS2_PLACEMENT_3D('',#15221,#12360,#12361);
#9915=AXIS2_PLACEMENT_3D('',#15222,#12362,#12363);
#9916=AXIS2_PLACEMENT_3D('',#15223,#12364,#12365);
#9917=AXIS2_PLACEMENT_3D('',#15224,#12366,#12367);
#9918=AXIS2_PLACEMENT_3D('',#15225,#12368,#12369);
#9919=AXIS2_PLACEMENT_3D('',#15226,#12370,#12371);
#9920=AXIS2_PLACEMENT_3D('',#15227,#12372,#12373);
#9921=AXIS2_PLACEMENT_3D('',#15228,#12374,#12375);
#9922=AXIS2_PLACEMENT_3D('',#15229,#12376,#12377);
#9923=AXIS2_PLACEMENT_3D('',#15230,#12378,#12379);
#9924=AXIS2_PLACEMENT_3D('',#15231,#12380,#12381);
#9925=AXIS2_PLACEMENT_3D('',#15232,#12382,#12383);
#9926=AXIS2_PLACEMENT_3D('',#15233,#12384,#12385);
#9927=AXIS2_PLACEMENT_3D('',#15234,#12386,#12387);
#9928=AXIS2_PLACEMENT_3D('',#15235,#12388,#12389);
#9929=AXIS2_PLACEMENT_3D('',#15236,#12390,#12391);
#9930=AXIS2_PLACEMENT_3D('',#15237,#12392,#12393);
#9931=AXIS2_PLACEMENT_3D('',#15238,#12394,#12395);
#9932=AXIS2_PLACEMENT_3D('',#15239,#12396,#12397);
#9933=AXIS2_PLACEMENT_3D('',#15240,#12398,#12399);
#9934=AXIS2_PLACEMENT_3D('',#15241,#12400,#12401);
#9935=AXIS2_PLACEMENT_3D('',#15242,#12402,#12403);
#9936=AXIS2_PLACEMENT_3D('',#15243,#12404,#12405);
#9937=AXIS2_PLACEMENT_3D('',#15244,#12406,#12407);
#9938=AXIS2_PLACEMENT_3D('',#15245,#12408,#12409);
#9939=AXIS2_PLACEMENT_3D('',#15246,#12410,#12411);
#9940=AXIS2_PLACEMENT_3D('',#15247,#12412,#12413);
#9941=AXIS2_PLACEMENT_3D('',#15248,#12414,#12415);
#9942=AXIS2_PLACEMENT_3D('',#15249,#12416,#12417);
#9943=AXIS2_PLACEMENT_3D('',#15250,#12418,#12419);
#9944=AXIS2_PLACEMENT_3D('',#15251,#12420,#12421);
#9945=AXIS2_PLACEMENT_3D('',#15252,#12422,#12423);
#9946=AXIS2_PLACEMENT_3D('',#15253,#12424,#12425);
#9947=AXIS2_PLACEMENT_3D('',#15254,#12426,#12427);
#9948=AXIS2_PLACEMENT_3D('',#15255,#12428,#12429);
#9949=AXIS2_PLACEMENT_3D('',#15256,#12430,#12431);
#9950=AXIS2_PLACEMENT_3D('',#15257,#12432,#12433);
#9951=AXIS2_PLACEMENT_3D('',#15258,#12434,#12435);
#9952=AXIS2_PLACEMENT_3D('',#15259,#12436,#12437);
#9953=AXIS2_PLACEMENT_3D('',#15260,#12438,#12439);
#9954=AXIS2_PLACEMENT_3D('',#15261,#12440,#12441);
#9955=AXIS2_PLACEMENT_3D('',#15262,#12442,#12443);
#9956=AXIS2_PLACEMENT_3D('',#15263,#12444,#12445);
#9957=AXIS2_PLACEMENT_3D('',#15264,#12446,#12447);
#9958=AXIS2_PLACEMENT_3D('',#15265,#12448,#12449);
#9959=AXIS2_PLACEMENT_3D('',#15266,#12450,#12451);
#9960=AXIS2_PLACEMENT_3D('',#15267,#12452,#12453);
#9961=AXIS2_PLACEMENT_3D('',#15268,#12454,#12455);
#9962=AXIS2_PLACEMENT_3D('',#15269,#12456,#12457);
#9963=AXIS2_PLACEMENT_3D('',#15270,#12458,#12459);
#9964=AXIS2_PLACEMENT_3D('',#15271,#12460,#12461);
#9965=AXIS2_PLACEMENT_3D('',#15272,#12462,#12463);
#9966=AXIS2_PLACEMENT_3D('',#15273,#12464,#12465);
#9967=AXIS2_PLACEMENT_3D('',#15274,#12466,#12467);
#9968=AXIS2_PLACEMENT_3D('',#15275,#12468,#12469);
#9969=AXIS2_PLACEMENT_3D('',#15276,#12470,#12471);
#9970=AXIS2_PLACEMENT_3D('',#15277,#12472,#12473);
#9971=AXIS2_PLACEMENT_3D('',#15278,#12474,#12475);
#9972=AXIS2_PLACEMENT_3D('',#15279,#12476,#12477);
#9973=AXIS2_PLACEMENT_3D('',#15280,#12478,#12479);
#9974=AXIS2_PLACEMENT_3D('',#15281,#12480,#12481);
#9975=AXIS2_PLACEMENT_3D('',#15282,#12482,#12483);
#9976=AXIS2_PLACEMENT_3D('',#15283,#12484,#12485);
#9977=AXIS2_PLACEMENT_3D('',#15284,#12486,#12487);
#9978=AXIS2_PLACEMENT_3D('',#15285,#12488,#12489);
#9979=AXIS2_PLACEMENT_3D('',#15286,#12490,#12491);
#9980=AXIS2_PLACEMENT_3D('',#15287,#12492,#12493);
#9981=AXIS2_PLACEMENT_3D('',#15288,#12494,#12495);
#9982=AXIS2_PLACEMENT_3D('',#15289,#12496,#12497);
#9983=AXIS2_PLACEMENT_3D('',#15290,#12498,#12499);
#9984=AXIS2_PLACEMENT_3D('',#15291,#12500,#12501);
#9985=AXIS2_PLACEMENT_3D('',#15292,#12502,#12503);
#9986=AXIS2_PLACEMENT_3D('',#15293,#12504,#12505);
#9987=AXIS2_PLACEMENT_3D('',#15294,#12506,#12507);
#9988=AXIS2_PLACEMENT_3D('',#15295,#12508,#12509);
#9989=AXIS2_PLACEMENT_3D('',#15296,#12510,#12511);
#9990=AXIS2_PLACEMENT_3D('',#15297,#12512,#12513);
#9991=AXIS2_PLACEMENT_3D('',#15298,#12514,#12515);
#9992=AXIS2_PLACEMENT_3D('',#15299,#12516,#12517);
#9993=AXIS2_PLACEMENT_3D('',#15300,#12518,#12519);
#9994=AXIS2_PLACEMENT_3D('',#15301,#12520,#12521);
#9995=AXIS2_PLACEMENT_3D('',#15302,#12522,#12523);
#9996=AXIS2_PLACEMENT_3D('',#15303,#12524,#12525);
#9997=AXIS2_PLACEMENT_3D('',#15304,#12526,#12527);
#9998=AXIS2_PLACEMENT_3D('',#15305,#12528,#12529);
#9999=AXIS2_PLACEMENT_3D('',#15306,#12530,#12531);
#10000=AXIS2_PLACEMENT_3D('',#15307,#12532,#12533);
#10001=AXIS2_PLACEMENT_3D('',#15308,#12534,#12535);
#10002=AXIS2_PLACEMENT_3D('',#15309,#12536,#12537);
#10003=AXIS2_PLACEMENT_3D('',#15310,#12538,#12539);
#10004=AXIS2_PLACEMENT_3D('',#15311,#12540,#12541);
#10005=AXIS2_PLACEMENT_3D('',#15312,#12542,#12543);
#10006=AXIS2_PLACEMENT_3D('',#15313,#12544,#12545);
#10007=AXIS2_PLACEMENT_3D('',#15314,#12546,#12547);
#10008=AXIS2_PLACEMENT_3D('',#15315,#12548,#12549);
#10009=AXIS2_PLACEMENT_3D('',#15316,#12550,#12551);
#10010=AXIS2_PLACEMENT_3D('',#15317,#12552,#12553);
#10011=AXIS2_PLACEMENT_3D('',#15318,#12554,#12555);
#10012=AXIS2_PLACEMENT_3D('',#15319,#12556,#12557);
#10013=AXIS2_PLACEMENT_3D('',#15320,#12558,#12559);
#10014=AXIS2_PLACEMENT_3D('',#15321,#12560,#12561);
#10015=AXIS2_PLACEMENT_3D('',#15322,#12562,#12563);
#10016=AXIS2_PLACEMENT_3D('',#15323,#12564,#12565);
#10017=AXIS2_PLACEMENT_3D('',#15324,#12566,#12567);
#10018=AXIS2_PLACEMENT_3D('',#15325,#12568,#12569);
#10019=AXIS2_PLACEMENT_3D('',#15326,#12570,#12571);
#10020=AXIS2_PLACEMENT_3D('',#15327,#12572,#12573);
#10021=AXIS2_PLACEMENT_3D('',#15328,#12574,#12575);
#10022=AXIS2_PLACEMENT_3D('',#15329,#12576,#12577);
#10023=AXIS2_PLACEMENT_3D('',#15330,#12578,#12579);
#10024=AXIS2_PLACEMENT_3D('',#15331,#12580,#12581);
#10025=AXIS2_PLACEMENT_3D('',#15332,#12582,#12583);
#10026=AXIS2_PLACEMENT_3D('',#15333,#12584,#12585);
#10027=AXIS2_PLACEMENT_3D('',#15334,#12586,#12587);
#10028=AXIS2_PLACEMENT_3D('',#15335,#12588,#12589);
#10029=AXIS2_PLACEMENT_3D('',#15336,#12590,#12591);
#10030=AXIS2_PLACEMENT_3D('',#15337,#12592,#12593);
#10031=AXIS2_PLACEMENT_3D('',#15338,#12594,#12595);
#10032=AXIS2_PLACEMENT_3D('',#15339,#12596,#12597);
#10033=AXIS2_PLACEMENT_3D('',#15340,#12598,#12599);
#10034=AXIS2_PLACEMENT_3D('',#15341,#12600,#12601);
#10035=AXIS2_PLACEMENT_3D('',#15342,#12602,#12603);
#10036=AXIS2_PLACEMENT_3D('',#15343,#12604,#12605);
#10037=AXIS2_PLACEMENT_3D('',#15344,#12606,#12607);
#10038=AXIS2_PLACEMENT_3D('',#15345,#12608,#12609);
#10039=AXIS2_PLACEMENT_3D('',#15346,#12610,#12611);
#10040=AXIS2_PLACEMENT_3D('',#15347,#12612,#12613);
#10041=AXIS2_PLACEMENT_3D('',#15348,#12614,#12615);
#10042=AXIS2_PLACEMENT_3D('',#15349,#12616,#12617);
#10043=AXIS2_PLACEMENT_3D('',#15355,#12621,#12622);
#10044=AXIS2_PLACEMENT_3D('',#15357,#12624,#12625);
#10045=AXIS2_PLACEMENT_3D('',#15358,#12626,#12627);
#10046=AXIS2_PLACEMENT_3D('',#15360,#12628,#12629);
#10047=AXIS2_PLACEMENT_3D('',#15361,#12630,#12631);
#10048=AXIS2_PLACEMENT_3D('',#15363,#12633,#12634);
#10049=DIRECTION('axis',(0.,0.,1.));
#10050=DIRECTION('refdir',(1.,0.,0.));
#10051=DIRECTION('center_axis',(0.,0.,1.));
#10052=DIRECTION('ref_axis',(1.,0.,0.));
#10053=DIRECTION('center_axis',(0.,0.,-1.));
#10054=DIRECTION('ref_axis',(1.,0.,0.));
#10055=DIRECTION('',(1.28780549432724E-16,-1.,0.));
#10056=DIRECTION('center_axis',(0.,0.,-1.));
#10057=DIRECTION('ref_axis',(1.,0.,0.));
#10058=DIRECTION('center_axis',(0.,0.,1.));
#10059=DIRECTION('ref_axis',(1.,0.,0.));
#10060=DIRECTION('center_axis',(0.,0.,1.));
#10061=DIRECTION('ref_axis',(1.,0.,0.));
#10062=DIRECTION('center_axis',(0.,0.,-1.));
#10063=DIRECTION('ref_axis',(1.,0.,0.));
#10064=DIRECTION('center_axis',(-1.,-1.28780549432724E-16,0.));
#10065=DIRECTION('ref_axis',(-1.28780549432724E-16,1.,0.));
#10066=DIRECTION('',(0.,0.,-1.));
#10067=DIRECTION('',(-1.28780549432724E-16,1.,0.));
#10068=DIRECTION('',(0.,0.,-1.));
#10069=DIRECTION('center_axis',(0.,0.,-1.));
#10070=DIRECTION('ref_axis',(1.,0.,0.));
#10071=DIRECTION('',(0.,0.,-1.));
#10072=DIRECTION('center_axis',(0.,0.,-1.));
#10073=DIRECTION('ref_axis',(1.,0.,0.));
#10074=DIRECTION('center_axis',(0.,0.,1.));
#10075=DIRECTION('ref_axis',(1.,0.,0.));
#10076=DIRECTION('center_axis',(0.874915264721063,-0.484276036530895,0.));
#10077=DIRECTION('ref_axis',(0.484276036530895,0.874915264721063,0.));
#10078=DIRECTION('',(-0.484276036530895,-0.874915264721063,0.));
#10079=DIRECTION('',(0.,0.,1.));
#10080=DIRECTION('',(0.484276036530895,0.874915264721062,0.));
#10081=DIRECTION('',(0.,0.,1.));
#10082=DIRECTION('center_axis',(-0.912369988057354,-0.409366589858313,0.));
#10083=DIRECTION('ref_axis',(0.409366589858313,-0.912369988057354,0.));
#10084=DIRECTION('',(-0.409366589858313,0.912369988057354,0.));
#10085=DIRECTION('',(0.409366589858313,-0.912369988057354,0.));
#10086=DIRECTION('',(0.,0.,-1.));
#10087=DIRECTION('center_axis',(0.853868439769683,-0.520488892835656,0.));
#10088=DIRECTION('ref_axis',(0.520488892835656,0.853868439769683,0.));
#10089=DIRECTION('',(-0.520488892835656,-0.853868439769683,0.));
#10090=DIRECTION('',(0.,0.,1.));
#10091=DIRECTION('',(0.520488892835656,0.853868439769683,0.));
#10092=DIRECTION('',(0.,0.,1.));
#10093=DIRECTION('center_axis',(-0.928712178130335,-0.370801416114352,0.));
#10094=DIRECTION('ref_axis',(0.370801416114352,-0.928712178130335,0.));
#10095=DIRECTION('',(-0.370801416114352,0.928712178130335,0.));
#10096=DIRECTION('',(0.370801416114352,-0.928712178130335,0.));
#10097=DIRECTION('',(0.,0.,-1.));
#10098=DIRECTION('center_axis',(0.831323639428502,-0.55578863475907,0.));
#10099=DIRECTION('ref_axis',(0.55578863475907,0.831323639428502,0.));
#10100=DIRECTION('',(-0.55578863475907,-0.831323639428502,0.));
#10101=DIRECTION('',(0.,0.,1.));
#10102=DIRECTION('',(0.55578863475907,0.831323639428502,0.));
#10103=DIRECTION('',(0.,0.,1.));
#10104=DIRECTION('center_axis',(-0.943425091464357,-0.331585730687359,0.));
#10105=DIRECTION('ref_axis',(0.331585730687359,-0.943425091464357,0.));
#10106=DIRECTION('',(-0.331585730687359,0.943425091464357,0.));
#10107=DIRECTION('',(0.331585730687359,-0.943425091464357,0.));
#10108=DIRECTION('',(0.,0.,-1.));
#10109=DIRECTION('center_axis',(0.807320414938092,-0.590113334558868,0.));
#10110=DIRECTION('ref_axis',(0.590113334558868,0.807320414938092,0.));
#10111=DIRECTION('',(-0.590113334558868,-0.807320414938092,0.));
#10112=DIRECTION('',(0.,0.,1.));
#10113=DIRECTION('',(0.590113334558868,0.807320414938092,0.));
#10114=DIRECTION('',(0.,0.,1.));
#10115=DIRECTION('center_axis',(-0.95648291660995,-0.291788331215152,0.));
#10116=DIRECTION('ref_axis',(0.291788331215152,-0.95648291660995,0.));
#10117=DIRECTION('',(-0.291788331215152,0.95648291660995,0.));
#10118=DIRECTION('',(0.291788331215152,-0.95648291660995,0.));
#10119=DIRECTION('',(0.,0.,-1.));
#10120=DIRECTION('center_axis',(0.78190087611056,-0.623402775047992,0.));
#10121=DIRECTION('ref_axis',(0.623402775047992,0.781900876110561,0.));
#10122=DIRECTION('',(-0.623402775047993,-0.781900876110561,0.));
#10123=DIRECTION('',(0.,0.,1.));
#10124=DIRECTION('',(0.623402775047993,0.781900876110561,0.));
#10125=DIRECTION('',(0.,0.,1.));
#10126=DIRECTION('center_axis',(-0.96786274570473,-0.251479035859653,0.));
#10127=DIRECTION('ref_axis',(0.251479035859653,-0.96786274570473,0.));
#10128=DIRECTION('',(-0.251479035859653,0.96786274570473,0.));
#10129=DIRECTION('',(0.251479035859653,-0.96786274570473,0.));
#10130=DIRECTION('',(0.,0.,-1.));
#10131=DIRECTION('center_axis',(0.755109617454628,-0.655598555235996,0.));
#10132=DIRECTION('ref_axis',(0.655598555235996,0.755109617454628,0.));
#10133=DIRECTION('',(-0.655598555235996,-0.755109617454628,0.));
#10134=DIRECTION('',(0.,0.,1.));
#10135=DIRECTION('',(0.655598555235996,0.755109617454628,0.));
#10136=DIRECTION('',(0.,0.,1.));
#10137=DIRECTION('center_axis',(-0.977544614661574,-0.210728560822105,0.));
#10138=DIRECTION('ref_axis',(0.210728560822105,-0.977544614661574,0.));
#10139=DIRECTION('',(-0.210728560822105,0.977544614661574,0.));
#10140=DIRECTION('',(0.210728560822105,-0.977544614661574,0.));
#10141=DIRECTION('',(0.,0.,-1.));
#10142=DIRECTION('center_axis',(0.726993639941708,-0.686644192784229,0.));
#10143=DIRECTION('ref_axis',(0.686644192784229,0.726993639941708,0.));
#10144=DIRECTION('',(-0.686644192784229,-0.726993639941708,0.));
#10145=DIRECTION('',(0.,0.,1.));
#10146=DIRECTION('',(0.686644192784229,0.726993639941708,0.));
#10147=DIRECTION('',(0.,0.,1.));
#10148=DIRECTION('center_axis',(-0.985511538192408,-0.169608396282829,0.));
#10149=DIRECTION('ref_axis',(0.169608396282829,-0.985511538192408,0.));
#10150=DIRECTION('',(-0.169608396282829,0.985511538192408,0.));
#10151=DIRECTION('',(0.169608396282829,-0.985511538192408,0.));
#10152=DIRECTION('',(0.,0.,-1.));
#10153=DIRECTION('center_axis',(0.697602268550232,-0.716485223095055,0.));
#10154=DIRECTION('ref_axis',(0.716485223095055,0.697602268550232,0.));
#10155=DIRECTION('',(-0.716485223095055,-0.697602268550232,0.));
#10156=DIRECTION('',(0.,0.,1.));
#10157=DIRECTION('',(0.716485223095055,0.697602268550232,0.));
#10158=DIRECTION('',(0.,0.,1.));
#10159=DIRECTION('center_axis',(-0.991749539606183,-0.128190680983152,0.));
#10160=DIRECTION('ref_axis',(0.128190680983152,-0.991749539606183,0.));
#10161=DIRECTION('',(-0.128190680983152,0.991749539606183,0.));
#10162=DIRECTION('',(0.128190680983152,-0.991749539606183,0.));
#10163=DIRECTION('',(0.,0.,-1.));
#10164=DIRECTION('center_axis',(0.666987065732874,-0.745069294861257,0.));
#10165=DIRECTION('ref_axis',(0.745069294861257,0.666987065732874,0.));
#10166=DIRECTION('',(-0.745069294861257,-0.666987065732874,0.));
#10167=DIRECTION('',(0.,0.,1.));
#10168=DIRECTION('',(0.745069294861257,0.666987065732874,0.));
#10169=DIRECTION('',(0.,0.,1.));
#10170=DIRECTION('center_axis',(-0.99624767532873,-0.0865480756695451,0.));
#10171=DIRECTION('ref_axis',(0.0865480756695452,-0.99624767532873,0.));
#10172=DIRECTION('',(-0.0865480756695452,0.99624767532873,0.));
#10173=DIRECTION('',(0.0865480756695452,-0.99624767532873,0.));
#10174=DIRECTION('',(0.,0.,-1.));
#10175=DIRECTION('center_axis',(0.635201740958494,-0.772346261908024,0.));
#10176=DIRECTION('ref_axis',(0.772346261908024,0.635201740958494,0.));
#10177=DIRECTION('',(-0.772346261908024,-0.635201740958494,0.));
#10178=DIRECTION('',(0.,0.,1.));
#10179=DIRECTION('',(0.772346261908024,0.635201740958494,0.));
#10180=DIRECTION('',(0.,0.,1.));
#10181=DIRECTION('center_axis',(-0.998998054101516,-0.04475363562198,0.));
#10182=DIRECTION('ref_axis',(0.04475363562198,-0.998998054101516,0.));
#10183=DIRECTION('',(-0.04475363562198,0.998998054101516,0.));
#10184=DIRECTION('',(0.04475363562198,-0.998998054101516,0.));
#10185=DIRECTION('',(0.,0.,-1.));
#10186=DIRECTION('center_axis',(0.60230205648747,-0.798268271166382,0.));
#10187=DIRECTION('ref_axis',(0.798268271166382,0.60230205648747,0.));
#10188=DIRECTION('',(-0.798268271166382,-0.60230205648747,0.));
#10189=DIRECTION('',(0.,0.,1.));
#10190=DIRECTION('',(0.798268271166382,0.60230205648747,0.));
#10191=DIRECTION('',(0.,0.,1.));
#10192=DIRECTION('center_axis',(-0.999995850825588,-0.00288068249014641,
0.));
#10193=DIRECTION('ref_axis',(0.00288068249014641,-0.999995850825588,0.));
#10194=DIRECTION('',(-0.00288068249014641,0.999995850825588,0.));
#10195=DIRECTION('',(0.00288068249014641,-0.999995850825588,0.));
#10196=DIRECTION('',(0.,0.,-1.));
#10197=DIRECTION('center_axis',(0.568345729545753,-0.822789846623733,0.));
#10198=DIRECTION('ref_axis',(0.822789846623733,0.568345729545753,0.));
#10199=DIRECTION('',(-0.822789846623733,-0.568345729545753,0.));
#10200=DIRECTION('',(0.,0.,1.));
#10201=DIRECTION('',(0.822789846623733,0.568345729545753,0.));
#10202=DIRECTION('',(0.,0.,1.));
#10203=DIRECTION('center_axis',(-0.999239315026438,0.0389973243376374,0.));
#10204=DIRECTION('ref_axis',(-0.0389973243376374,-0.999239315026438,0.));
#10205=DIRECTION('',(0.0389973243376374,0.999239315026438,0.));
#10206=DIRECTION('',(-0.0389973243376374,-0.999239315026438,0.));
#10207=DIRECTION('',(0.,0.,-1.));
#10208=DIRECTION('center_axis',(0.533392331069237,-0.845867969104237,0.));
#10209=DIRECTION('ref_axis',(0.845867969104237,0.533392331069237,0.));
#10210=DIRECTION('',(-0.845867969104237,-0.533392331069237,0.));
#10211=DIRECTION('',(0.,0.,1.));
#10212=DIRECTION('',(0.845867969104237,0.533392331069237,0.));
#10213=DIRECTION('',(0.,0.,1.));
#10214=DIRECTION('center_axis',(-0.996729773924931,0.0808069166071532,0.));
#10215=DIRECTION('ref_axis',(-0.0808069166071532,-0.996729773924931,0.));
#10216=DIRECTION('',(0.0808069166071532,0.996729773924931,0.));
#10217=DIRECTION('',(-0.0808069166071532,-0.996729773924931,0.));
#10218=DIRECTION('',(0.,0.,-1.));
#10219=DIRECTION('center_axis',(0.497503181196092,-0.867462151739065,0.));
#10220=DIRECTION('ref_axis',(0.867462151739065,0.497503181196092,0.));
#10221=DIRECTION('',(-0.867462151739065,-0.497503181196092,0.));
#10222=DIRECTION('',(0.,0.,1.));
#10223=DIRECTION('',(0.867462151739065,0.497503181196092,0.));
#10224=DIRECTION('',(0.,0.,1.));
#10225=DIRECTION('center_axis',(-0.992471630108907,0.122474746086565,0.));
#10226=DIRECTION('ref_axis',(-0.122474746086565,-0.992471630108907,0.));
#10227=DIRECTION('',(0.122474746086565,0.992471630108907,0.));
#10228=DIRECTION('',(-0.122474746086565,-0.992471630108907,0.));
#10229=DIRECTION('',(0.,0.,-1.));
#10230=DIRECTION('center_axis',(0.460741241690414,-0.887534510994122,0.));
#10231=DIRECTION('ref_axis',(0.887534510994122,0.460741241690414,0.));
#10232=DIRECTION('',(-0.887534510994122,-0.460741241690414,0.));
#10233=DIRECTION('',(0.,0.,1.));
#10234=DIRECTION('',(0.887534510994122,0.460741241690414,0.));
#10235=DIRECTION('',(0.,0.,1.));
#10236=DIRECTION('center_axis',(-0.986472353809546,0.163927713244142,0.));
#10237=DIRECTION('ref_axis',(-0.163927713244142,-0.986472353809546,0.));
#10238=DIRECTION('',(0.163927713244142,0.986472353809546,0.));
#10239=DIRECTION('',(-0.163927713244142,-0.986472353809546,0.));
#10240=DIRECTION('',(0.,0.,-1.));
#10241=DIRECTION('center_axis',(0.423171005485884,-0.906049833130643,0.));
#10242=DIRECTION('ref_axis',(0.906049833130643,0.423171005485884,0.));
#10243=DIRECTION('',(-0.906049833130643,-0.423171005485884,0.));
#10244=DIRECTION('',(0.,0.,1.));
#10245=DIRECTION('',(0.906049833130643,0.423171005485884,0.));
#10246=DIRECTION('',(0.,0.,1.));
#10247=DIRECTION('center_axis',(-0.978742469796045,0.205093095489679,0.));
#10248=DIRECTION('ref_axis',(-0.205093095489679,-0.978742469796045,0.));
#10249=DIRECTION('',(0.205093095489679,0.978742469796045,0.));
#10250=DIRECTION('',(-0.205093095489679,-0.978742469796045,0.));
#10251=DIRECTION('',(0.,0.,-1.));
#10252=DIRECTION('center_axis',(0.384858383543258,-0.92297563598205,0.));
#10253=DIRECTION('ref_axis',(0.92297563598205,0.384858383543258,0.));
#10254=DIRECTION('',(-0.92297563598205,-0.384858383543258,0.));
#10255=DIRECTION('',(0.,0.,1.));
#10256=DIRECTION('',(0.92297563598205,0.384858383543258,0.));
#10257=DIRECTION('',(0.,0.,1.));
#10258=DIRECTION('center_axis',(-0.969295538911595,0.245898674754624,0.));
#10259=DIRECTION('ref_axis',(-0.245898674754624,-0.969295538911595,0.));
#10260=DIRECTION('',(0.245898674754624,0.969295538911595,0.));
#10261=DIRECTION('',(-0.245898674754624,-0.969295538911595,0.));
#10262=DIRECTION('',(0.,0.,-1.));
#10263=DIRECTION('center_axis',(0.34587058922014,-0.938282225938717,0.));
#10264=DIRECTION('ref_axis',(0.938282225938717,0.34587058922014,0.));
#10265=DIRECTION('',(-0.938282225938717,-0.34587058922014,0.));
#10266=DIRECTION('',(0.,0.,1.));
#10267=DIRECTION('',(0.938282225938717,0.34587058922014,0.));
#10268=DIRECTION('',(0.,0.,1.));
#10269=DIRECTION('center_axis',(-0.958148134283057,0.286272864187119,0.));
#10270=DIRECTION('ref_axis',(-0.286272864187119,-0.958148134283057,0.));
#10271=DIRECTION('',(0.286272864187119,0.958148134283057,0.));
#10272=DIRECTION('',(-0.286272864187119,-0.958148134283057,0.));
#10273=DIRECTION('',(0.,0.,-1.));
#10274=DIRECTION('center_axis',(0.306276020355914,-0.951942750040644,0.));
#10275=DIRECTION('ref_axis',(0.951942750040644,0.306276020355914,0.));
#10276=DIRECTION('',(-0.951942750040644,-0.306276020355914,0.));
#10277=DIRECTION('',(0.,0.,1.));
#10278=DIRECTION('',(0.951942750040644,0.306276020355914,0.));
#10279=DIRECTION('',(0.,0.,1.));
#10280=DIRECTION('center_axis',(-0.945319812246063,0.326144833739656,0.));
#10281=DIRECTION('ref_axis',(-0.326144833739656,-0.945319812246063,0.));
#10282=DIRECTION('',(0.326144833739656,0.945319812246063,0.));
#10283=DIRECTION('',(-0.326144833739656,-0.945319812246063,0.));
#10284=DIRECTION('',(0.,0.,-1.));
#10285=DIRECTION('center_axis',(0.266144139278692,-0.96393324308668,0.));
#10286=DIRECTION('ref_axis',(0.96393324308668,0.266144139278692,0.));
#10287=DIRECTION('',(-0.96393324308668,-0.266144139278692,0.));
#10288=DIRECTION('',(0.,0.,1.));
#10289=DIRECTION('',(0.96393324308668,0.266144139278692,0.));
#10290=DIRECTION('',(0.,0.,1.));
#10291=DIRECTION('center_axis',(-0.930833078036559,0.365444634429055,0.));
#10292=DIRECTION('ref_axis',(-0.365444634429055,-0.930833078036559,0.));
#10293=DIRECTION('',(0.365444634429055,0.930833078036559,0.));
#10294=DIRECTION('',(-0.365444634429055,-0.930833078036559,0.));
#10295=DIRECTION('',(0.,0.,-1.));
#10296=DIRECTION('center_axis',(0.225545350944789,-0.974232669677625,0.));
#10297=DIRECTION('ref_axis',(0.974232669677625,0.225545350944789,0.));
#10298=DIRECTION('',(-0.974232669677625,-0.225545350944789,0.));
#10299=DIRECTION('',(0.,0.,1.));
#10300=DIRECTION('',(0.974232669677625,0.225545350944789,0.));
#10301=DIRECTION('',(0.,0.,1.));
#10302=DIRECTION('center_axis',(-0.914713346308973,0.404103321050744,0.));
#10303=DIRECTION('ref_axis',(-0.404103321050744,-0.914713346308973,0.));
#10304=DIRECTION('',(0.404103321050744,0.914713346308973,0.));
#10305=DIRECTION('',(-0.404103321050744,-0.914713346308973,0.));
#10306=DIRECTION('',(0.,0.,-1.));
#10307=DIRECTION('center_axis',(0.184550879424504,-0.98282296111947,0.));
#10308=DIRECTION('ref_axis',(0.98282296111947,0.184550879424504,0.));
#10309=DIRECTION('',(-0.98282296111947,-0.184550879424504,0.));
#10310=DIRECTION('',(0.,0.,1.));
#10311=DIRECTION('',(0.98282296111947,0.184550879424504,0.));
#10312=DIRECTION('',(0.,0.,1.));
#10313=DIRECTION('center_axis',(-0.896988896550278,0.442053073132079,0.));
#10314=DIRECTION('ref_axis',(-0.442053073132079,-0.896988896550278,0.));
#10315=DIRECTION('',(0.442053073132079,0.896988896550278,0.));
#10316=DIRECTION('',(-0.442053073132079,-0.896988896550278,0.));
#10317=DIRECTION('',(0.,0.,-1.));
#10318=DIRECTION('center_axis',(0.143232642950898,-0.989689047122025,0.));
#10319=DIRECTION('ref_axis',(0.989689047122024,0.143232642950898,0.));
#10320=DIRECTION('',(-0.989689047122024,-0.143232642950898,0.));
#10321=DIRECTION('',(0.,0.,1.));
#10322=DIRECTION('',(0.989689047122024,0.143232642950898,0.));
#10323=DIRECTION('',(0.,0.,1.));
#10324=DIRECTION('center_axis',(-0.877690823468158,0.479227313912497,0.));
#10325=DIRECTION('ref_axis',(-0.479227313912497,-0.877690823468158,0.));
#10326=DIRECTION('',(0.479227313912497,0.877690823468158,0.));
#10327=DIRECTION('',(-0.479227313912497,-0.877690823468158,0.));
#10328=DIRECTION('',(0.,0.,-1.));
#10329=DIRECTION('center_axis',(0.101663127750777,-0.994818882237329,0.));
#10330=DIRECTION('ref_axis',(0.994818882237329,0.101663127750777,0.));
#10331=DIRECTION('',(-0.994818882237329,-0.101663127750777,0.));
#10332=DIRECTION('',(0.,0.,1.));
#10333=DIRECTION('',(0.994818882237329,0.101663127750777,0.));
#10334=DIRECTION('',(0.,0.,1.));
#10335=DIRECTION('center_axis',(-0.856852982440329,0.515560827141777,0.));
#10336=DIRECTION('ref_axis',(-0.515560827141777,-0.856852982440329,0.));
#10337=DIRECTION('',(0.515560827141777,0.856852982440329,0.));
#10338=DIRECTION('',(-0.515560827141777,-0.856852982440329,0.));
#10339=DIRECTION('',(0.,0.,-1.));
#10340=DIRECTION('center_axis',(0.059915260879218,-0.998203466991462,0.));
#10341=DIRECTION('ref_axis',(0.998203466991462,0.059915260879218,0.));
#10342=DIRECTION('',(-0.998203466991462,-0.059915260879218,0.));
#10343=DIRECTION('',(0.,0.,1.));
#10344=DIRECTION('',(0.998203466991462,0.059915260879218,0.));
#10345=DIRECTION('',(0.,0.,1.));
#10346=DIRECTION('center_axis',(-0.8345119301207,0.550989871491503,0.));
#10347=DIRECTION('ref_axis',(-0.550989871491503,-0.8345119301207,0.));
#10348=DIRECTION('',(0.550989871491503,0.8345119301207,0.));
#10349=DIRECTION('',(-0.550989871491503,-0.8345119301207,0.));
#10350=DIRECTION('',(0.,0.,-1.));
#10351=DIRECTION('center_axis',(0.0180622822807346,-0.999836863672675,0.));
#10352=DIRECTION('ref_axis',(0.999836863672675,0.0180622822807346,0.));
#10353=DIRECTION('',(-0.999836863672675,-0.0180622822807346,0.));
#10354=DIRECTION('',(0.,0.,1.));
#10355=DIRECTION('',(0.999836863672675,0.0180622822807346,0.));
#10356=DIRECTION('',(0.,0.,1.));
#10357=DIRECTION('center_axis',(-0.81070686030658,0.585452292379018,0.));
#10358=DIRECTION('ref_axis',(-0.585452292379018,-0.810706860306581,0.));
#10359=DIRECTION('',(0.585452292379018,0.810706860306581,0.));
#10360=DIRECTION('',(-0.585452292379018,-0.810706860306581,0.));
#10361=DIRECTION('',(0.,0.,-1.));
#10362=DIRECTION('center_axis',(-0.0238223836984739,-0.999716206748157,
0.));
#10363=DIRECTION('ref_axis',(0.999716206748156,-0.0238223836984739,0.));
#10364=DIRECTION('',(-0.999716206748156,0.0238223836984739,0.));
#10365=DIRECTION('',(0.,0.,1.));
#10366=DIRECTION('',(0.999716206748156,-0.0238223836984739,0.));
#10367=DIRECTION('',(0.,0.,1.));
#10368=DIRECTION('center_axis',(-0.785479535179441,0.618887631007673,0.));
#10369=DIRECTION('ref_axis',(-0.618887631007673,-0.785479535179441,0.));
#10370=DIRECTION('',(0.618887631007673,0.785479535179441,0.));
#10371=DIRECTION('',(-0.618887631007673,-0.785479535179441,0.));
#10372=DIRECTION('',(0.,0.,-1.));
#10373=DIRECTION('center_axis',(-0.065665257121775,-0.997841707891152,0.));
#10374=DIRECTION('ref_axis',(0.997841707891152,-0.065665257121775,0.));
#10375=DIRECTION('',(-0.997841707891152,0.065665257121775,0.));
#10376=DIRECTION('',(0.,0.,1.));
#10377=DIRECTION('',(0.997841707891152,-0.065665257121775,0.));
#10378=DIRECTION('',(0.,0.,1.));
#10379=DIRECTION('center_axis',(-0.758874212039856,0.651237230432112,0.));
#10380=DIRECTION('ref_axis',(-0.651237230432111,-0.758874212039856,0.));
#10381=DIRECTION('',(0.651237230432112,0.758874212039856,0.));
#10382=DIRECTION('',(-0.651237230432112,-0.758874212039856,0.));
#10383=DIRECTION('',(0.,0.,-1.));
#10384=DIRECTION('center_axis',(-0.10739293137088,-0.994216655609616,0.));
#10385=DIRECTION('ref_axis',(0.994216655609616,-0.10739293137088,0.));
#10386=DIRECTION('',(-0.994216655609616,0.10739293137088,0.));
#10387=DIRECTION('',(0.,0.,1.));
#10388=DIRECTION('',(0.994216655609616,-0.10739293137088,0.));
#10389=DIRECTION('',(0.,0.,1.));
#10390=DIRECTION('center_axis',(-0.730937565665164,0.682444338462474,0.));
#10391=DIRECTION('ref_axis',(-0.682444338462474,-0.730937565665164,0.));
#10392=DIRECTION('',(0.682444338462474,0.730937565665164,0.));
#10393=DIRECTION('',(-0.682444338462474,-0.730937565665164,0.));
#10394=DIRECTION('',(0.,0.,-1.));
#10395=DIRECTION('center_axis',(-0.148932201925997,-0.988847409477051,0.));
#10396=DIRECTION('ref_axis',(0.988847409477051,-0.148932201925997,0.));
#10397=DIRECTION('',(-0.988847409477051,0.148932201925997,0.));
#10398=DIRECTION('',(0.,0.,1.));
#10399=DIRECTION('',(0.988847409477051,-0.148932201925997,0.));
#10400=DIRECTION('',(0.,0.,1.));
#10401=DIRECTION('center_axis',(-0.701718606426042,0.712454207227028,0.));
#10402=DIRECTION('ref_axis',(-0.712454207227028,-0.701718606426042,0.));
#10403=DIRECTION('',(0.712454207227028,0.701718606426042,0.));
#10404=DIRECTION('',(-0.712454207227028,-0.701718606426042,0.));
#10405=DIRECTION('',(0.,0.,-1.));
#10406=DIRECTION('center_axis',(-0.190210194791433,-0.981743388975655,0.));
#10407=DIRECTION('ref_axis',(0.981743388975655,-0.190210194791433,0.));
#10408=DIRECTION('',(-0.981743388975655,0.190210194791433,0.));
#10409=DIRECTION('',(0.,0.,1.));
#10410=DIRECTION('',(0.981743388975655,-0.190210194791433,0.));
#10411=DIRECTION('',(0.,0.,1.));
#10412=DIRECTION('center_axis',(-0.671268594305664,0.74121418921854,0.));
#10413=DIRECTION('ref_axis',(-0.74121418921854,-0.671268594305664,0.));
#10414=DIRECTION('',(0.74121418921854,0.671268594305664,0.));
#10415=DIRECTION('',(-0.74121418921854,-0.671268594305664,0.));
#10416=DIRECTION('',(0.,0.,-1.));
#10417=DIRECTION('center_axis',(-0.231154494341348,-0.972917056971351,0.));
#10418=DIRECTION('ref_axis',(0.972917056971351,-0.231154494341348,0.));
#10419=DIRECTION('',(-0.972917056971351,0.231154494341348,0.));
#10420=DIRECTION('',(0.,0.,1.));
#10421=DIRECTION('',(0.972917056971351,-0.231154494341348,0.));
#10422=DIRECTION('',(0.,0.,1.));
#10423=DIRECTION('center_axis',(-0.639640948972272,0.768673829655889,0.));
#10424=DIRECTION('ref_axis',(-0.768673829655889,-0.639640948972272,0.));
#10425=DIRECTION('',(0.768673829655889,0.639640948972272,0.));
#10426=DIRECTION('',(-0.768673829655889,-0.639640948972272,0.));
#10427=DIRECTION('',(0.,0.,-1.));
#10428=DIRECTION('center_axis',(-0.271693270361362,-0.962383897849682,0.));
#10429=DIRECTION('ref_axis',(0.962383897849682,-0.271693270361362,0.));
#10430=DIRECTION('',(-0.962383897849682,0.271693270361362,0.));
#10431=DIRECTION('',(0.,0.,1.));
#10432=DIRECTION('',(0.962383897849682,-0.271693270361362,0.));
#10433=DIRECTION('',(0.,0.,1.));
#10434=DIRECTION('center_axis',(-0.606891156062928,0.794784954998899,0.));
#10435=DIRECTION('ref_axis',(-0.794784954998899,-0.606891156062928,0.));
#10436=DIRECTION('',(0.794784954998899,0.606891156062928,0.));
#10437=DIRECTION('',(-0.794784954998899,-0.606891156062928,0.));
#10438=DIRECTION('',(0.,0.,-1.));
#10439=DIRECTION('center_axis',(-0.311755404063169,-0.950162390350939,0.));
#10440=DIRECTION('ref_axis',(0.950162390350939,-0.311755404063169,0.));
#10441=DIRECTION('',(-0.950162390350939,0.311755404063169,0.));
#10442=DIRECTION('',(0.,0.,1.));
#10443=DIRECTION('',(0.950162390350939,-0.311755404063169,0.));
#10444=DIRECTION('',(0.,0.,1.));
#10445=DIRECTION('center_axis',(-0.573076669842849,0.819501757461099,0.));
#10446=DIRECTION('ref_axis',(-0.819501757461099,-0.573076669842849,0.));
#10447=DIRECTION('',(0.819501757461099,0.573076669842849,0.));
#10448=DIRECTION('',(-0.819501757461099,-0.573076669842849,0.));
#10449=DIRECTION('',(0.,0.,-1.));
#10450=DIRECTION('center_axis',(-0.351270612851051,-0.93627397515217,0.));
#10451=DIRECTION('ref_axis',(0.93627397515217,-0.351270612851051,0.));
#10452=DIRECTION('',(-0.93627397515217,0.351270612851051,0.));
#10453=DIRECTION('',(0.,0.,1.));
#10454=DIRECTION('',(0.93627397515217,-0.351270612851051,0.));
#10455=DIRECTION('',(0.,0.,1.));
#10456=DIRECTION('center_axis',(-0.538256812411105,0.842780875372144,0.));
#10457=DIRECTION('ref_axis',(-0.842780875372144,-0.538256812411105,0.));
#10458=DIRECTION('',(0.842780875372144,0.538256812411105,0.));
#10459=DIRECTION('',(-0.842780875372144,-0.538256812411105,0.));
#10460=DIRECTION('',(0.,0.,-1.));
#10461=DIRECTION('center_axis',(-0.390169573621437,-0.92074301725295,0.));
#10462=DIRECTION('ref_axis',(0.92074301725295,-0.390169573621436,0.));
#10463=DIRECTION('',(-0.92074301725295,0.390169573621436,0.));
#10464=DIRECTION('',(0.,0.,1.));
#10465=DIRECTION('',(0.92074301725295,-0.390169573621436,0.));
#10466=DIRECTION('',(0.,0.,1.));
#10467=DIRECTION('center_axis',(-0.502492669629498,0.86458146924892,0.));
#10468=DIRECTION('ref_axis',(-0.864581469248919,-0.502492669629498,0.));
#10469=DIRECTION('',(0.864581469248919,0.502492669629498,0.));
#10470=DIRECTION('',(-0.864581469248919,-0.502492669629498,0.));
#10471=DIRECTION('',(0.,0.,-1.));
#10472=DIRECTION('center_axis',(-0.428384044379178,-0.903596763230889,0.));
#10473=DIRECTION('ref_axis',(0.903596763230889,-0.428384044379178,0.));
#10474=DIRECTION('',(-0.903596763230889,0.428384044379178,0.));
#10475=DIRECTION('',(0.,0.,1.));
#10476=DIRECTION('',(0.903596763230889,-0.428384044379178,0.));
#10477=DIRECTION('',(0.,0.,1.));
#10478=DIRECTION('center_axis',(-0.465846983957204,0.884865293441876,0.));
#10479=DIRECTION('ref_axis',(-0.884865293441875,-0.465846983957204,0.));
#10480=DIRECTION('',(0.884865293441875,0.465846983957204,0.));
#10481=DIRECTION('',(-0.884865293441875,-0.465846983957204,0.));
#10482=DIRECTION('',(0.,0.,-1.));
#10483=DIRECTION('center_axis',(-0.465846983957201,-0.884865293441877,0.));
#10484=DIRECTION('ref_axis',(0.884865293441877,-0.465846983957201,0.));
#10485=DIRECTION('',(-0.884865293441877,0.465846983957201,0.));
#10486=DIRECTION('',(0.,0.,1.));
#10487=DIRECTION('',(0.884865293441877,-0.465846983957201,0.));
#10488=DIRECTION('',(0.,0.,1.));
#10489=DIRECTION('center_axis',(-0.428384044379181,0.903596763230887,0.));
#10490=DIRECTION('ref_axis',(-0.903596763230887,-0.428384044379181,0.));
#10491=DIRECTION('',(0.903596763230887,0.428384044379181,0.));
#10492=DIRECTION('',(-0.903596763230887,-0.428384044379181,0.));
#10493=DIRECTION('',(0.,0.,-1.));
#10494=DIRECTION('center_axis',(-0.502492669629495,-0.864581469248921,0.));
#10495=DIRECTION('ref_axis',(0.864581469248921,-0.502492669629495,0.));
#10496=DIRECTION('',(-0.864581469248921,0.502492669629495,0.));
#10497=DIRECTION('',(0.,0.,1.));
#10498=DIRECTION('',(0.864581469248921,-0.502492669629495,0.));
#10499=DIRECTION('',(0.,0.,1.));
#10500=DIRECTION('center_axis',(-0.39016957362144,0.920743017252949,0.));
#10501=DIRECTION('ref_axis',(-0.920743017252949,-0.39016957362144,0.));
#10502=DIRECTION('',(0.920743017252949,0.390169573621439,0.));
#10503=DIRECTION('',(-0.920743017252949,-0.39016957362144,0.));
#10504=DIRECTION('',(0.,0.,-1.));
#10505=DIRECTION('center_axis',(-0.538256812411102,-0.842780875372146,0.));
#10506=DIRECTION('ref_axis',(0.842780875372145,-0.538256812411102,0.));
#10507=DIRECTION('',(-0.842780875372145,0.538256812411102,0.));
#10508=DIRECTION('',(0.,0.,1.));
#10509=DIRECTION('',(0.842780875372145,-0.538256812411102,0.));
#10510=DIRECTION('',(0.,0.,1.));
#10511=DIRECTION('center_axis',(-0.351270612851055,0.936273975152169,0.));
#10512=DIRECTION('ref_axis',(-0.936273975152169,-0.351270612851055,0.));
#10513=DIRECTION('',(0.936273975152169,0.351270612851055,0.));
#10514=DIRECTION('',(-0.936273975152169,-0.351270612851055,0.));
#10515=DIRECTION('',(0.,0.,-1.));
#10516=DIRECTION('center_axis',(-0.573076669842847,-0.819501757461101,0.));
#10517=DIRECTION('ref_axis',(0.819501757461101,-0.573076669842846,0.));
#10518=DIRECTION('',(-0.819501757461101,0.573076669842847,0.));
#10519=DIRECTION('',(0.,0.,1.));
#10520=DIRECTION('',(0.819501757461101,-0.573076669842847,0.));
#10521=DIRECTION('',(0.,0.,1.));
#10522=DIRECTION('center_axis',(-0.311755404063173,0.950162390350938,0.));
#10523=DIRECTION('ref_axis',(-0.950162390350938,-0.311755404063173,0.));
#10524=DIRECTION('',(0.950162390350938,0.311755404063173,0.));
#10525=DIRECTION('',(-0.950162390350938,-0.311755404063173,0.));
#10526=DIRECTION('',(0.,0.,-1.));
#10527=DIRECTION('center_axis',(-0.606891156062926,-0.794784954998902,0.));
#10528=DIRECTION('ref_axis',(0.794784954998901,-0.606891156062925,0.));
#10529=DIRECTION('',(-0.794784954998901,0.606891156062925,0.));
#10530=DIRECTION('',(0.,0.,1.));
#10531=DIRECTION('',(0.794784954998901,-0.606891156062925,0.));
#10532=DIRECTION('',(0.,0.,1.));
#10533=DIRECTION('center_axis',(-0.271693270361366,0.962383897849681,0.));
#10534=DIRECTION('ref_axis',(-0.962383897849681,-0.271693270361365,0.));
#10535=DIRECTION('',(0.962383897849681,0.271693270361365,0.));
#10536=DIRECTION('',(-0.962383897849681,-0.271693270361365,0.));
#10537=DIRECTION('',(0.,0.,-1.));
#10538=DIRECTION('center_axis',(-0.63964094897227,-0.768673829655891,0.));
#10539=DIRECTION('ref_axis',(0.768673829655891,-0.63964094897227,0.));
#10540=DIRECTION('',(-0.768673829655891,0.63964094897227,0.));
#10541=DIRECTION('',(0.,0.,1.));
#10542=DIRECTION('',(0.768673829655891,-0.63964094897227,0.));
#10543=DIRECTION('',(0.,0.,1.));
#10544=DIRECTION('center_axis',(-0.231154494341351,0.972917056971351,0.));
#10545=DIRECTION('ref_axis',(-0.972917056971351,-0.231154494341351,0.));
#10546=DIRECTION('',(0.972917056971351,0.231154494341351,0.));
#10547=DIRECTION('',(-0.972917056971351,-0.231154494341351,0.));
#10548=DIRECTION('',(0.,0.,-1.));
#10549=DIRECTION('center_axis',(-0.671268594305661,-0.741214189218543,0.));
#10550=DIRECTION('ref_axis',(0.741214189218543,-0.671268594305661,0.));
#10551=DIRECTION('',(-0.741214189218543,0.671268594305661,0.));
#10552=DIRECTION('',(0.,0.,1.));
#10553=DIRECTION('',(0.741214189218543,-0.671268594305661,0.));
#10554=DIRECTION('',(0.,0.,1.));
#10555=DIRECTION('center_axis',(-0.190210194791438,0.981743388975655,0.));
#10556=DIRECTION('ref_axis',(-0.981743388975655,-0.190210194791438,0.));
#10557=DIRECTION('',(0.981743388975654,0.190210194791438,0.));
#10558=DIRECTION('',(-0.981743388975655,-0.190210194791438,0.));
#10559=DIRECTION('',(0.,0.,-1.));
#10560=DIRECTION('center_axis',(-0.701718606426039,-0.712454207227031,0.));
#10561=DIRECTION('ref_axis',(0.712454207227031,-0.701718606426039,0.));
#10562=DIRECTION('',(-0.712454207227031,0.701718606426039,0.));
#10563=DIRECTION('',(0.,0.,1.));
#10564=DIRECTION('',(0.712454207227031,-0.701718606426039,0.));
#10565=DIRECTION('',(0.,0.,1.));
#10566=DIRECTION('center_axis',(-0.148932201926001,0.98884740947705,0.));
#10567=DIRECTION('ref_axis',(-0.98884740947705,-0.148932201926001,0.));
#10568=DIRECTION('',(0.98884740947705,0.148932201926001,0.));
#10569=DIRECTION('',(-0.98884740947705,-0.148932201926001,0.));
#10570=DIRECTION('',(0.,0.,-1.));
#10571=DIRECTION('center_axis',(-0.730937565665162,-0.682444338462476,0.));
#10572=DIRECTION('ref_axis',(0.682444338462476,-0.730937565665162,0.));
#10573=DIRECTION('',(-0.682444338462476,0.730937565665162,0.));
#10574=DIRECTION('',(0.,0.,1.));
#10575=DIRECTION('',(0.682444338462476,-0.730937565665162,0.));
#10576=DIRECTION('',(0.,0.,1.));
#10577=DIRECTION('center_axis',(-0.107392931370883,0.994216655609615,0.));
#10578=DIRECTION('ref_axis',(-0.994216655609615,-0.107392931370883,0.));
#10579=DIRECTION('',(0.994216655609615,0.107392931370883,0.));
#10580=DIRECTION('',(-0.994216655609615,-0.107392931370883,0.));
#10581=DIRECTION('',(0.,0.,-1.));
#10582=DIRECTION('center_axis',(-0.758874212039854,-0.651237230432114,0.));
#10583=DIRECTION('ref_axis',(0.651237230432114,-0.758874212039854,0.));
#10584=DIRECTION('',(-0.651237230432114,0.758874212039854,0.));
#10585=DIRECTION('',(0.,0.,1.));
#10586=DIRECTION('',(0.651237230432114,-0.758874212039854,0.));
#10587=DIRECTION('',(0.,0.,1.));
#10588=DIRECTION('center_axis',(-0.0656652571217785,0.997841707891152,0.));
#10589=DIRECTION('ref_axis',(-0.997841707891152,-0.0656652571217785,0.));
#10590=DIRECTION('',(0.997841707891152,0.0656652571217785,0.));
#10591=DIRECTION('',(-0.997841707891152,-0.0656652571217785,0.));
#10592=DIRECTION('',(0.,0.,-1.));
#10593=DIRECTION('center_axis',(-0.785479535179438,-0.618887631007676,0.));
#10594=DIRECTION('ref_axis',(0.618887631007676,-0.785479535179438,0.));
#10595=DIRECTION('',(-0.618887631007676,0.785479535179438,0.));
#10596=DIRECTION('',(0.,0.,1.));
#10597=DIRECTION('',(0.618887631007676,-0.785479535179438,0.));
#10598=DIRECTION('',(0.,0.,1.));
#10599=DIRECTION('center_axis',(-0.0238223836984773,0.999716206748157,0.));
#10600=DIRECTION('ref_axis',(-0.999716206748156,-0.0238223836984773,0.));
#10601=DIRECTION('',(0.999716206748156,0.0238223836984773,0.));
#10602=DIRECTION('',(-0.999716206748156,-0.0238223836984773,0.));
#10603=DIRECTION('',(0.,0.,-1.));
#10604=DIRECTION('center_axis',(-0.810706860306578,-0.58545229237902,0.));
#10605=DIRECTION('ref_axis',(0.58545229237902,-0.810706860306578,0.));
#10606=DIRECTION('',(-0.58545229237902,0.810706860306578,0.));
#10607=DIRECTION('',(0.,0.,1.));
#10608=DIRECTION('',(0.58545229237902,-0.810706860306578,0.));
#10609=DIRECTION('',(0.,0.,1.));
#10610=DIRECTION('center_axis',(0.0180622822807312,0.999836863672675,0.));
#10611=DIRECTION('ref_axis',(-0.999836863672675,0.0180622822807312,0.));
#10612=DIRECTION('',(0.999836863672675,-0.0180622822807312,0.));
#10613=DIRECTION('',(-0.999836863672675,0.0180622822807312,0.));
#10614=DIRECTION('',(0.,0.,-1.));
#10615=DIRECTION('center_axis',(-0.834511930120699,-0.550989871491506,0.));
#10616=DIRECTION('ref_axis',(0.550989871491506,-0.834511930120699,0.));
#10617=DIRECTION('',(-0.550989871491506,0.834511930120699,0.));
#10618=DIRECTION('',(0.,0.,1.));
#10619=DIRECTION('',(0.550989871491506,-0.834511930120699,0.));
#10620=DIRECTION('',(0.,0.,1.));
#10621=DIRECTION('center_axis',(0.0599152608792146,0.998203466991463,0.));
#10622=DIRECTION('ref_axis',(-0.998203466991462,0.0599152608792146,0.));
#10623=DIRECTION('',(0.998203466991463,-0.0599152608792146,0.));
#10624=DIRECTION('',(-0.998203466991462,0.0599152608792146,0.));
#10625=DIRECTION('',(0.,0.,-1.));
#10626=DIRECTION('center_axis',(-0.856852982440328,-0.515560827141779,0.));
#10627=DIRECTION('ref_axis',(0.515560827141779,-0.856852982440327,0.));
#10628=DIRECTION('',(-0.515560827141779,0.856852982440327,0.));
#10629=DIRECTION('',(0.,0.,1.));
#10630=DIRECTION('',(0.515560827141779,-0.856852982440328,0.));
#10631=DIRECTION('',(0.,0.,1.));
#10632=DIRECTION('center_axis',(0.101663127750773,0.99481888223733,0.));
#10633=DIRECTION('ref_axis',(-0.99481888223733,0.101663127750773,0.));
#10634=DIRECTION('',(0.99481888223733,-0.101663127750773,0.));
#10635=DIRECTION('',(-0.99481888223733,0.101663127750773,0.));
#10636=DIRECTION('',(0.,0.,-1.));
#10637=DIRECTION('center_axis',(-0.877690823468156,-0.4792273139125,0.));
#10638=DIRECTION('ref_axis',(0.4792273139125,-0.877690823468156,0.));
#10639=DIRECTION('',(-0.4792273139125,0.877690823468156,0.));
#10640=DIRECTION('',(0.,0.,1.));
#10641=DIRECTION('',(0.4792273139125,-0.877690823468156,0.));
#10642=DIRECTION('',(0.,0.,1.));
#10643=DIRECTION('center_axis',(0.143232642950894,0.989689047122025,0.));
#10644=DIRECTION('ref_axis',(-0.989689047122025,0.143232642950894,0.));
#10645=DIRECTION('',(0.989689047122025,-0.143232642950894,0.));
#10646=DIRECTION('',(-0.989689047122025,0.143232642950894,0.));
#10647=DIRECTION('',(0.,0.,-1.));
#10648=DIRECTION('center_axis',(-0.896988896550276,-0.442053073132082,0.));
#10649=DIRECTION('ref_axis',(0.442053073132082,-0.896988896550276,0.));
#10650=DIRECTION('',(-0.442053073132082,0.896988896550276,0.));
#10651=DIRECTION('',(0.,0.,1.));
#10652=DIRECTION('',(0.442053073132082,-0.896988896550276,0.));
#10653=DIRECTION('',(0.,0.,1.));
#10654=DIRECTION('center_axis',(0.1845508794245,0.98282296111947,0.));
#10655=DIRECTION('ref_axis',(-0.98282296111947,0.1845508794245,0.));
#10656=DIRECTION('',(0.98282296111947,-0.1845508794245,0.));
#10657=DIRECTION('',(-0.98282296111947,0.1845508794245,0.));
#10658=DIRECTION('',(0.,0.,-1.));
#10659=DIRECTION('center_axis',(-0.914713346308972,-0.404103321050747,0.));
#10660=DIRECTION('ref_axis',(0.404103321050747,-0.914713346308972,0.));
#10661=DIRECTION('',(-0.404103321050747,0.914713346308972,0.));
#10662=DIRECTION('',(0.,0.,1.));
#10663=DIRECTION('',(0.404103321050747,-0.914713346308972,0.));
#10664=DIRECTION('',(0.,0.,1.));
#10665=DIRECTION('center_axis',(0.225545350944786,0.974232669677626,0.));
#10666=DIRECTION('ref_axis',(-0.974232669677626,0.225545350944786,0.));
#10667=DIRECTION('',(0.974232669677626,-0.225545350944786,0.));
#10668=DIRECTION('',(-0.974232669677626,0.225545350944786,0.));
#10669=DIRECTION('',(0.,0.,-1.));
#10670=DIRECTION('center_axis',(-0.930833078036557,-0.365444634429059,0.));
#10671=DIRECTION('ref_axis',(0.365444634429059,-0.930833078036557,0.));
#10672=DIRECTION('',(-0.365444634429059,0.930833078036557,0.));
#10673=DIRECTION('',(0.,0.,1.));
#10674=DIRECTION('',(0.365444634429059,-0.930833078036557,0.));
#10675=DIRECTION('',(0.,0.,1.));
#10676=DIRECTION('center_axis',(0.266144139278688,0.963933243086681,0.));
#10677=DIRECTION('ref_axis',(-0.963933243086681,0.266144139278688,0.));
#10678=DIRECTION('',(0.963933243086681,-0.266144139278688,0.));
#10679=DIRECTION('',(-0.963933243086681,0.266144139278688,0.));
#10680=DIRECTION('',(0.,0.,-1.));
#10681=DIRECTION('center_axis',(-0.945319812246062,-0.32614483373966,0.));
#10682=DIRECTION('ref_axis',(0.32614483373966,-0.945319812246062,0.));
#10683=DIRECTION('',(-0.32614483373966,0.945319812246062,0.));
#10684=DIRECTION('',(0.,0.,1.));
#10685=DIRECTION('',(0.32614483373966,-0.945319812246062,0.));
#10686=DIRECTION('',(0.,0.,1.));
#10687=DIRECTION('center_axis',(0.30627602035591,0.951942750040645,0.));
#10688=DIRECTION('ref_axis',(-0.951942750040645,0.30627602035591,0.));
#10689=DIRECTION('',(0.951942750040645,-0.30627602035591,0.));
#10690=DIRECTION('',(-0.951942750040645,0.30627602035591,0.));
#10691=DIRECTION('',(0.,0.,-1.));
#10692=DIRECTION('center_axis',(-0.958148134283056,-0.286272864187122,0.));
#10693=DIRECTION('ref_axis',(0.286272864187122,-0.958148134283056,0.));
#10694=DIRECTION('',(-0.286272864187122,0.958148134283056,0.));
#10695=DIRECTION('',(0.,0.,1.));
#10696=DIRECTION('',(0.286272864187122,-0.958148134283056,0.));
#10697=DIRECTION('',(0.,0.,1.));
#10698=DIRECTION('center_axis',(0.345870589220136,0.938282225938718,0.));
#10699=DIRECTION('ref_axis',(-0.938282225938718,0.345870589220136,0.));
#10700=DIRECTION('',(0.938282225938718,-0.345870589220136,0.));
#10701=DIRECTION('',(-0.938282225938718,0.345870589220136,0.));
#10702=DIRECTION('',(0.,0.,-1.));
#10703=DIRECTION('center_axis',(-0.969295538911594,-0.245898674754628,0.));
#10704=DIRECTION('ref_axis',(0.245898674754628,-0.969295538911594,0.));
#10705=DIRECTION('',(-0.245898674754628,0.969295538911594,0.));
#10706=DIRECTION('',(0.,0.,1.));
#10707=DIRECTION('',(0.245898674754628,-0.969295538911594,0.));
#10708=DIRECTION('',(0.,0.,1.));
#10709=DIRECTION('center_axis',(0.384858383543255,0.922975635982052,0.));
#10710=DIRECTION('ref_axis',(-0.922975635982052,0.384858383543255,0.));
#10711=DIRECTION('',(0.922975635982052,-0.384858383543255,0.));
#10712=DIRECTION('',(-0.922975635982052,0.384858383543255,0.));
#10713=DIRECTION('',(0.,0.,-1.));
#10714=DIRECTION('center_axis',(-0.978742469796044,-0.205093095489682,0.));
#10715=DIRECTION('ref_axis',(0.205093095489682,-0.978742469796044,0.));
#10716=DIRECTION('',(-0.205093095489682,0.978742469796044,0.));
#10717=DIRECTION('',(0.,0.,1.));
#10718=DIRECTION('',(0.205093095489682,-0.978742469796044,0.));
#10719=DIRECTION('',(0.,0.,1.));
#10720=DIRECTION('center_axis',(0.423171005485881,0.906049833130644,0.));
#10721=DIRECTION('ref_axis',(-0.906049833130644,0.423171005485881,0.));
#10722=DIRECTION('',(0.906049833130644,-0.423171005485881,0.));
#10723=DIRECTION('',(-0.906049833130644,0.423171005485881,0.));
#10724=DIRECTION('',(0.,0.,-1.));
#10725=DIRECTION('center_axis',(-0.986472353809545,-0.163927713244146,0.));
#10726=DIRECTION('ref_axis',(0.163927713244146,-0.986472353809546,0.));
#10727=DIRECTION('',(-0.163927713244146,0.986472353809546,0.));
#10728=DIRECTION('',(0.,0.,1.));
#10729=DIRECTION('',(0.163927713244146,-0.986472353809546,0.));
#10730=DIRECTION('',(0.,0.,1.));
#10731=DIRECTION('center_axis',(0.460741241690411,0.887534510994124,0.));
#10732=DIRECTION('ref_axis',(-0.887534510994124,0.460741241690411,0.));
#10733=DIRECTION('',(0.887534510994124,-0.460741241690411,0.));
#10734=DIRECTION('',(-0.887534510994124,0.460741241690411,0.));
#10735=DIRECTION('',(0.,0.,-1.));
#10736=DIRECTION('center_axis',(-0.992471630108907,-0.122474746086568,0.));
#10737=DIRECTION('ref_axis',(0.122474746086568,-0.992471630108907,0.));
#10738=DIRECTION('',(-0.122474746086568,0.992471630108907,0.));
#10739=DIRECTION('',(0.,0.,1.));
#10740=DIRECTION('',(0.122474746086568,-0.992471630108907,0.));
#10741=DIRECTION('',(0.,0.,1.));
#10742=DIRECTION('center_axis',(0.49750318119609,0.867462151739066,0.));
#10743=DIRECTION('ref_axis',(-0.867462151739066,0.49750318119609,0.));
#10744=DIRECTION('',(0.867462151739066,-0.49750318119609,0.));
#10745=DIRECTION('',(-0.867462151739066,0.49750318119609,0.));
#10746=DIRECTION('',(0.,0.,-1.));
#10747=DIRECTION('center_axis',(-0.996729773924931,-0.0808069166071566,
0.));
#10748=DIRECTION('ref_axis',(0.0808069166071566,-0.996729773924931,0.));
#10749=DIRECTION('',(-0.0808069166071566,0.996729773924931,0.));
#10750=DIRECTION('',(0.,0.,1.));
#10751=DIRECTION('',(0.0808069166071566,-0.996729773924931,0.));
#10752=DIRECTION('',(0.,0.,1.));
#10753=DIRECTION('center_axis',(0.533392331069234,0.845867969104239,0.));
#10754=DIRECTION('ref_axis',(-0.845867969104239,0.533392331069234,0.));
#10755=DIRECTION('',(0.845867969104239,-0.533392331069234,0.));
#10756=DIRECTION('',(-0.845867969104239,0.533392331069234,0.));
#10757=DIRECTION('',(0.,0.,-1.));
#10758=DIRECTION('center_axis',(-0.999239315026438,-0.0389973243376409,
0.));
#10759=DIRECTION('ref_axis',(0.0389973243376409,-0.999239315026438,0.));
#10760=DIRECTION('',(-0.0389973243376409,0.999239315026438,0.));
#10761=DIRECTION('',(0.,0.,1.));
#10762=DIRECTION('',(0.0389973243376409,-0.999239315026438,0.));
#10763=DIRECTION('',(0.,0.,1.));
#10764=DIRECTION('center_axis',(0.56834572954575,0.822789846623735,0.));
#10765=DIRECTION('ref_axis',(-0.822789846623735,0.56834572954575,0.));
#10766=DIRECTION('',(0.822789846623735,-0.56834572954575,0.));
#10767=DIRECTION('',(-0.822789846623735,0.56834572954575,0.));
#10768=DIRECTION('',(0.,0.,-1.));
#10769=DIRECTION('center_axis',(-0.999995850825588,0.00288068249014296,
0.));
#10770=DIRECTION('ref_axis',(-0.00288068249014296,-0.999995850825588,0.));
#10771=DIRECTION('',(0.00288068249014296,0.999995850825588,0.));
#10772=DIRECTION('',(0.,0.,1.));
#10773=DIRECTION('',(-0.00288068249014296,-0.999995850825588,0.));
#10774=DIRECTION('',(0.,0.,1.));
#10775=DIRECTION('center_axis',(0.602302056487467,0.798268271166384,0.));
#10776=DIRECTION('ref_axis',(-0.798268271166384,0.602302056487467,0.));
#10777=DIRECTION('',(0.798268271166384,-0.602302056487467,0.));
#10778=DIRECTION('',(-0.798268271166384,0.602302056487467,0.));
#10779=DIRECTION('',(0.,0.,-1.));
#10780=DIRECTION('center_axis',(-0.998998054101516,0.0447536356219766,0.));
#10781=DIRECTION('ref_axis',(-0.0447536356219766,-0.998998054101516,0.));
#10782=DIRECTION('',(0.0447536356219766,0.998998054101516,0.));
#10783=DIRECTION('',(0.,0.,1.));
#10784=DIRECTION('',(-0.0447536356219766,-0.998998054101516,0.));
#10785=DIRECTION('',(0.,0.,1.));
#10786=DIRECTION('center_axis',(0.635201740958491,0.772346261908026,0.));
#10787=DIRECTION('ref_axis',(-0.772346261908027,0.635201740958491,0.));
#10788=DIRECTION('',(0.772346261908027,-0.635201740958491,0.));
#10789=DIRECTION('',(-0.772346261908027,0.635201740958491,0.));
#10790=DIRECTION('',(0.,0.,-1.));
#10791=DIRECTION('center_axis',(-0.99624767532873,0.0865480756695418,0.));
#10792=DIRECTION('ref_axis',(-0.0865480756695418,-0.99624767532873,0.));
#10793=DIRECTION('',(0.0865480756695418,0.99624767532873,0.));
#10794=DIRECTION('',(0.,0.,1.));
#10795=DIRECTION('',(-0.0865480756695418,-0.99624767532873,0.));
#10796=DIRECTION('',(0.,0.,1.));
#10797=DIRECTION('center_axis',(0.666987065732872,0.745069294861259,0.));
#10798=DIRECTION('ref_axis',(-0.745069294861259,0.666987065732872,0.));
#10799=DIRECTION('',(0.745069294861259,-0.666987065732872,0.));
#10800=DIRECTION('',(-0.745069294861259,0.666987065732872,0.));
#10801=DIRECTION('',(0.,0.,-1.));
#10802=DIRECTION('center_axis',(-0.991749539606183,0.128190680983149,0.));
#10803=DIRECTION('ref_axis',(-0.128190680983149,-0.991749539606183,0.));
#10804=DIRECTION('',(0.128190680983149,0.991749539606183,0.));
#10805=DIRECTION('',(0.,0.,1.));
#10806=DIRECTION('',(-0.128190680983149,-0.991749539606183,0.));
#10807=DIRECTION('',(0.,0.,1.));
#10808=DIRECTION('center_axis',(0.697602268550229,0.716485223095057,0.));
#10809=DIRECTION('ref_axis',(-0.716485223095057,0.697602268550229,0.));
#10810=DIRECTION('',(0.716485223095057,-0.697602268550229,0.));
#10811=DIRECTION('',(-0.716485223095057,0.697602268550229,0.));
#10812=DIRECTION('',(0.,0.,-1.));
#10813=DIRECTION('center_axis',(-0.985511538192409,0.169608396282825,0.));
#10814=DIRECTION('ref_axis',(-0.169608396282825,-0.985511538192409,0.));
#10815=DIRECTION('',(0.169608396282825,0.985511538192409,0.));
#10816=DIRECTION('',(0.,0.,1.));
#10817=DIRECTION('',(-0.169608396282825,-0.985511538192409,0.));
#10818=DIRECTION('',(0.,0.,1.));
#10819=DIRECTION('center_axis',(0.726993639941706,0.686644192784232,0.));
#10820=DIRECTION('ref_axis',(-0.686644192784232,0.726993639941706,0.));
#10821=DIRECTION('',(0.686644192784232,-0.726993639941706,0.));
#10822=DIRECTION('',(-0.686644192784232,0.726993639941706,0.));
#10823=DIRECTION('',(0.,0.,-1.));
#10824=DIRECTION('center_axis',(-0.977544614661574,0.210728560822101,0.));
#10825=DIRECTION('ref_axis',(-0.210728560822101,-0.977544614661574,0.));
#10826=DIRECTION('',(0.210728560822101,0.977544614661574,0.));
#10827=DIRECTION('',(0.,0.,1.));
#10828=DIRECTION('',(-0.210728560822101,-0.977544614661574,0.));
#10829=DIRECTION('',(0.,0.,1.));
#10830=DIRECTION('center_axis',(0.755109617454626,0.655598555235999,0.));
#10831=DIRECTION('ref_axis',(-0.655598555235999,0.755109617454626,0.));
#10832=DIRECTION('',(0.655598555235999,-0.755109617454626,0.));
#10833=DIRECTION('',(-0.655598555235999,0.755109617454626,0.));
#10834=DIRECTION('',(0.,0.,-1.));
#10835=DIRECTION('center_axis',(-0.967862745704731,0.251479035859649,0.));
#10836=DIRECTION('ref_axis',(-0.251479035859649,-0.967862745704731,0.));
#10837=DIRECTION('',(0.251479035859649,0.967862745704731,0.));
#10838=DIRECTION('',(0.,0.,1.));
#10839=DIRECTION('',(-0.251479035859649,-0.967862745704731,0.));
#10840=DIRECTION('',(0.,0.,1.));
#10841=DIRECTION('center_axis',(0.781900876110558,0.623402775047996,0.));
#10842=DIRECTION('ref_axis',(-0.623402775047995,0.781900876110558,0.));
#10843=DIRECTION('',(0.623402775047995,-0.781900876110558,0.));
#10844=DIRECTION('',(-0.623402775047995,0.781900876110558,0.));
#10845=DIRECTION('',(0.,0.,-1.));
#10846=DIRECTION('center_axis',(-0.956482916609951,0.291788331215148,0.));
#10847=DIRECTION('ref_axis',(-0.291788331215148,-0.956482916609951,0.));
#10848=DIRECTION('',(0.291788331215148,0.956482916609951,0.));
#10849=DIRECTION('',(0.,0.,1.));
#10850=DIRECTION('',(-0.291788331215148,-0.956482916609951,0.));
#10851=DIRECTION('',(0.,0.,1.));
#10852=DIRECTION('center_axis',(0.80732041493809,0.590113334558872,0.));
#10853=DIRECTION('ref_axis',(-0.590113334558871,0.80732041493809,0.));
#10854=DIRECTION('',(0.590113334558871,-0.80732041493809,0.));
#10855=DIRECTION('',(-0.590113334558871,0.80732041493809,0.));
#10856=DIRECTION('',(0.,0.,-1.));
#10857=DIRECTION('center_axis',(-0.943425091464358,0.331585730687355,0.));
#10858=DIRECTION('ref_axis',(-0.331585730687355,-0.943425091464358,0.));
#10859=DIRECTION('',(0.331585730687355,0.943425091464358,0.));
#10860=DIRECTION('',(0.,0.,1.));
#10861=DIRECTION('',(-0.331585730687355,-0.943425091464358,0.));
#10862=DIRECTION('',(0.,0.,1.));
#10863=DIRECTION('center_axis',(0.8313236394285,0.555788634759073,0.));
#10864=DIRECTION('ref_axis',(-0.555788634759073,0.8313236394285,0.));
#10865=DIRECTION('',(0.555788634759073,-0.831323639428499,0.));
#10866=DIRECTION('',(-0.555788634759073,0.831323639428499,0.));
#10867=DIRECTION('',(0.,0.,-1.));
#10868=DIRECTION('center_axis',(-0.928712178130337,0.370801416114348,0.));
#10869=DIRECTION('ref_axis',(-0.370801416114348,-0.928712178130336,0.));
#10870=DIRECTION('',(0.370801416114348,0.928712178130336,0.));
#10871=DIRECTION('',(0.,0.,1.));
#10872=DIRECTION('',(-0.370801416114348,-0.928712178130336,0.));
#10873=DIRECTION('',(0.,0.,1.));
#10874=DIRECTION('center_axis',(0.853868439769681,0.52048889283566,0.));
#10875=DIRECTION('ref_axis',(-0.52048889283566,0.853868439769681,0.));
#10876=DIRECTION('',(0.52048889283566,-0.853868439769681,0.));
#10877=DIRECTION('',(-0.52048889283566,0.853868439769681,0.));
#10878=DIRECTION('',(0.,0.,-1.));
#10879=DIRECTION('center_axis',(-0.912369988057356,0.409366589858309,0.));
#10880=DIRECTION('ref_axis',(-0.409366589858309,-0.912369988057355,0.));
#10881=DIRECTION('',(0.409366589858309,0.912369988057355,0.));
#10882=DIRECTION('',(0.,0.,1.));
#10883=DIRECTION('',(-0.409366589858309,-0.912369988057355,0.));
#10884=DIRECTION('',(0.,0.,1.));
#10885=DIRECTION('center_axis',(0.874915264721061,0.484276036530899,0.));
#10886=DIRECTION('ref_axis',(-0.484276036530899,0.874915264721061,0.));
#10887=DIRECTION('',(0.484276036530899,-0.874915264721061,0.));
#10888=DIRECTION('',(-0.484276036530899,0.874915264721061,0.));
#10889=DIRECTION('',(0.,0.,-1.));
#10890=DIRECTION('center_axis',(-0.894427190999917,0.447213595499956,0.));
#10891=DIRECTION('ref_axis',(-0.447213595499956,-0.894427190999917,0.));
#10892=DIRECTION('',(0.447213595499956,0.894427190999917,0.));
#10893=DIRECTION('',(0.,0.,1.));
#10894=DIRECTION('',(-0.447213595499956,-0.894427190999917,0.));
#10895=DIRECTION('',(0.,0.,1.));
#10896=DIRECTION('center_axis',(0.894427190999915,0.447213595499959,0.));
#10897=DIRECTION('ref_axis',(-0.447213595499959,0.894427190999915,0.));
#10898=DIRECTION('',(0.447213595499959,-0.894427190999915,0.));
#10899=DIRECTION('',(-0.447213595499959,0.894427190999915,0.));
#10900=DIRECTION('',(0.,0.,-1.));
#10901=DIRECTION('center_axis',(-0.874915264721063,0.484276036530895,0.));
#10902=DIRECTION('ref_axis',(-0.484276036530895,-0.874915264721063,0.));
#10903=DIRECTION('',(0.484276036530895,0.874915264721063,0.));
#10904=DIRECTION('',(0.,0.,1.));
#10905=DIRECTION('',(-0.484276036530895,-0.874915264721063,0.));
#10906=DIRECTION('',(0.,0.,1.));
#10907=DIRECTION('center_axis',(0.912369988057354,0.409366589858313,0.));
#10908=DIRECTION('ref_axis',(-0.409366589858313,0.912369988057354,0.));
#10909=DIRECTION('',(0.409366589858313,-0.912369988057354,0.));
#10910=DIRECTION('',(-0.409366589858313,0.912369988057354,0.));
#10911=DIRECTION('',(0.,0.,-1.));
#10912=DIRECTION('center_axis',(-0.853868439769683,0.520488892835656,0.));
#10913=DIRECTION('ref_axis',(-0.520488892835656,-0.853868439769683,0.));
#10914=DIRECTION('',(0.520488892835656,0.853868439769683,0.));
#10915=DIRECTION('',(0.,0.,1.));
#10916=DIRECTION('',(-0.520488892835656,-0.853868439769683,0.));
#10917=DIRECTION('',(0.,0.,1.));
#10918=DIRECTION('center_axis',(0.928712178130335,0.370801416114352,0.));
#10919=DIRECTION('ref_axis',(-0.370801416114352,0.928712178130335,0.));
#10920=DIRECTION('',(0.370801416114352,-0.928712178130335,0.));
#10921=DIRECTION('',(-0.370801416114352,0.928712178130335,0.));
#10922=DIRECTION('',(0.,0.,-1.));
#10923=DIRECTION('center_axis',(-0.831323639428502,0.55578863475907,0.));
#10924=DIRECTION('ref_axis',(-0.55578863475907,-0.831323639428502,0.));
#10925=DIRECTION('',(0.55578863475907,0.831323639428502,0.));
#10926=DIRECTION('',(0.,0.,1.));
#10927=DIRECTION('',(-0.55578863475907,-0.831323639428502,0.));
#10928=DIRECTION('',(0.,0.,1.));
#10929=DIRECTION('center_axis',(0.943425091464357,0.331585730687359,0.));
#10930=DIRECTION('ref_axis',(-0.331585730687359,0.943425091464357,0.));
#10931=DIRECTION('',(0.331585730687359,-0.943425091464357,0.));
#10932=DIRECTION('',(-0.331585730687359,0.943425091464357,0.));
#10933=DIRECTION('',(0.,0.,-1.));
#10934=DIRECTION('center_axis',(-0.807320414938092,0.590113334558868,0.));
#10935=DIRECTION('ref_axis',(-0.590113334558868,-0.807320414938092,0.));
#10936=DIRECTION('',(0.590113334558868,0.807320414938092,0.));
#10937=DIRECTION('',(0.,0.,1.));
#10938=DIRECTION('',(-0.590113334558868,-0.807320414938092,0.));
#10939=DIRECTION('',(0.,0.,1.));
#10940=DIRECTION('center_axis',(0.95648291660995,0.291788331215152,0.));
#10941=DIRECTION('ref_axis',(-0.291788331215152,0.95648291660995,0.));
#10942=DIRECTION('',(0.291788331215152,-0.95648291660995,0.));
#10943=DIRECTION('',(-0.291788331215152,0.95648291660995,0.));
#10944=DIRECTION('',(0.,0.,-1.));
#10945=DIRECTION('center_axis',(-0.781900876110561,0.623402775047992,0.));
#10946=DIRECTION('ref_axis',(-0.623402775047992,-0.781900876110561,0.));
#10947=DIRECTION('',(0.623402775047992,0.781900876110561,0.));
#10948=DIRECTION('',(0.,0.,1.));
#10949=DIRECTION('',(-0.623402775047992,-0.781900876110561,0.));
#10950=DIRECTION('',(0.,0.,1.));
#10951=DIRECTION('center_axis',(0.96786274570473,0.251479035859653,0.));
#10952=DIRECTION('ref_axis',(-0.251479035859653,0.96786274570473,0.));
#10953=DIRECTION('',(0.251479035859653,-0.96786274570473,0.));
#10954=DIRECTION('',(-0.251479035859653,0.96786274570473,0.));
#10955=DIRECTION('',(0.,0.,-1.));
#10956=DIRECTION('center_axis',(-0.755109617454628,0.655598555235996,0.));
#10957=DIRECTION('ref_axis',(-0.655598555235996,-0.755109617454628,0.));
#10958=DIRECTION('',(0.655598555235996,0.755109617454628,0.));
#10959=DIRECTION('',(0.,0.,1.));
#10960=DIRECTION('',(-0.655598555235996,-0.755109617454628,0.));
#10961=DIRECTION('',(0.,0.,1.));
#10962=DIRECTION('center_axis',(0.977544614661574,0.210728560822105,0.));
#10963=DIRECTION('ref_axis',(-0.210728560822105,0.977544614661574,0.));
#10964=DIRECTION('',(0.210728560822105,-0.977544614661574,0.));
#10965=DIRECTION('',(-0.210728560822105,0.977544614661574,0.));
#10966=DIRECTION('',(0.,0.,-1.));
#10967=DIRECTION('center_axis',(-0.726993639941708,0.686644192784229,0.));
#10968=DIRECTION('ref_axis',(-0.686644192784229,-0.726993639941708,0.));
#10969=DIRECTION('',(0.686644192784229,0.726993639941708,0.));
#10970=DIRECTION('',(0.,0.,1.));
#10971=DIRECTION('',(-0.686644192784229,-0.726993639941708,0.));
#10972=DIRECTION('',(0.,0.,1.));
#10973=DIRECTION('center_axis',(0.985511538192409,0.169608396282829,0.));
#10974=DIRECTION('ref_axis',(-0.169608396282829,0.985511538192408,0.));
#10975=DIRECTION('',(0.169608396282829,-0.985511538192408,0.));
#10976=DIRECTION('',(-0.169608396282829,0.985511538192408,0.));
#10977=DIRECTION('',(0.,0.,-1.));
#10978=DIRECTION('center_axis',(-0.697602268550232,0.716485223095055,0.));
#10979=DIRECTION('ref_axis',(-0.716485223095054,-0.697602268550232,0.));
#10980=DIRECTION('',(0.716485223095054,0.697602268550232,0.));
#10981=DIRECTION('',(0.,0.,1.));
#10982=DIRECTION('',(-0.716485223095054,-0.697602268550232,0.));
#10983=DIRECTION('',(0.,0.,1.));
#10984=DIRECTION('center_axis',(0.991749539606183,0.128190680983153,0.));
#10985=DIRECTION('ref_axis',(-0.128190680983153,0.991749539606183,0.));
#10986=DIRECTION('',(0.128190680983153,-0.991749539606183,0.));
#10987=DIRECTION('',(-0.128190680983153,0.991749539606183,0.));
#10988=DIRECTION('',(0.,0.,-1.));
#10989=DIRECTION('center_axis',(-0.666987065732875,0.745069294861256,0.));
#10990=DIRECTION('ref_axis',(-0.745069294861256,-0.666987065732875,0.));
#10991=DIRECTION('',(0.745069294861256,0.666987065732875,0.));
#10992=DIRECTION('',(0.,0.,1.));
#10993=DIRECTION('',(-0.745069294861256,-0.666987065732875,0.));
#10994=DIRECTION('',(0.,0.,1.));
#10995=DIRECTION('center_axis',(0.99624767532873,0.0865480756695457,0.));
#10996=DIRECTION('ref_axis',(-0.0865480756695457,0.99624767532873,0.));
#10997=DIRECTION('',(0.0865480756695457,-0.99624767532873,0.));
#10998=DIRECTION('',(-0.0865480756695457,0.99624767532873,0.));
#10999=DIRECTION('',(0.,0.,-1.));
#11000=DIRECTION('center_axis',(-0.635201740958494,0.772346261908024,0.));
#11001=DIRECTION('ref_axis',(-0.772346261908024,-0.635201740958494,0.));
#11002=DIRECTION('',(0.772346261908024,0.635201740958494,0.));
#11003=DIRECTION('',(0.,0.,1.));
#11004=DIRECTION('',(-0.772346261908024,-0.635201740958494,0.));
#11005=DIRECTION('',(0.,0.,1.));
#11006=DIRECTION('center_axis',(0.998998054101516,0.0447536356219806,0.));
#11007=DIRECTION('ref_axis',(-0.0447536356219806,0.998998054101516,0.));
#11008=DIRECTION('',(0.0447536356219806,-0.998998054101516,0.));
#11009=DIRECTION('',(-0.0447536356219806,0.998998054101516,0.));
#11010=DIRECTION('',(0.,0.,-1.));
#11011=DIRECTION('center_axis',(-0.60230205648747,0.798268271166382,0.));
#11012=DIRECTION('ref_axis',(-0.798268271166382,-0.60230205648747,0.));
#11013=DIRECTION('',(0.798268271166382,0.60230205648747,0.));
#11014=DIRECTION('',(0.,0.,1.));
#11015=DIRECTION('',(-0.798268271166382,-0.60230205648747,0.));
#11016=DIRECTION('',(0.,0.,1.));
#11017=DIRECTION('center_axis',(0.999995850825588,0.00288068249014692,0.));
#11018=DIRECTION('ref_axis',(-0.00288068249014692,0.999995850825588,0.));
#11019=DIRECTION('',(0.00288068249014692,-0.999995850825588,0.));
#11020=DIRECTION('',(-0.00288068249014692,0.999995850825588,0.));
#11021=DIRECTION('',(0.,0.,-1.));
#11022=DIRECTION('center_axis',(-0.568345729545754,0.822789846623732,0.));
#11023=DIRECTION('ref_axis',(-0.822789846623732,-0.568345729545754,0.));
#11024=DIRECTION('',(0.822789846623732,0.568345729545754,0.));
#11025=DIRECTION('',(0.,0.,1.));
#11026=DIRECTION('',(-0.822789846623732,-0.568345729545754,0.));
#11027=DIRECTION('',(0.,0.,1.));
#11028=DIRECTION('center_axis',(0.999239315026438,-0.0389973243376368,0.));
#11029=DIRECTION('ref_axis',(0.0389973243376368,0.999239315026438,0.));
#11030=DIRECTION('',(-0.0389973243376368,-0.999239315026438,0.));
#11031=DIRECTION('',(0.0389973243376368,0.999239315026438,0.));
#11032=DIRECTION('',(0.,0.,-1.));
#11033=DIRECTION('center_axis',(-0.533392331069237,0.845867969104236,0.));
#11034=DIRECTION('ref_axis',(-0.845867969104236,-0.533392331069237,0.));
#11035=DIRECTION('',(0.845867969104236,0.533392331069237,0.));
#11036=DIRECTION('',(0.,0.,1.));
#11037=DIRECTION('',(-0.845867969104236,-0.533392331069237,0.));
#11038=DIRECTION('',(0.,0.,1.));
#11039=DIRECTION('center_axis',(0.996729773924931,-0.0808069166071526,0.));
#11040=DIRECTION('ref_axis',(0.0808069166071526,0.996729773924931,0.));
#11041=DIRECTION('',(-0.0808069166071526,-0.996729773924931,0.));
#11042=DIRECTION('',(0.0808069166071526,0.996729773924931,0.));
#11043=DIRECTION('',(0.,0.,-1.));
#11044=DIRECTION('center_axis',(-0.497503181196093,0.867462151739064,0.));
#11045=DIRECTION('ref_axis',(-0.867462151739064,-0.497503181196093,0.));
#11046=DIRECTION('',(0.867462151739064,0.497503181196093,0.));
#11047=DIRECTION('',(0.,0.,1.));
#11048=DIRECTION('',(-0.867462151739064,-0.497503181196093,0.));
#11049=DIRECTION('',(0.,0.,1.));
#11050=DIRECTION('center_axis',(0.992471630108907,-0.122474746086565,0.));
#11051=DIRECTION('ref_axis',(0.122474746086565,0.992471630108907,0.));
#11052=DIRECTION('',(-0.122474746086565,-0.992471630108907,0.));
#11053=DIRECTION('',(0.122474746086565,0.992471630108907,0.));
#11054=DIRECTION('',(0.,0.,-1.));
#11055=DIRECTION('center_axis',(-0.460741241690414,0.887534510994122,0.));
#11056=DIRECTION('ref_axis',(-0.887534510994122,-0.460741241690414,0.));
#11057=DIRECTION('',(0.887534510994122,0.460741241690414,0.));
#11058=DIRECTION('',(0.,0.,1.));
#11059=DIRECTION('',(-0.887534510994122,-0.460741241690414,0.));
#11060=DIRECTION('',(0.,0.,1.));
#11061=DIRECTION('center_axis',(0.986472353809546,-0.163927713244142,0.));
#11062=DIRECTION('ref_axis',(0.163927713244142,0.986472353809546,0.));
#11063=DIRECTION('',(-0.163927713244142,-0.986472353809546,0.));
#11064=DIRECTION('',(0.163927713244142,0.986472353809546,0.));
#11065=DIRECTION('',(0.,0.,-1.));
#11066=DIRECTION('center_axis',(-0.423171005485884,0.906049833130643,0.));
#11067=DIRECTION('ref_axis',(-0.906049833130643,-0.423171005485884,0.));
#11068=DIRECTION('',(0.906049833130643,0.423171005485884,0.));
#11069=DIRECTION('',(0.,0.,1.));
#11070=DIRECTION('',(-0.906049833130643,-0.423171005485884,0.));
#11071=DIRECTION('',(0.,0.,1.));
#11072=DIRECTION('center_axis',(0.978742469796045,-0.205093095489678,0.));
#11073=DIRECTION('ref_axis',(0.205093095489678,0.978742469796045,0.));
#11074=DIRECTION('',(-0.205093095489678,-0.978742469796045,0.));
#11075=DIRECTION('',(0.205093095489678,0.978742469796045,0.));
#11076=DIRECTION('',(0.,0.,-1.));
#11077=DIRECTION('center_axis',(-0.384858383543258,0.92297563598205,0.));
#11078=DIRECTION('ref_axis',(-0.92297563598205,-0.384858383543258,0.));
#11079=DIRECTION('',(0.92297563598205,0.384858383543259,0.));
#11080=DIRECTION('',(0.,0.,1.));
#11081=DIRECTION('',(-0.92297563598205,-0.384858383543258,0.));
#11082=DIRECTION('',(0.,0.,1.));
#11083=DIRECTION('center_axis',(0.969295538911595,-0.245898674754624,0.));
#11084=DIRECTION('ref_axis',(0.245898674754624,0.969295538911595,0.));
#11085=DIRECTION('',(-0.245898674754624,-0.969295538911595,0.));
#11086=DIRECTION('',(0.245898674754624,0.969295538911595,0.));
#11087=DIRECTION('',(0.,0.,-1.));
#11088=DIRECTION('center_axis',(-0.34587058922014,0.938282225938717,0.));
#11089=DIRECTION('ref_axis',(-0.938282225938717,-0.34587058922014,0.));
#11090=DIRECTION('',(0.938282225938717,0.34587058922014,0.));
#11091=DIRECTION('',(0.,0.,1.));
#11092=DIRECTION('',(-0.938282225938717,-0.34587058922014,0.));
#11093=DIRECTION('',(0.,0.,1.));
#11094=DIRECTION('center_axis',(0.958148134283057,-0.286272864187118,0.));
#11095=DIRECTION('ref_axis',(0.286272864187118,0.958148134283057,0.));
#11096=DIRECTION('',(-0.286272864187118,-0.958148134283057,0.));
#11097=DIRECTION('',(0.286272864187118,0.958148134283057,0.));
#11098=DIRECTION('',(0.,0.,-1.));
#11099=DIRECTION('center_axis',(-0.306276020355914,0.951942750040644,0.));
#11100=DIRECTION('ref_axis',(-0.951942750040644,-0.306276020355914,0.));
#11101=DIRECTION('',(0.951942750040644,0.306276020355914,0.));
#11102=DIRECTION('',(0.,0.,1.));
#11103=DIRECTION('',(-0.951942750040644,-0.306276020355914,0.));
#11104=DIRECTION('',(0.,0.,1.));
#11105=DIRECTION('center_axis',(0.945319812246063,-0.326144833739656,0.));
#11106=DIRECTION('ref_axis',(0.326144833739656,0.945319812246063,0.));
#11107=DIRECTION('',(-0.326144833739656,-0.945319812246063,0.));
#11108=DIRECTION('',(0.326144833739656,0.945319812246063,0.));
#11109=DIRECTION('',(0.,0.,-1.));
#11110=DIRECTION('center_axis',(-0.266144139278692,0.96393324308668,0.));
#11111=DIRECTION('ref_axis',(-0.96393324308668,-0.266144139278692,0.));
#11112=DIRECTION('',(0.96393324308668,0.266144139278692,0.));
#11113=DIRECTION('',(0.,0.,1.));
#11114=DIRECTION('',(-0.96393324308668,-0.266144139278692,0.));
#11115=DIRECTION('',(0.,0.,1.));
#11116=DIRECTION('center_axis',(0.930833078036559,-0.365444634429055,0.));
#11117=DIRECTION('ref_axis',(0.365444634429055,0.930833078036559,0.));
#11118=DIRECTION('',(-0.365444634429055,-0.930833078036559,0.));
#11119=DIRECTION('',(0.365444634429055,0.930833078036559,0.));
#11120=DIRECTION('',(0.,0.,-1.));
#11121=DIRECTION('center_axis',(-0.225545350944789,0.974232669677625,0.));
#11122=DIRECTION('ref_axis',(-0.974232669677625,-0.225545350944789,0.));
#11123=DIRECTION('',(0.974232669677625,0.225545350944789,0.));
#11124=DIRECTION('',(0.,0.,1.));
#11125=DIRECTION('',(-0.974232669677625,-0.225545350944789,0.));
#11126=DIRECTION('',(0.,0.,1.));
#11127=DIRECTION('center_axis',(0.914713346308973,-0.404103321050744,0.));
#11128=DIRECTION('ref_axis',(0.404103321050744,0.914713346308973,0.));
#11129=DIRECTION('',(-0.404103321050744,-0.914713346308973,0.));
#11130=DIRECTION('',(0.404103321050744,0.914713346308973,0.));
#11131=DIRECTION('',(0.,0.,-1.));
#11132=DIRECTION('center_axis',(-0.184550879424504,0.982822961119469,0.));
#11133=DIRECTION('ref_axis',(-0.982822961119469,-0.184550879424504,0.));
#11134=DIRECTION('',(0.982822961119469,0.184550879424504,0.));
#11135=DIRECTION('',(0.,0.,1.));
#11136=DIRECTION('',(-0.98282296111947,-0.184550879424504,0.));
#11137=DIRECTION('',(0.,0.,1.));
#11138=DIRECTION('center_axis',(0.896988896550278,-0.442053073132079,0.));
#11139=DIRECTION('ref_axis',(0.442053073132079,0.896988896550278,0.));
#11140=DIRECTION('',(-0.442053073132079,-0.896988896550278,0.));
#11141=DIRECTION('',(0.442053073132079,0.896988896550278,0.));
#11142=DIRECTION('',(0.,0.,-1.));
#11143=DIRECTION('center_axis',(-0.143232642950898,0.989689047122024,0.));
#11144=DIRECTION('ref_axis',(-0.989689047122024,-0.143232642950898,0.));
#11145=DIRECTION('',(0.989689047122024,0.143232642950898,0.));
#11146=DIRECTION('',(0.,0.,1.));
#11147=DIRECTION('',(-0.989689047122024,-0.143232642950898,0.));
#11148=DIRECTION('',(0.,0.,1.));
#11149=DIRECTION('center_axis',(0.877690823468158,-0.479227313912496,0.));
#11150=DIRECTION('ref_axis',(0.479227313912496,0.877690823468158,0.));
#11151=DIRECTION('',(-0.479227313912496,-0.877690823468158,0.));
#11152=DIRECTION('',(0.479227313912496,0.877690823468158,0.));
#11153=DIRECTION('',(0.,0.,-1.));
#11154=DIRECTION('center_axis',(-0.101663127750777,0.994818882237329,0.));
#11155=DIRECTION('ref_axis',(-0.994818882237329,-0.101663127750777,0.));
#11156=DIRECTION('',(0.994818882237329,0.101663127750777,0.));
#11157=DIRECTION('',(0.,0.,1.));
#11158=DIRECTION('',(-0.994818882237329,-0.101663127750777,0.));
#11159=DIRECTION('',(0.,0.,1.));
#11160=DIRECTION('center_axis',(0.85685298244033,-0.515560827141776,0.));
#11161=DIRECTION('ref_axis',(0.515560827141776,0.85685298244033,0.));
#11162=DIRECTION('',(-0.515560827141776,-0.85685298244033,0.));
#11163=DIRECTION('',(0.515560827141776,0.85685298244033,0.));
#11164=DIRECTION('',(0.,0.,-1.));
#11165=DIRECTION('center_axis',(-0.0599152608792185,0.998203466991462,0.));
#11166=DIRECTION('ref_axis',(-0.998203466991462,-0.0599152608792185,0.));
#11167=DIRECTION('',(0.998203466991462,0.0599152608792185,0.));
#11168=DIRECTION('',(0.,0.,1.));
#11169=DIRECTION('',(-0.998203466991462,-0.0599152608792185,0.));
#11170=DIRECTION('',(0.,0.,1.));
#11171=DIRECTION('center_axis',(0.834511930120701,-0.550989871491503,0.));
#11172=DIRECTION('ref_axis',(0.550989871491503,0.834511930120701,0.));
#11173=DIRECTION('',(-0.550989871491503,-0.834511930120701,0.));
#11174=DIRECTION('',(0.550989871491503,0.834511930120701,0.));
#11175=DIRECTION('',(0.,0.,-1.));
#11176=DIRECTION('center_axis',(-0.0180622822807352,0.999836863672675,0.));
#11177=DIRECTION('ref_axis',(-0.999836863672675,-0.0180622822807352,0.));
#11178=DIRECTION('',(0.999836863672675,0.0180622822807352,0.));
#11179=DIRECTION('',(0.,0.,1.));
#11180=DIRECTION('',(-0.999836863672675,-0.0180622822807352,0.));
#11181=DIRECTION('',(0.,0.,1.));
#11182=DIRECTION('center_axis',(0.810706860306581,-0.585452292379017,0.));
#11183=DIRECTION('ref_axis',(0.585452292379017,0.810706860306581,0.));
#11184=DIRECTION('',(-0.585452292379017,-0.810706860306581,0.));
#11185=DIRECTION('',(0.585452292379017,0.810706860306581,0.));
#11186=DIRECTION('',(0.,0.,-1.));
#11187=DIRECTION('center_axis',(0.0238223836984734,0.999716206748156,0.));
#11188=DIRECTION('ref_axis',(-0.999716206748156,0.0238223836984734,0.));
#11189=DIRECTION('',(0.999716206748156,-0.0238223836984734,0.));
#11190=DIRECTION('',(0.,0.,1.));
#11191=DIRECTION('',(-0.999716206748156,0.0238223836984734,0.));
#11192=DIRECTION('',(0.,0.,1.));
#11193=DIRECTION('center_axis',(0.785479535179441,-0.618887631007673,0.));
#11194=DIRECTION('ref_axis',(0.618887631007673,0.785479535179441,0.));
#11195=DIRECTION('',(-0.618887631007673,-0.785479535179441,0.));
#11196=DIRECTION('',(0.618887631007673,0.785479535179441,0.));
#11197=DIRECTION('',(0.,0.,-1.));
#11198=DIRECTION('center_axis',(0.0656652571217742,0.997841707891152,0.));
#11199=DIRECTION('ref_axis',(-0.997841707891152,0.0656652571217742,0.));
#11200=DIRECTION('',(0.997841707891152,-0.0656652571217742,0.));
#11201=DIRECTION('',(0.,0.,1.));
#11202=DIRECTION('',(-0.997841707891152,0.0656652571217742,0.));
#11203=DIRECTION('',(0.,0.,1.));
#11204=DIRECTION('center_axis',(0.758874212039857,-0.651237230432111,0.));
#11205=DIRECTION('ref_axis',(0.651237230432111,0.758874212039857,0.));
#11206=DIRECTION('',(-0.651237230432111,-0.758874212039857,0.));
#11207=DIRECTION('',(0.651237230432111,0.758874212039857,0.));
#11208=DIRECTION('',(0.,0.,-1.));
#11209=DIRECTION('center_axis',(0.107392931370879,0.994216655609616,0.));
#11210=DIRECTION('ref_axis',(-0.994216655609616,0.107392931370879,0.));
#11211=DIRECTION('',(0.994216655609616,-0.107392931370879,0.));
#11212=DIRECTION('',(0.,0.,1.));
#11213=DIRECTION('',(-0.994216655609616,0.107392931370879,0.));
#11214=DIRECTION('',(0.,0.,1.));
#11215=DIRECTION('center_axis',(0.730937565665165,-0.682444338462473,0.));
#11216=DIRECTION('ref_axis',(0.682444338462473,0.730937565665165,0.));
#11217=DIRECTION('',(-0.682444338462473,-0.730937565665165,0.));
#11218=DIRECTION('',(0.682444338462473,0.730937565665165,0.));
#11219=DIRECTION('',(0.,0.,-1.));
#11220=DIRECTION('center_axis',(0.148932201925997,0.988847409477051,0.));
#11221=DIRECTION('ref_axis',(-0.988847409477051,0.148932201925997,0.));
#11222=DIRECTION('',(0.988847409477051,-0.148932201925997,0.));
#11223=DIRECTION('',(0.,0.,1.));
#11224=DIRECTION('',(-0.988847409477051,0.148932201925997,0.));
#11225=DIRECTION('',(0.,0.,1.));
#11226=DIRECTION('center_axis',(0.701718606426042,-0.712454207227028,0.));
#11227=DIRECTION('ref_axis',(0.712454207227028,0.701718606426042,0.));
#11228=DIRECTION('',(-0.712454207227028,-0.701718606426042,0.));
#11229=DIRECTION('',(0.712454207227028,0.701718606426042,0.));
#11230=DIRECTION('',(0.,0.,-1.));
#11231=DIRECTION('center_axis',(0.190210194791433,0.981743388975655,0.));
#11232=DIRECTION('ref_axis',(-0.981743388975655,0.190210194791433,0.));
#11233=DIRECTION('',(0.981743388975655,-0.190210194791433,0.));
#11234=DIRECTION('',(0.,0.,1.));
#11235=DIRECTION('',(-0.981743388975655,0.190210194791433,0.));
#11236=DIRECTION('',(0.,0.,1.));
#11237=DIRECTION('center_axis',(0.671268594305664,-0.74121418921854,0.));
#11238=DIRECTION('ref_axis',(0.74121418921854,0.671268594305664,0.));
#11239=DIRECTION('',(-0.74121418921854,-0.671268594305664,0.));
#11240=DIRECTION('',(0.74121418921854,0.671268594305664,0.));
#11241=DIRECTION('',(0.,0.,-1.));
#11242=DIRECTION('center_axis',(0.231154494341348,0.972917056971352,0.));
#11243=DIRECTION('ref_axis',(-0.972917056971351,0.231154494341348,0.));
#11244=DIRECTION('',(0.972917056971351,-0.231154494341348,0.));
#11245=DIRECTION('',(0.,0.,1.));
#11246=DIRECTION('',(-0.972917056971351,0.231154494341348,0.));
#11247=DIRECTION('',(0.,0.,1.));
#11248=DIRECTION('center_axis',(0.639640948972272,-0.768673829655889,0.));
#11249=DIRECTION('ref_axis',(0.768673829655889,0.639640948972272,0.));
#11250=DIRECTION('',(-0.768673829655889,-0.639640948972272,0.));
#11251=DIRECTION('',(0.768673829655889,0.639640948972272,0.));
#11252=DIRECTION('',(0.,0.,-1.));
#11253=DIRECTION('center_axis',(0.271693270361362,0.962383897849682,0.));
#11254=DIRECTION('ref_axis',(-0.962383897849682,0.271693270361362,0.));
#11255=DIRECTION('',(0.962383897849682,-0.271693270361362,0.));
#11256=DIRECTION('',(0.,0.,1.));
#11257=DIRECTION('',(-0.962383897849682,0.271693270361362,0.));
#11258=DIRECTION('',(0.,0.,1.));
#11259=DIRECTION('center_axis',(0.606891156062928,-0.794784954998899,0.));
#11260=DIRECTION('ref_axis',(0.794784954998899,0.606891156062928,0.));
#11261=DIRECTION('',(-0.794784954998899,-0.606891156062928,0.));
#11262=DIRECTION('',(0.794784954998899,0.606891156062928,0.));
#11263=DIRECTION('',(0.,0.,-1.));
#11264=DIRECTION('center_axis',(0.311755404063169,0.950162390350939,0.));
#11265=DIRECTION('ref_axis',(-0.950162390350939,0.311755404063169,0.));
#11266=DIRECTION('',(0.950162390350939,-0.311755404063169,0.));
#11267=DIRECTION('',(0.,0.,1.));
#11268=DIRECTION('',(-0.950162390350939,0.311755404063169,0.));
#11269=DIRECTION('',(0.,0.,1.));
#11270=DIRECTION('center_axis',(0.573076669842849,-0.819501757461099,0.));
#11271=DIRECTION('ref_axis',(0.819501757461099,0.573076669842849,0.));
#11272=DIRECTION('',(-0.819501757461099,-0.573076669842849,0.));
#11273=DIRECTION('',(0.819501757461099,0.573076669842849,0.));
#11274=DIRECTION('',(0.,0.,-1.));
#11275=DIRECTION('center_axis',(0.351270612851051,0.93627397515217,0.));
#11276=DIRECTION('ref_axis',(-0.93627397515217,0.351270612851051,0.));
#11277=DIRECTION('',(0.93627397515217,-0.351270612851051,0.));
#11278=DIRECTION('',(0.,0.,1.));
#11279=DIRECTION('',(-0.93627397515217,0.351270612851051,0.));
#11280=DIRECTION('',(0.,0.,1.));
#11281=DIRECTION('center_axis',(0.538256812411105,-0.842780875372143,0.));
#11282=DIRECTION('ref_axis',(0.842780875372143,0.538256812411105,0.));
#11283=DIRECTION('',(-0.842780875372143,-0.538256812411105,0.));
#11284=DIRECTION('',(0.842780875372143,0.538256812411105,0.));
#11285=DIRECTION('',(0.,0.,-1.));
#11286=DIRECTION('center_axis',(0.390169573621436,0.92074301725295,0.));
#11287=DIRECTION('ref_axis',(-0.92074301725295,0.390169573621436,0.));
#11288=DIRECTION('',(0.92074301725295,-0.390169573621436,0.));
#11289=DIRECTION('',(0.,0.,1.));
#11290=DIRECTION('',(-0.92074301725295,0.390169573621436,0.));
#11291=DIRECTION('',(0.,0.,1.));
#11292=DIRECTION('center_axis',(0.502492669629498,-0.864581469248919,0.));
#11293=DIRECTION('ref_axis',(0.864581469248919,0.502492669629498,0.));
#11294=DIRECTION('',(-0.864581469248919,-0.502492669629498,0.));
#11295=DIRECTION('',(0.864581469248919,0.502492669629498,0.));
#11296=DIRECTION('',(0.,0.,-1.));
#11297=DIRECTION('center_axis',(0.428384044379177,0.903596763230889,0.));
#11298=DIRECTION('ref_axis',(-0.903596763230889,0.428384044379177,0.));
#11299=DIRECTION('',(0.903596763230889,-0.428384044379177,0.));
#11300=DIRECTION('',(0.,0.,1.));
#11301=DIRECTION('',(-0.903596763230889,0.428384044379177,0.));
#11302=DIRECTION('',(0.,0.,1.));
#11303=DIRECTION('center_axis',(0.465846983957204,-0.884865293441875,0.));
#11304=DIRECTION('ref_axis',(0.884865293441875,0.465846983957204,0.));
#11305=DIRECTION('',(-0.884865293441875,-0.465846983957204,0.));
#11306=DIRECTION('',(0.884865293441875,0.465846983957204,0.));
#11307=DIRECTION('',(0.,0.,-1.));
#11308=DIRECTION('center_axis',(0.465846983957201,0.884865293441877,0.));
#11309=DIRECTION('ref_axis',(-0.884865293441877,0.465846983957201,0.));
#11310=DIRECTION('',(0.884865293441877,-0.465846983957201,0.));
#11311=DIRECTION('',(0.,0.,1.));
#11312=DIRECTION('',(-0.884865293441877,0.465846983957201,0.));
#11313=DIRECTION('',(0.,0.,1.));
#11314=DIRECTION('center_axis',(0.428384044379181,-0.903596763230887,0.));
#11315=DIRECTION('ref_axis',(0.903596763230887,0.428384044379181,0.));
#11316=DIRECTION('',(-0.903596763230887,-0.428384044379181,0.));
#11317=DIRECTION('',(0.903596763230887,0.428384044379181,0.));
#11318=DIRECTION('',(0.,0.,-1.));
#11319=DIRECTION('center_axis',(0.502492669629494,0.864581469248922,0.));
#11320=DIRECTION('ref_axis',(-0.864581469248922,0.502492669629494,0.));
#11321=DIRECTION('',(0.864581469248922,-0.502492669629494,0.));
#11322=DIRECTION('',(0.,0.,1.));
#11323=DIRECTION('',(-0.864581469248922,0.502492669629494,0.));
#11324=DIRECTION('',(0.,0.,1.));
#11325=DIRECTION('center_axis',(0.39016957362144,-0.920743017252949,0.));
#11326=DIRECTION('ref_axis',(0.920743017252949,0.39016957362144,0.));
#11327=DIRECTION('',(-0.920743017252949,-0.39016957362144,0.));
#11328=DIRECTION('',(0.920743017252949,0.39016957362144,0.));
#11329=DIRECTION('',(0.,0.,-1.));
#11330=DIRECTION('center_axis',(0.538256812411102,0.842780875372146,0.));
#11331=DIRECTION('ref_axis',(-0.842780875372146,0.538256812411102,0.));
#11332=DIRECTION('',(0.842780875372146,-0.538256812411102,0.));
#11333=DIRECTION('',(0.,0.,1.));
#11334=DIRECTION('',(-0.842780875372146,0.538256812411102,0.));
#11335=DIRECTION('',(0.,0.,1.));
#11336=DIRECTION('center_axis',(0.351270612851055,-0.936273975152169,0.));
#11337=DIRECTION('ref_axis',(0.936273975152169,0.351270612851055,0.));
#11338=DIRECTION('',(-0.936273975152169,-0.351270612851055,0.));
#11339=DIRECTION('',(0.936273975152169,0.351270612851055,0.));
#11340=DIRECTION('',(0.,0.,-1.));
#11341=DIRECTION('center_axis',(0.573076669842846,0.819501757461101,0.));
#11342=DIRECTION('ref_axis',(-0.819501757461101,0.573076669842846,0.));
#11343=DIRECTION('',(0.819501757461101,-0.573076669842846,0.));
#11344=DIRECTION('',(0.,0.,1.));
#11345=DIRECTION('',(-0.819501757461101,0.573076669842846,0.));
#11346=DIRECTION('',(0.,0.,1.));
#11347=DIRECTION('center_axis',(0.311755404063173,-0.950162390350938,0.));
#11348=DIRECTION('ref_axis',(0.950162390350938,0.311755404063173,0.));
#11349=DIRECTION('',(-0.950162390350938,-0.311755404063173,0.));
#11350=DIRECTION('',(0.950162390350938,0.311755404063173,0.));
#11351=DIRECTION('',(0.,0.,-1.));
#11352=DIRECTION('center_axis',(0.606891156062925,0.794784954998902,0.));
#11353=DIRECTION('ref_axis',(-0.794784954998902,0.606891156062925,0.));
#11354=DIRECTION('',(0.794784954998902,-0.606891156062925,0.));
#11355=DIRECTION('',(0.,0.,1.));
#11356=DIRECTION('',(-0.794784954998902,0.606891156062925,0.));
#11357=DIRECTION('',(0.,0.,1.));
#11358=DIRECTION('center_axis',(0.271693270361366,-0.962383897849681,0.));
#11359=DIRECTION('ref_axis',(0.962383897849681,0.271693270361366,0.));
#11360=DIRECTION('',(-0.962383897849681,-0.271693270361366,0.));
#11361=DIRECTION('',(0.962383897849681,0.271693270361366,0.));
#11362=DIRECTION('',(0.,0.,-1.));
#11363=DIRECTION('center_axis',(0.639640948972269,0.768673829655892,0.));
#11364=DIRECTION('ref_axis',(-0.768673829655892,0.639640948972269,0.));
#11365=DIRECTION('',(0.768673829655892,-0.639640948972269,0.));
#11366=DIRECTION('',(0.,0.,1.));
#11367=DIRECTION('',(-0.768673829655892,0.639640948972269,0.));
#11368=DIRECTION('',(0.,0.,1.));
#11369=DIRECTION('center_axis',(0.231154494341352,-0.97291705697135,0.));
#11370=DIRECTION('ref_axis',(0.97291705697135,0.231154494341352,0.));
#11371=DIRECTION('',(-0.97291705697135,-0.231154494341352,0.));
#11372=DIRECTION('',(0.97291705697135,0.231154494341352,0.));
#11373=DIRECTION('',(0.,0.,-1.));
#11374=DIRECTION('center_axis',(0.671268594305661,0.741214189218543,0.));
#11375=DIRECTION('ref_axis',(-0.741214189218543,0.671268594305661,0.));
#11376=DIRECTION('',(0.741214189218543,-0.671268594305661,0.));
#11377=DIRECTION('',(0.,0.,1.));
#11378=DIRECTION('',(-0.741214189218543,0.671268594305661,0.));
#11379=DIRECTION('',(0.,0.,1.));
#11380=DIRECTION('center_axis',(0.190210194791438,-0.981743388975655,0.));
#11381=DIRECTION('ref_axis',(0.981743388975654,0.190210194791438,0.));
#11382=DIRECTION('',(-0.981743388975654,-0.190210194791438,0.));
#11383=DIRECTION('',(0.981743388975655,0.190210194791438,0.));
#11384=DIRECTION('',(0.,0.,-1.));
#11385=DIRECTION('center_axis',(0.701718606426039,0.712454207227031,0.));
#11386=DIRECTION('ref_axis',(-0.712454207227031,0.701718606426039,0.));
#11387=DIRECTION('',(0.712454207227031,-0.701718606426039,0.));
#11388=DIRECTION('',(0.,0.,1.));
#11389=DIRECTION('',(-0.712454207227031,0.701718606426039,0.));
#11390=DIRECTION('',(0.,0.,1.));
#11391=DIRECTION('center_axis',(0.148932201926001,-0.98884740947705,0.));
#11392=DIRECTION('ref_axis',(0.98884740947705,0.148932201926001,0.));
#11393=DIRECTION('',(-0.98884740947705,-0.148932201926001,0.));
#11394=DIRECTION('',(0.98884740947705,0.148932201926001,0.));
#11395=DIRECTION('',(0.,0.,-1.));
#11396=DIRECTION('center_axis',(0.730937565665162,0.682444338462476,0.));
#11397=DIRECTION('ref_axis',(-0.682444338462476,0.730937565665162,0.));
#11398=DIRECTION('',(0.682444338462477,-0.730937565665162,0.));
#11399=DIRECTION('',(0.,0.,1.));
#11400=DIRECTION('',(-0.682444338462477,0.730937565665162,0.));
#11401=DIRECTION('',(0.,0.,1.));
#11402=DIRECTION('center_axis',(0.107392931370884,-0.994216655609615,0.));
#11403=DIRECTION('ref_axis',(0.994216655609615,0.107392931370884,0.));
#11404=DIRECTION('',(-0.994216655609615,-0.107392931370884,0.));
#11405=DIRECTION('',(0.994216655609615,0.107392931370884,0.));
#11406=DIRECTION('',(0.,0.,-1.));
#11407=DIRECTION('center_axis',(0.758874212039854,0.651237230432114,0.));
#11408=DIRECTION('ref_axis',(-0.651237230432114,0.758874212039854,0.));
#11409=DIRECTION('',(0.651237230432114,-0.758874212039854,0.));
#11410=DIRECTION('',(0.,0.,1.));
#11411=DIRECTION('',(-0.651237230432114,0.758874212039854,0.));
#11412=DIRECTION('',(0.,0.,1.));
#11413=DIRECTION('center_axis',(0.0656652571217786,-0.997841707891152,0.));
#11414=DIRECTION('ref_axis',(0.997841707891152,0.0656652571217786,0.));
#11415=DIRECTION('',(-0.997841707891152,-0.0656652571217786,0.));
#11416=DIRECTION('',(0.997841707891152,0.0656652571217786,0.));
#11417=DIRECTION('',(0.,0.,-1.));
#11418=DIRECTION('center_axis',(0.785479535179438,0.618887631007676,0.));
#11419=DIRECTION('ref_axis',(-0.618887631007676,0.785479535179438,0.));
#11420=DIRECTION('',(0.618887631007676,-0.785479535179438,0.));
#11421=DIRECTION('',(0.,0.,1.));
#11422=DIRECTION('',(-0.618887631007676,0.785479535179438,0.));
#11423=DIRECTION('',(0.,0.,1.));
#11424=DIRECTION('center_axis',(0.0238223836984775,-0.999716206748156,0.));
#11425=DIRECTION('ref_axis',(0.999716206748156,0.0238223836984775,0.));
#11426=DIRECTION('',(-0.999716206748156,-0.0238223836984775,0.));
#11427=DIRECTION('',(0.999716206748156,0.0238223836984775,0.));
#11428=DIRECTION('',(0.,0.,-1.));
#11429=DIRECTION('center_axis',(0.810706860306578,0.585452292379021,0.));
#11430=DIRECTION('ref_axis',(-0.585452292379021,0.810706860306578,0.));
#11431=DIRECTION('',(0.585452292379021,-0.810706860306578,0.));
#11432=DIRECTION('',(0.,0.,1.));
#11433=DIRECTION('',(-0.585452292379021,0.810706860306578,0.));
#11434=DIRECTION('',(0.,0.,1.));
#11435=DIRECTION('center_axis',(-0.0180622822807308,-0.999836863672675,
0.));
#11436=DIRECTION('ref_axis',(0.999836863672675,-0.0180622822807308,0.));
#11437=DIRECTION('',(-0.999836863672675,0.0180622822807308,0.));
#11438=DIRECTION('',(0.999836863672675,-0.0180622822807308,0.));
#11439=DIRECTION('',(0.,0.,-1.));
#11440=DIRECTION('center_axis',(0.834511930120698,0.550989871491506,0.));
#11441=DIRECTION('ref_axis',(-0.550989871491506,0.834511930120698,0.));
#11442=DIRECTION('',(0.550989871491506,-0.834511930120698,0.));
#11443=DIRECTION('',(0.,0.,1.));
#11444=DIRECTION('',(-0.550989871491506,0.834511930120698,0.));
#11445=DIRECTION('',(0.,0.,1.));
#11446=DIRECTION('center_axis',(-0.0599152608792143,-0.998203466991462,
0.));
#11447=DIRECTION('ref_axis',(0.998203466991463,-0.0599152608792143,0.));
#11448=DIRECTION('',(-0.998203466991462,0.0599152608792143,0.));
#11449=DIRECTION('',(0.998203466991463,-0.0599152608792143,0.));
#11450=DIRECTION('',(0.,0.,-1.));
#11451=DIRECTION('center_axis',(0.856852982440327,0.51556082714178,0.));
#11452=DIRECTION('ref_axis',(-0.51556082714178,0.856852982440327,0.));
#11453=DIRECTION('',(0.51556082714178,-0.856852982440327,0.));
#11454=DIRECTION('',(0.,0.,1.));
#11455=DIRECTION('',(-0.51556082714178,0.856852982440327,0.));
#11456=DIRECTION('',(0.,0.,1.));
#11457=DIRECTION('center_axis',(-0.101663127750773,-0.99481888223733,0.));
#11458=DIRECTION('ref_axis',(0.99481888223733,-0.101663127750773,0.));
#11459=DIRECTION('',(-0.99481888223733,0.101663127750773,0.));
#11460=DIRECTION('',(0.99481888223733,-0.101663127750773,0.));
#11461=DIRECTION('',(0.,0.,-1.));
#11462=DIRECTION('center_axis',(0.877690823468156,0.4792273139125,0.));
#11463=DIRECTION('ref_axis',(-0.4792273139125,0.877690823468156,0.));
#11464=DIRECTION('',(0.4792273139125,-0.877690823468156,0.));
#11465=DIRECTION('',(0.,0.,1.));
#11466=DIRECTION('',(-0.4792273139125,0.877690823468156,0.));
#11467=DIRECTION('',(0.,0.,1.));
#11468=DIRECTION('center_axis',(-0.143232642950894,-0.989689047122025,0.));
#11469=DIRECTION('ref_axis',(0.989689047122025,-0.143232642950894,0.));
#11470=DIRECTION('',(-0.989689047122025,0.143232642950894,0.));
#11471=DIRECTION('',(0.989689047122025,-0.143232642950894,0.));
#11472=DIRECTION('',(0.,0.,-1.));
#11473=DIRECTION('center_axis',(0.896988896550276,0.442053073132083,0.));
#11474=DIRECTION('ref_axis',(-0.442053073132083,0.896988896550276,0.));
#11475=DIRECTION('',(0.442053073132083,-0.896988896550276,0.));
#11476=DIRECTION('',(0.,0.,1.));
#11477=DIRECTION('',(-0.442053073132083,0.896988896550276,0.));
#11478=DIRECTION('',(0.,0.,1.));
#11479=DIRECTION('center_axis',(-0.1845508794245,-0.98282296111947,0.));
#11480=DIRECTION('ref_axis',(0.98282296111947,-0.1845508794245,0.));
#11481=DIRECTION('',(-0.98282296111947,0.1845508794245,0.));
#11482=DIRECTION('',(0.98282296111947,-0.1845508794245,0.));
#11483=DIRECTION('',(0.,0.,-1.));
#11484=DIRECTION('center_axis',(0.914713346308971,0.404103321050748,0.));
#11485=DIRECTION('ref_axis',(-0.404103321050748,0.914713346308971,0.));
#11486=DIRECTION('',(0.404103321050748,-0.914713346308971,0.));
#11487=DIRECTION('',(0.,0.,1.));
#11488=DIRECTION('',(-0.404103321050748,0.914713346308971,0.));
#11489=DIRECTION('',(0.,0.,1.));
#11490=DIRECTION('center_axis',(-0.225545350944785,-0.974232669677626,0.));
#11491=DIRECTION('ref_axis',(0.974232669677626,-0.225545350944785,0.));
#11492=DIRECTION('',(-0.974232669677626,0.225545350944785,0.));
#11493=DIRECTION('',(0.974232669677626,-0.225545350944785,0.));
#11494=DIRECTION('',(0.,0.,-1.));
#11495=DIRECTION('center_axis',(0.930833078036557,0.365444634429059,0.));
#11496=DIRECTION('ref_axis',(-0.365444634429059,0.930833078036557,0.));
#11497=DIRECTION('',(0.365444634429059,-0.930833078036557,0.));
#11498=DIRECTION('',(0.,0.,1.));
#11499=DIRECTION('',(-0.365444634429059,0.930833078036557,0.));
#11500=DIRECTION('',(0.,0.,1.));
#11501=DIRECTION('center_axis',(-0.266144139278688,-0.963933243086681,0.));
#11502=DIRECTION('ref_axis',(0.963933243086681,-0.266144139278688,0.));
#11503=DIRECTION('',(-0.963933243086681,0.266144139278688,0.));
#11504=DIRECTION('',(0.963933243086681,-0.266144139278688,0.));
#11505=DIRECTION('',(0.,0.,-1.));
#11506=DIRECTION('center_axis',(0.945319812246062,0.32614483373966,0.));
#11507=DIRECTION('ref_axis',(-0.32614483373966,0.945319812246062,0.));
#11508=DIRECTION('',(0.32614483373966,-0.945319812246062,0.));
#11509=DIRECTION('',(0.,0.,1.));
#11510=DIRECTION('',(-0.32614483373966,0.945319812246062,0.));
#11511=DIRECTION('',(0.,0.,1.));
#11512=DIRECTION('center_axis',(-0.30627602035591,-0.951942750040645,0.));
#11513=DIRECTION('ref_axis',(0.951942750040645,-0.30627602035591,0.));
#11514=DIRECTION('',(-0.951942750040645,0.30627602035591,0.));
#11515=DIRECTION('',(0.951942750040645,-0.30627602035591,0.));
#11516=DIRECTION('',(0.,0.,-1.));
#11517=DIRECTION('center_axis',(0.958148134283056,0.286272864187123,0.));
#11518=DIRECTION('ref_axis',(-0.286272864187123,0.958148134283056,0.));
#11519=DIRECTION('',(0.286272864187123,-0.958148134283056,0.));
#11520=DIRECTION('',(0.,0.,1.));
#11521=DIRECTION('',(-0.286272864187123,0.958148134283056,0.));
#11522=DIRECTION('',(0.,0.,1.));
#11523=DIRECTION('center_axis',(-0.345870589220136,-0.938282225938718,0.));
#11524=DIRECTION('ref_axis',(0.938282225938718,-0.345870589220136,0.));
#11525=DIRECTION('',(-0.938282225938718,0.345870589220136,0.));
#11526=DIRECTION('',(0.938282225938718,-0.345870589220136,0.));
#11527=DIRECTION('',(0.,0.,-1.));
#11528=DIRECTION('center_axis',(0.969295538911594,0.245898674754628,0.));
#11529=DIRECTION('ref_axis',(-0.245898674754628,0.969295538911594,0.));
#11530=DIRECTION('',(0.245898674754628,-0.969295538911594,0.));
#11531=DIRECTION('',(0.,0.,1.));
#11532=DIRECTION('',(-0.245898674754628,0.969295538911594,0.));
#11533=DIRECTION('',(0.,0.,1.));
#11534=DIRECTION('center_axis',(-0.384858383543255,-0.922975635982052,0.));
#11535=DIRECTION('ref_axis',(0.922975635982052,-0.384858383543254,0.));
#11536=DIRECTION('',(-0.922975635982052,0.384858383543254,0.));
#11537=DIRECTION('',(0.922975635982052,-0.384858383543254,0.));
#11538=DIRECTION('',(0.,0.,-1.));
#11539=DIRECTION('center_axis',(0.978742469796044,0.205093095489683,0.));
#11540=DIRECTION('ref_axis',(-0.205093095489683,0.978742469796044,0.));
#11541=DIRECTION('',(0.205093095489683,-0.978742469796044,0.));
#11542=DIRECTION('',(0.,0.,1.));
#11543=DIRECTION('',(-0.205093095489683,0.978742469796044,0.));
#11544=DIRECTION('',(0.,0.,1.));
#11545=DIRECTION('center_axis',(-0.42317100548588,-0.906049833130645,0.));
#11546=DIRECTION('ref_axis',(0.906049833130645,-0.42317100548588,0.));
#11547=DIRECTION('',(-0.906049833130645,0.42317100548588,0.));
#11548=DIRECTION('',(0.906049833130645,-0.42317100548588,0.));
#11549=DIRECTION('',(0.,0.,-1.));
#11550=DIRECTION('center_axis',(0.986472353809545,0.163927713244147,0.));
#11551=DIRECTION('ref_axis',(-0.163927713244147,0.986472353809545,0.));
#11552=DIRECTION('',(0.163927713244147,-0.986472353809545,0.));
#11553=DIRECTION('',(0.,0.,1.));
#11554=DIRECTION('',(-0.163927713244147,0.986472353809545,0.));
#11555=DIRECTION('',(0.,0.,1.));
#11556=DIRECTION('center_axis',(-0.46074124169041,-0.887534510994124,0.));
#11557=DIRECTION('ref_axis',(0.887534510994124,-0.46074124169041,0.));
#11558=DIRECTION('',(-0.887534510994124,0.46074124169041,0.));
#11559=DIRECTION('',(0.887534510994124,-0.46074124169041,0.));
#11560=DIRECTION('',(0.,0.,-1.));
#11561=DIRECTION('center_axis',(0.992471630108907,0.122474746086569,0.));
#11562=DIRECTION('ref_axis',(-0.122474746086569,0.992471630108907,0.));
#11563=DIRECTION('',(0.122474746086569,-0.992471630108907,0.));
#11564=DIRECTION('',(0.,0.,1.));
#11565=DIRECTION('',(-0.122474746086569,0.992471630108907,0.));
#11566=DIRECTION('',(0.,0.,1.));
#11567=DIRECTION('center_axis',(-0.497503181196089,-0.867462151739067,0.));
#11568=DIRECTION('ref_axis',(0.867462151739066,-0.497503181196089,0.));
#11569=DIRECTION('',(-0.867462151739066,0.497503181196089,0.));
#11570=DIRECTION('',(0.867462151739066,-0.497503181196089,0.));
#11571=DIRECTION('',(0.,0.,-1.));
#11572=DIRECTION('center_axis',(0.996729773924931,0.0808069166071568,0.));
#11573=DIRECTION('ref_axis',(-0.0808069166071568,0.996729773924931,0.));
#11574=DIRECTION('',(0.0808069166071568,-0.996729773924931,0.));
#11575=DIRECTION('',(0.,0.,1.));
#11576=DIRECTION('',(-0.0808069166071568,0.996729773924931,0.));
#11577=DIRECTION('',(0.,0.,1.));
#11578=DIRECTION('center_axis',(-0.533392331069233,-0.845867969104239,0.));
#11579=DIRECTION('ref_axis',(0.845867969104239,-0.533392331069233,0.));
#11580=DIRECTION('',(-0.845867969104239,0.533392331069234,0.));
#11581=DIRECTION('',(0.845867969104239,-0.533392331069234,0.));
#11582=DIRECTION('',(0.,0.,-1.));
#11583=DIRECTION('center_axis',(0.999239315026438,0.0389973243376412,0.));
#11584=DIRECTION('ref_axis',(-0.0389973243376412,0.999239315026438,0.));
#11585=DIRECTION('',(0.0389973243376412,-0.999239315026438,0.));
#11586=DIRECTION('',(0.,0.,1.));
#11587=DIRECTION('',(-0.0389973243376412,0.999239315026438,0.));
#11588=DIRECTION('',(0.,0.,1.));
#11589=DIRECTION('center_axis',(-0.56834572954575,-0.822789846623735,0.));
#11590=DIRECTION('ref_axis',(0.822789846623735,-0.56834572954575,0.));
#11591=DIRECTION('',(-0.822789846623735,0.56834572954575,0.));
#11592=DIRECTION('',(0.822789846623735,-0.56834572954575,0.));
#11593=DIRECTION('',(0.,0.,-1.));
#11594=DIRECTION('center_axis',(0.999995850825588,-0.00288068249014263,
0.));
#11595=DIRECTION('ref_axis',(0.00288068249014263,0.999995850825588,0.));
#11596=DIRECTION('',(-0.00288068249014263,-0.999995850825588,0.));
#11597=DIRECTION('',(0.,0.,1.));
#11598=DIRECTION('',(0.00288068249014263,0.999995850825588,0.));
#11599=DIRECTION('',(0.,0.,1.));
#11600=DIRECTION('center_axis',(-0.602302056487467,-0.798268271166384,0.));
#11601=DIRECTION('ref_axis',(0.798268271166384,-0.602302056487467,0.));
#11602=DIRECTION('',(-0.798268271166384,0.602302056487467,0.));
#11603=DIRECTION('',(0.798268271166384,-0.602302056487467,0.));
#11604=DIRECTION('',(0.,0.,-1.));
#11605=DIRECTION('center_axis',(0.998998054101516,-0.0447536356219762,0.));
#11606=DIRECTION('ref_axis',(0.0447536356219762,0.998998054101516,0.));
#11607=DIRECTION('',(-0.0447536356219762,-0.998998054101516,0.));
#11608=DIRECTION('',(0.,0.,1.));
#11609=DIRECTION('',(0.0447536356219762,0.998998054101516,0.));
#11610=DIRECTION('',(0.,0.,1.));
#11611=DIRECTION('center_axis',(-0.635201740958491,-0.772346261908027,0.));
#11612=DIRECTION('ref_axis',(0.772346261908027,-0.635201740958491,0.));
#11613=DIRECTION('',(-0.772346261908027,0.635201740958491,0.));
#11614=DIRECTION('',(0.772346261908027,-0.635201740958491,0.));
#11615=DIRECTION('',(0.,0.,-1.));
#11616=DIRECTION('center_axis',(0.99624767532873,-0.0865480756695413,0.));
#11617=DIRECTION('ref_axis',(0.0865480756695413,0.99624767532873,0.));
#11618=DIRECTION('',(-0.0865480756695413,-0.99624767532873,0.));
#11619=DIRECTION('',(0.,0.,1.));
#11620=DIRECTION('',(0.0865480756695413,0.99624767532873,0.));
#11621=DIRECTION('',(0.,0.,1.));
#11622=DIRECTION('center_axis',(-0.666987065732872,-0.745069294861259,0.));
#11623=DIRECTION('ref_axis',(0.745069294861259,-0.666987065732872,0.));
#11624=DIRECTION('',(-0.745069294861259,0.666987065732872,0.));
#11625=DIRECTION('',(0.745069294861259,-0.666987065732872,0.));
#11626=DIRECTION('',(0.,0.,-1.));
#11627=DIRECTION('center_axis',(0.991749539606183,-0.128190680983148,0.));
#11628=DIRECTION('ref_axis',(0.128190680983148,0.991749539606183,0.));
#11629=DIRECTION('',(-0.128190680983148,-0.991749539606183,0.));
#11630=DIRECTION('',(0.,0.,1.));
#11631=DIRECTION('',(0.128190680983148,0.991749539606183,0.));
#11632=DIRECTION('',(0.,0.,1.));
#11633=DIRECTION('center_axis',(-0.697602268550229,-0.716485223095058,0.));
#11634=DIRECTION('ref_axis',(0.716485223095058,-0.697602268550229,0.));
#11635=DIRECTION('',(-0.716485223095058,0.697602268550229,0.));
#11636=DIRECTION('',(0.716485223095058,-0.697602268550229,0.));
#11637=DIRECTION('',(0.,0.,-1.));
#11638=DIRECTION('center_axis',(0.985511538192409,-0.169608396282825,0.));
#11639=DIRECTION('ref_axis',(0.169608396282825,0.985511538192409,0.));
#11640=DIRECTION('',(-0.169608396282825,-0.985511538192409,0.));
#11641=DIRECTION('',(0.,0.,1.));
#11642=DIRECTION('',(0.169608396282825,0.985511538192409,0.));
#11643=DIRECTION('',(0.,0.,1.));
#11644=DIRECTION('center_axis',(-0.726993639941706,-0.686644192784232,0.));
#11645=DIRECTION('ref_axis',(0.686644192784232,-0.726993639941706,0.));
#11646=DIRECTION('',(-0.686644192784232,0.726993639941706,0.));
#11647=DIRECTION('',(0.686644192784232,-0.726993639941706,0.));
#11648=DIRECTION('',(0.,0.,-1.));
#11649=DIRECTION('center_axis',(0.977544614661575,-0.210728560822101,0.));
#11650=DIRECTION('ref_axis',(0.210728560822101,0.977544614661574,0.));
#11651=DIRECTION('',(-0.210728560822101,-0.977544614661574,0.));
#11652=DIRECTION('',(0.,0.,1.));
#11653=DIRECTION('',(0.210728560822101,0.977544614661574,0.));
#11654=DIRECTION('',(0.,0.,1.));
#11655=DIRECTION('center_axis',(-0.755109617454626,-0.655598555235999,0.));
#11656=DIRECTION('ref_axis',(0.655598555235999,-0.755109617454625,0.));
#11657=DIRECTION('',(-0.655598555235999,0.755109617454625,0.));
#11658=DIRECTION('',(0.655598555235999,-0.755109617454625,0.));
#11659=DIRECTION('',(0.,0.,-1.));
#11660=DIRECTION('center_axis',(0.967862745704732,-0.251479035859649,0.));
#11661=DIRECTION('ref_axis',(0.251479035859649,0.967862745704731,0.));
#11662=DIRECTION('',(-0.251479035859649,-0.967862745704731,0.));
#11663=DIRECTION('',(0.,0.,1.));
#11664=DIRECTION('',(0.251479035859649,0.967862745704731,0.));
#11665=DIRECTION('',(0.,0.,1.));
#11666=DIRECTION('center_axis',(-0.781900876110558,-0.623402775047996,0.));
#11667=DIRECTION('ref_axis',(0.623402775047996,-0.781900876110558,0.));
#11668=DIRECTION('',(-0.623402775047996,0.781900876110558,0.));
#11669=DIRECTION('',(0.623402775047996,-0.781900876110558,0.));
#11670=DIRECTION('',(0.,0.,-1.));
#11671=DIRECTION('center_axis',(0.956482916609951,-0.291788331215148,0.));
#11672=DIRECTION('ref_axis',(0.291788331215148,0.956482916609951,0.));
#11673=DIRECTION('',(-0.291788331215148,-0.956482916609951,0.));
#11674=DIRECTION('',(0.,0.,1.));
#11675=DIRECTION('',(0.291788331215148,0.956482916609951,0.));
#11676=DIRECTION('',(0.,0.,1.));
#11677=DIRECTION('center_axis',(-0.80732041493809,-0.590113334558872,0.));
#11678=DIRECTION('ref_axis',(0.590113334558872,-0.807320414938089,0.));
#11679=DIRECTION('',(-0.590113334558872,0.80732041493809,0.));
#11680=DIRECTION('',(0.590113334558872,-0.80732041493809,0.));
#11681=DIRECTION('',(0.,0.,-1.));
#11682=DIRECTION('center_axis',(0.943425091464358,-0.331585730687355,0.));
#11683=DIRECTION('ref_axis',(0.331585730687355,0.943425091464358,0.));
#11684=DIRECTION('',(-0.331585730687355,-0.943425091464358,0.));
#11685=DIRECTION('',(0.,0.,1.));
#11686=DIRECTION('',(0.331585730687355,0.943425091464358,0.));
#11687=DIRECTION('',(0.,0.,1.));
#11688=DIRECTION('center_axis',(-0.831323639428499,-0.555788634759073,0.));
#11689=DIRECTION('ref_axis',(0.555788634759073,-0.831323639428499,0.));
#11690=DIRECTION('',(-0.555788634759073,0.831323639428499,0.));
#11691=DIRECTION('',(0.555788634759073,-0.831323639428499,0.));
#11692=DIRECTION('',(0.,0.,-1.));
#11693=DIRECTION('center_axis',(0.928712178130337,-0.370801416114348,0.));
#11694=DIRECTION('ref_axis',(0.370801416114348,0.928712178130337,0.));
#11695=DIRECTION('',(-0.370801416114348,-0.928712178130337,0.));
#11696=DIRECTION('',(0.,0.,1.));
#11697=DIRECTION('',(0.370801416114348,0.928712178130337,0.));
#11698=DIRECTION('',(0.,0.,1.));
#11699=DIRECTION('center_axis',(-0.853868439769681,-0.52048889283566,0.));
#11700=DIRECTION('ref_axis',(0.52048889283566,-0.853868439769681,0.));
#11701=DIRECTION('',(-0.52048889283566,0.853868439769681,0.));
#11702=DIRECTION('',(0.52048889283566,-0.853868439769681,0.));
#11703=DIRECTION('',(0.,0.,-1.));
#11704=DIRECTION('center_axis',(0.912369988057356,-0.409366589858309,0.));
#11705=DIRECTION('ref_axis',(0.409366589858309,0.912369988057356,0.));
#11706=DIRECTION('',(-0.409366589858309,-0.912369988057356,0.));
#11707=DIRECTION('',(0.,0.,1.));
#11708=DIRECTION('',(0.409366589858309,0.912369988057356,0.));
#11709=DIRECTION('',(0.,0.,1.));
#11710=DIRECTION('center_axis',(-0.874915264721061,-0.484276036530899,0.));
#11711=DIRECTION('ref_axis',(0.484276036530899,-0.87491526472106,0.));
#11712=DIRECTION('',(-0.484276036530899,0.874915264721061,0.));
#11713=DIRECTION('',(0.484276036530899,-0.874915264721061,0.));
#11714=DIRECTION('',(0.,0.,-1.));
#11715=DIRECTION('center_axis',(0.,0.,1.));
#11716=DIRECTION('ref_axis',(1.,0.,0.));
#11717=DIRECTION('center_axis',(0.,0.,1.));
#11718=DIRECTION('ref_axis',(1.,0.,0.));
#11719=DIRECTION('center_axis',(0.,0.,1.));
#11720=DIRECTION('ref_axis',(1.,0.,0.));
#11721=DIRECTION('center_axis',(0.,0.,1.));
#11722=DIRECTION('ref_axis',(1.,0.,0.));
#11723=DIRECTION('center_axis',(0.,0.,1.));
#11724=DIRECTION('ref_axis',(1.,0.,0.));
#11725=DIRECTION('center_axis',(0.,0.,1.));
#11726=DIRECTION('ref_axis',(1.,0.,0.));
#11727=DIRECTION('center_axis',(0.,0.,1.));
#11728=DIRECTION('ref_axis',(1.,0.,0.));
#11729=DIRECTION('center_axis',(0.,0.,1.));
#11730=DIRECTION('ref_axis',(1.,0.,0.));
#11731=DIRECTION('center_axis',(0.,0.,1.));
#11732=DIRECTION('ref_axis',(1.,0.,0.));
#11733=DIRECTION('center_axis',(0.,0.,1.));
#11734=DIRECTION('ref_axis',(1.,0.,0.));
#11735=DIRECTION('center_axis',(0.,0.,1.));
#11736=DIRECTION('ref_axis',(1.,0.,0.));
#11737=DIRECTION('center_axis',(0.,0.,1.));
#11738=DIRECTION('ref_axis',(1.,0.,0.));
#11739=DIRECTION('center_axis',(0.,0.,1.));
#11740=DIRECTION('ref_axis',(1.,0.,0.));
#11741=DIRECTION('center_axis',(0.,0.,1.));
#11742=DIRECTION('ref_axis',(1.,0.,0.));
#11743=DIRECTION('center_axis',(0.,0.,1.));
#11744=DIRECTION('ref_axis',(1.,0.,0.));
#11745=DIRECTION('center_axis',(0.,0.,1.));
#11746=DIRECTION('ref_axis',(1.,0.,0.));
#11747=DIRECTION('center_axis',(0.,0.,1.));
#11748=DIRECTION('ref_axis',(1.,0.,0.));
#11749=DIRECTION('center_axis',(0.,0.,1.));
#11750=DIRECTION('ref_axis',(1.,0.,0.));
#11751=DIRECTION('center_axis',(0.,0.,1.));
#11752=DIRECTION('ref_axis',(1.,0.,0.));
#11753=DIRECTION('center_axis',(0.,0.,1.));
#11754=DIRECTION('ref_axis',(1.,0.,0.));
#11755=DIRECTION('center_axis',(0.,0.,1.));
#11756=DIRECTION('ref_axis',(1.,0.,0.));
#11757=DIRECTION('center_axis',(0.,0.,1.));
#11758=DIRECTION('ref_axis',(1.,0.,0.));
#11759=DIRECTION('center_axis',(0.,0.,1.));
#11760=DIRECTION('ref_axis',(1.,0.,0.));
#11761=DIRECTION('center_axis',(0.,0.,1.));
#11762=DIRECTION('ref_axis',(1.,0.,0.));
#11763=DIRECTION('center_axis',(0.,0.,1.));
#11764=DIRECTION('ref_axis',(1.,0.,0.));
#11765=DIRECTION('center_axis',(0.,0.,1.));
#11766=DIRECTION('ref_axis',(1.,0.,0.));
#11767=DIRECTION('center_axis',(0.,0.,1.));
#11768=DIRECTION('ref_axis',(1.,0.,0.));
#11769=DIRECTION('center_axis',(0.,0.,1.));
#11770=DIRECTION('ref_axis',(1.,0.,0.));
#11771=DIRECTION('center_axis',(0.,0.,1.));
#11772=DIRECTION('ref_axis',(1.,0.,0.));
#11773=DIRECTION('center_axis',(0.,0.,1.));
#11774=DIRECTION('ref_axis',(1.,0.,0.));
#11775=DIRECTION('center_axis',(0.,0.,1.));
#11776=DIRECTION('ref_axis',(1.,0.,0.));
#11777=DIRECTION('center_axis',(0.,0.,1.));
#11778=DIRECTION('ref_axis',(1.,0.,0.));
#11779=DIRECTION('center_axis',(0.,0.,1.));
#11780=DIRECTION('ref_axis',(1.,0.,0.));
#11781=DIRECTION('center_axis',(0.,0.,1.));
#11782=DIRECTION('ref_axis',(1.,0.,0.));
#11783=DIRECTION('center_axis',(0.,0.,1.));
#11784=DIRECTION('ref_axis',(1.,0.,0.));
#11785=DIRECTION('center_axis',(0.,0.,1.));
#11786=DIRECTION('ref_axis',(1.,0.,0.));
#11787=DIRECTION('center_axis',(0.,0.,1.));
#11788=DIRECTION('ref_axis',(1.,0.,0.));
#11789=DIRECTION('center_axis',(0.,0.,1.));
#11790=DIRECTION('ref_axis',(1.,0.,0.));
#11791=DIRECTION('center_axis',(0.,0.,1.));
#11792=DIRECTION('ref_axis',(1.,0.,0.));
#11793=DIRECTION('center_axis',(0.,0.,1.));
#11794=DIRECTION('ref_axis',(1.,0.,0.));
#11795=DIRECTION('center_axis',(0.,0.,1.));
#11796=DIRECTION('ref_axis',(1.,0.,0.));
#11797=DIRECTION('center_axis',(0.,0.,1.));
#11798=DIRECTION('ref_axis',(1.,0.,0.));
#11799=DIRECTION('center_axis',(0.,0.,1.));
#11800=DIRECTION('ref_axis',(1.,0.,0.));
#11801=DIRECTION('center_axis',(0.,0.,1.));
#11802=DIRECTION('ref_axis',(1.,0.,0.));
#11803=DIRECTION('center_axis',(0.,0.,1.));
#11804=DIRECTION('ref_axis',(1.,0.,0.));
#11805=DIRECTION('center_axis',(0.,0.,1.));
#11806=DIRECTION('ref_axis',(1.,0.,0.));
#11807=DIRECTION('center_axis',(0.,0.,1.));
#11808=DIRECTION('ref_axis',(1.,0.,0.));
#11809=DIRECTION('center_axis',(0.,0.,1.));
#11810=DIRECTION('ref_axis',(1.,0.,0.));
#11811=DIRECTION('center_axis',(0.,0.,1.));
#11812=DIRECTION('ref_axis',(1.,0.,0.));
#11813=DIRECTION('center_axis',(0.,0.,1.));
#11814=DIRECTION('ref_axis',(1.,0.,0.));
#11815=DIRECTION('center_axis',(0.,0.,1.));
#11816=DIRECTION('ref_axis',(1.,0.,0.));
#11817=DIRECTION('center_axis',(0.,0.,1.));
#11818=DIRECTION('ref_axis',(1.,0.,0.));
#11819=DIRECTION('center_axis',(0.,0.,1.));
#11820=DIRECTION('ref_axis',(1.,0.,0.));
#11821=DIRECTION('center_axis',(0.,0.,1.));
#11822=DIRECTION('ref_axis',(1.,0.,0.));
#11823=DIRECTION('center_axis',(0.,0.,1.));
#11824=DIRECTION('ref_axis',(1.,0.,0.));
#11825=DIRECTION('center_axis',(0.,0.,1.));
#11826=DIRECTION('ref_axis',(1.,0.,0.));
#11827=DIRECTION('center_axis',(0.,0.,1.));
#11828=DIRECTION('ref_axis',(1.,0.,0.));
#11829=DIRECTION('center_axis',(0.,0.,1.));
#11830=DIRECTION('ref_axis',(1.,0.,0.));
#11831=DIRECTION('center_axis',(0.,0.,1.));
#11832=DIRECTION('ref_axis',(1.,0.,0.));
#11833=DIRECTION('center_axis',(0.,0.,1.));
#11834=DIRECTION('ref_axis',(1.,0.,0.));
#11835=DIRECTION('center_axis',(0.,0.,1.));
#11836=DIRECTION('ref_axis',(1.,0.,0.));
#11837=DIRECTION('center_axis',(0.,0.,1.));
#11838=DIRECTION('ref_axis',(1.,0.,0.));
#11839=DIRECTION('center_axis',(0.,0.,1.));
#11840=DIRECTION('ref_axis',(1.,0.,0.));
#11841=DIRECTION('center_axis',(0.,0.,1.));
#11842=DIRECTION('ref_axis',(1.,0.,0.));
#11843=DIRECTION('center_axis',(0.,0.,1.));
#11844=DIRECTION('ref_axis',(1.,0.,0.));
#11845=DIRECTION('center_axis',(0.,0.,1.));
#11846=DIRECTION('ref_axis',(1.,0.,0.));
#11847=DIRECTION('center_axis',(0.,0.,1.));
#11848=DIRECTION('ref_axis',(1.,0.,0.));
#11849=DIRECTION('center_axis',(0.,0.,1.));
#11850=DIRECTION('ref_axis',(1.,0.,0.));
#11851=DIRECTION('center_axis',(0.,0.,1.));
#11852=DIRECTION('ref_axis',(1.,0.,0.));
#11853=DIRECTION('center_axis',(0.,0.,1.));
#11854=DIRECTION('ref_axis',(1.,0.,0.));
#11855=DIRECTION('center_axis',(0.,0.,1.));
#11856=DIRECTION('ref_axis',(1.,0.,0.));
#11857=DIRECTION('center_axis',(0.,0.,1.));
#11858=DIRECTION('ref_axis',(1.,0.,0.));
#11859=DIRECTION('center_axis',(0.,0.,1.));
#11860=DIRECTION('ref_axis',(1.,0.,0.));
#11861=DIRECTION('center_axis',(0.,0.,1.));
#11862=DIRECTION('ref_axis',(1.,0.,0.));
#11863=DIRECTION('center_axis',(0.,0.,1.));
#11864=DIRECTION('ref_axis',(1.,0.,0.));
#11865=DIRECTION('center_axis',(0.,0.,1.));
#11866=DIRECTION('ref_axis',(1.,0.,0.));
#11867=DIRECTION('center_axis',(0.,0.,1.));
#11868=DIRECTION('ref_axis',(1.,0.,0.));
#11869=DIRECTION('center_axis',(0.,0.,1.));
#11870=DIRECTION('ref_axis',(1.,0.,0.));
#11871=DIRECTION('center_axis',(0.,0.,1.));
#11872=DIRECTION('ref_axis',(1.,0.,0.));
#11873=DIRECTION('center_axis',(0.,0.,1.));
#11874=DIRECTION('ref_axis',(1.,0.,0.));
#11875=DIRECTION('center_axis',(0.,0.,1.));
#11876=DIRECTION('ref_axis',(1.,0.,0.));
#11877=DIRECTION('center_axis',(0.,0.,1.));
#11878=DIRECTION('ref_axis',(1.,0.,0.));
#11879=DIRECTION('center_axis',(0.,0.,1.));
#11880=DIRECTION('ref_axis',(1.,0.,0.));
#11881=DIRECTION('center_axis',(0.,0.,1.));
#11882=DIRECTION('ref_axis',(1.,0.,0.));
#11883=DIRECTION('center_axis',(0.,0.,1.));
#11884=DIRECTION('ref_axis',(1.,0.,0.));
#11885=DIRECTION('center_axis',(0.,0.,1.));
#11886=DIRECTION('ref_axis',(1.,0.,0.));
#11887=DIRECTION('center_axis',(0.,0.,1.));
#11888=DIRECTION('ref_axis',(1.,0.,0.));
#11889=DIRECTION('center_axis',(0.,0.,1.));
#11890=DIRECTION('ref_axis',(1.,0.,0.));
#11891=DIRECTION('center_axis',(0.,0.,1.));
#11892=DIRECTION('ref_axis',(1.,0.,0.));
#11893=DIRECTION('center_axis',(0.,0.,1.));
#11894=DIRECTION('ref_axis',(1.,0.,0.));
#11895=DIRECTION('center_axis',(0.,0.,1.));
#11896=DIRECTION('ref_axis',(1.,0.,0.));
#11897=DIRECTION('center_axis',(0.,0.,1.));
#11898=DIRECTION('ref_axis',(1.,0.,0.));
#11899=DIRECTION('center_axis',(0.,0.,1.));
#11900=DIRECTION('ref_axis',(1.,0.,0.));
#11901=DIRECTION('center_axis',(0.,0.,1.));
#11902=DIRECTION('ref_axis',(1.,0.,0.));
#11903=DIRECTION('center_axis',(0.,0.,1.));
#11904=DIRECTION('ref_axis',(1.,0.,0.));
#11905=DIRECTION('center_axis',(0.,0.,1.));
#11906=DIRECTION('ref_axis',(1.,0.,0.));
#11907=DIRECTION('center_axis',(0.,0.,1.));
#11908=DIRECTION('ref_axis',(1.,0.,0.));
#11909=DIRECTION('center_axis',(0.,0.,1.));
#11910=DIRECTION('ref_axis',(1.,0.,0.));
#11911=DIRECTION('center_axis',(0.,0.,1.));
#11912=DIRECTION('ref_axis',(1.,0.,0.));
#11913=DIRECTION('center_axis',(0.,0.,1.));
#11914=DIRECTION('ref_axis',(1.,0.,0.));
#11915=DIRECTION('center_axis',(0.,0.,1.));
#11916=DIRECTION('ref_axis',(1.,0.,0.));
#11917=DIRECTION('center_axis',(0.,0.,1.));
#11918=DIRECTION('ref_axis',(1.,0.,0.));
#11919=DIRECTION('center_axis',(0.,0.,1.));
#11920=DIRECTION('ref_axis',(1.,0.,0.));
#11921=DIRECTION('center_axis',(0.,0.,1.));
#11922=DIRECTION('ref_axis',(1.,0.,0.));
#11923=DIRECTION('center_axis',(0.,0.,1.));
#11924=DIRECTION('ref_axis',(1.,0.,0.));
#11925=DIRECTION('center_axis',(0.,0.,1.));
#11926=DIRECTION('ref_axis',(1.,0.,0.));
#11927=DIRECTION('center_axis',(0.,0.,1.));
#11928=DIRECTION('ref_axis',(1.,0.,0.));
#11929=DIRECTION('center_axis',(0.,0.,1.));
#11930=DIRECTION('ref_axis',(1.,0.,0.));
#11931=DIRECTION('center_axis',(0.,0.,1.));
#11932=DIRECTION('ref_axis',(1.,0.,0.));
#11933=DIRECTION('center_axis',(0.,0.,1.));
#11934=DIRECTION('ref_axis',(1.,0.,0.));
#11935=DIRECTION('center_axis',(0.,0.,1.));
#11936=DIRECTION('ref_axis',(1.,0.,0.));
#11937=DIRECTION('center_axis',(0.,0.,1.));
#11938=DIRECTION('ref_axis',(1.,0.,0.));
#11939=DIRECTION('center_axis',(0.,0.,1.));
#11940=DIRECTION('ref_axis',(1.,0.,0.));
#11941=DIRECTION('center_axis',(0.,0.,1.));
#11942=DIRECTION('ref_axis',(1.,0.,0.));
#11943=DIRECTION('center_axis',(0.,0.,1.));
#11944=DIRECTION('ref_axis',(1.,0.,0.));
#11945=DIRECTION('center_axis',(0.,0.,1.));
#11946=DIRECTION('ref_axis',(1.,0.,0.));
#11947=DIRECTION('center_axis',(0.,0.,1.));
#11948=DIRECTION('ref_axis',(1.,0.,0.));
#11949=DIRECTION('center_axis',(0.,0.,1.));
#11950=DIRECTION('ref_axis',(1.,0.,0.));
#11951=DIRECTION('center_axis',(0.,0.,1.));
#11952=DIRECTION('ref_axis',(1.,0.,0.));
#11953=DIRECTION('center_axis',(0.,0.,1.));
#11954=DIRECTION('ref_axis',(1.,0.,0.));
#11955=DIRECTION('center_axis',(0.,0.,1.));
#11956=DIRECTION('ref_axis',(1.,0.,0.));
#11957=DIRECTION('center_axis',(0.,0.,1.));
#11958=DIRECTION('ref_axis',(1.,0.,0.));
#11959=DIRECTION('center_axis',(0.,0.,1.));
#11960=DIRECTION('ref_axis',(1.,0.,0.));
#11961=DIRECTION('center_axis',(0.,0.,1.));
#11962=DIRECTION('ref_axis',(1.,0.,0.));
#11963=DIRECTION('center_axis',(0.,0.,1.));
#11964=DIRECTION('ref_axis',(1.,0.,0.));
#11965=DIRECTION('center_axis',(0.,0.,1.));
#11966=DIRECTION('ref_axis',(1.,0.,0.));
#11967=DIRECTION('center_axis',(0.,0.,1.));
#11968=DIRECTION('ref_axis',(1.,0.,0.));
#11969=DIRECTION('center_axis',(0.,0.,1.));
#11970=DIRECTION('ref_axis',(1.,0.,0.));
#11971=DIRECTION('center_axis',(0.,0.,1.));
#11972=DIRECTION('ref_axis',(1.,0.,0.));
#11973=DIRECTION('center_axis',(0.,0.,1.));
#11974=DIRECTION('ref_axis',(1.,0.,0.));
#11975=DIRECTION('center_axis',(0.,0.,1.));
#11976=DIRECTION('ref_axis',(1.,0.,0.));
#11977=DIRECTION('center_axis',(0.,0.,1.));
#11978=DIRECTION('ref_axis',(1.,0.,0.));
#11979=DIRECTION('center_axis',(0.,0.,1.));
#11980=DIRECTION('ref_axis',(1.,0.,0.));
#11981=DIRECTION('center_axis',(0.,0.,1.));
#11982=DIRECTION('ref_axis',(1.,0.,0.));
#11983=DIRECTION('center_axis',(0.,0.,1.));
#11984=DIRECTION('ref_axis',(1.,0.,0.));
#11985=DIRECTION('center_axis',(0.,0.,1.));
#11986=DIRECTION('ref_axis',(1.,0.,0.));
#11987=DIRECTION('center_axis',(0.,0.,1.));
#11988=DIRECTION('ref_axis',(1.,0.,0.));
#11989=DIRECTION('center_axis',(0.,0.,1.));
#11990=DIRECTION('ref_axis',(1.,0.,0.));
#11991=DIRECTION('center_axis',(0.,0.,1.));
#11992=DIRECTION('ref_axis',(1.,0.,0.));
#11993=DIRECTION('center_axis',(0.,0.,1.));
#11994=DIRECTION('ref_axis',(1.,0.,0.));
#11995=DIRECTION('center_axis',(0.,0.,1.));
#11996=DIRECTION('ref_axis',(1.,0.,0.));
#11997=DIRECTION('center_axis',(0.,0.,1.));
#11998=DIRECTION('ref_axis',(1.,0.,0.));
#11999=DIRECTION('center_axis',(0.,0.,1.));
#12000=DIRECTION('ref_axis',(1.,0.,0.));
#12001=DIRECTION('center_axis',(0.,0.,1.));
#12002=DIRECTION('ref_axis',(1.,0.,0.));
#12003=DIRECTION('center_axis',(0.,0.,1.));
#12004=DIRECTION('ref_axis',(1.,0.,0.));
#12005=DIRECTION('center_axis',(0.,0.,1.));
#12006=DIRECTION('ref_axis',(1.,0.,0.));
#12007=DIRECTION('center_axis',(0.,0.,1.));
#12008=DIRECTION('ref_axis',(1.,0.,0.));
#12009=DIRECTION('center_axis',(0.,0.,1.));
#12010=DIRECTION('ref_axis',(1.,0.,0.));
#12011=DIRECTION('center_axis',(0.,0.,1.));
#12012=DIRECTION('ref_axis',(1.,0.,0.));
#12013=DIRECTION('center_axis',(0.,0.,1.));
#12014=DIRECTION('ref_axis',(1.,0.,0.));
#12015=DIRECTION('',(0.44721359549996,-0.894427190999915,0.));
#12016=DIRECTION('',(0.447213595499956,0.894427190999917,0.));
#12017=DIRECTION('center_axis',(0.,0.,1.));
#12018=DIRECTION('ref_axis',(1.,0.,0.));
#12019=DIRECTION('center_axis',(0.,0.,1.));
#12020=DIRECTION('ref_axis',(1.,0.,0.));
#12021=DIRECTION('center_axis',(0.,0.,1.));
#12022=DIRECTION('ref_axis',(1.,0.,0.));
#12023=DIRECTION('',(0.,0.,-1.));
#12024=DIRECTION('center_axis',(0.,0.,1.));
#12025=DIRECTION('ref_axis',(1.,0.,0.));
#12026=DIRECTION('center_axis',(0.,0.,1.));
#12027=DIRECTION('ref_axis',(1.,0.,0.));
#12028=DIRECTION('center_axis',(0.,0.,1.));
#12029=DIRECTION('ref_axis',(1.,0.,0.));
#12030=DIRECTION('center_axis',(0.,0.,1.));
#12031=DIRECTION('ref_axis',(1.,0.,0.));
#12032=DIRECTION('center_axis',(0.,0.,1.));
#12033=DIRECTION('ref_axis',(1.,0.,0.));
#12034=DIRECTION('center_axis',(0.,0.,1.));
#12035=DIRECTION('ref_axis',(1.,0.,0.));
#12036=DIRECTION('center_axis',(0.,0.,1.));
#12037=DIRECTION('ref_axis',(1.,0.,0.));
#12038=DIRECTION('center_axis',(0.,0.,1.));
#12039=DIRECTION('ref_axis',(1.,0.,0.));
#12040=DIRECTION('center_axis',(0.,0.,1.));
#12041=DIRECTION('ref_axis',(1.,0.,0.));
#12042=DIRECTION('center_axis',(0.,0.,1.));
#12043=DIRECTION('ref_axis',(1.,0.,0.));
#12044=DIRECTION('center_axis',(0.,0.,1.));
#12045=DIRECTION('ref_axis',(1.,0.,0.));
#12046=DIRECTION('center_axis',(0.,0.,1.));
#12047=DIRECTION('ref_axis',(1.,0.,0.));
#12048=DIRECTION('center_axis',(0.,0.,1.));
#12049=DIRECTION('ref_axis',(1.,0.,0.));
#12050=DIRECTION('center_axis',(0.,0.,1.));
#12051=DIRECTION('ref_axis',(1.,0.,0.));
#12052=DIRECTION('center_axis',(0.,0.,1.));
#12053=DIRECTION('ref_axis',(1.,0.,0.));
#12054=DIRECTION('center_axis',(0.,0.,1.));
#12055=DIRECTION('ref_axis',(1.,0.,0.));
#12056=DIRECTION('center_axis',(0.,0.,1.));
#12057=DIRECTION('ref_axis',(1.,0.,0.));
#12058=DIRECTION('center_axis',(0.,0.,1.));
#12059=DIRECTION('ref_axis',(1.,0.,0.));
#12060=DIRECTION('center_axis',(0.,0.,1.));
#12061=DIRECTION('ref_axis',(1.,0.,0.));
#12062=DIRECTION('center_axis',(0.,0.,1.));
#12063=DIRECTION('ref_axis',(1.,0.,0.));
#12064=DIRECTION('center_axis',(0.,0.,1.));
#12065=DIRECTION('ref_axis',(1.,0.,0.));
#12066=DIRECTION('center_axis',(0.,0.,1.));
#12067=DIRECTION('ref_axis',(1.,0.,0.));
#12068=DIRECTION('center_axis',(0.,0.,1.));
#12069=DIRECTION('ref_axis',(1.,0.,0.));
#12070=DIRECTION('center_axis',(0.,0.,1.));
#12071=DIRECTION('ref_axis',(1.,0.,0.));
#12072=DIRECTION('center_axis',(0.,0.,1.));
#12073=DIRECTION('ref_axis',(1.,0.,0.));
#12074=DIRECTION('center_axis',(0.,0.,1.));
#12075=DIRECTION('ref_axis',(1.,0.,0.));
#12076=DIRECTION('center_axis',(0.,0.,1.));
#12077=DIRECTION('ref_axis',(1.,0.,0.));
#12078=DIRECTION('center_axis',(0.,0.,1.));
#12079=DIRECTION('ref_axis',(1.,0.,0.));
#12080=DIRECTION('center_axis',(0.,0.,1.));
#12081=DIRECTION('ref_axis',(1.,0.,0.));
#12082=DIRECTION('center_axis',(0.,0.,1.));
#12083=DIRECTION('ref_axis',(1.,0.,0.));
#12084=DIRECTION('center_axis',(0.,0.,1.));
#12085=DIRECTION('ref_axis',(1.,0.,0.));
#12086=DIRECTION('center_axis',(0.,0.,1.));
#12087=DIRECTION('ref_axis',(1.,0.,0.));
#12088=DIRECTION('center_axis',(0.,0.,1.));
#12089=DIRECTION('ref_axis',(1.,0.,0.));
#12090=DIRECTION('center_axis',(0.,0.,1.));
#12091=DIRECTION('ref_axis',(1.,0.,0.));
#12092=DIRECTION('center_axis',(0.,0.,1.));
#12093=DIRECTION('ref_axis',(1.,0.,0.));
#12094=DIRECTION('center_axis',(0.,0.,1.));
#12095=DIRECTION('ref_axis',(1.,0.,0.));
#12096=DIRECTION('center_axis',(0.,0.,1.));
#12097=DIRECTION('ref_axis',(1.,0.,0.));
#12098=DIRECTION('center_axis',(0.,0.,1.));
#12099=DIRECTION('ref_axis',(1.,0.,0.));
#12100=DIRECTION('center_axis',(0.,0.,1.));
#12101=DIRECTION('ref_axis',(1.,0.,0.));
#12102=DIRECTION('center_axis',(0.,0.,1.));
#12103=DIRECTION('ref_axis',(1.,0.,0.));
#12104=DIRECTION('center_axis',(0.,0.,1.));
#12105=DIRECTION('ref_axis',(1.,0.,0.));
#12106=DIRECTION('center_axis',(0.,0.,1.));
#12107=DIRECTION('ref_axis',(1.,0.,0.));
#12108=DIRECTION('center_axis',(0.,0.,1.));
#12109=DIRECTION('ref_axis',(1.,0.,0.));
#12110=DIRECTION('center_axis',(0.,0.,1.));
#12111=DIRECTION('ref_axis',(1.,0.,0.));
#12112=DIRECTION('center_axis',(0.,0.,1.));
#12113=DIRECTION('ref_axis',(1.,0.,0.));
#12114=DIRECTION('center_axis',(0.,0.,1.));
#12115=DIRECTION('ref_axis',(1.,0.,0.));
#12116=DIRECTION('center_axis',(0.,0.,1.));
#12117=DIRECTION('ref_axis',(1.,0.,0.));
#12118=DIRECTION('center_axis',(0.,0.,1.));
#12119=DIRECTION('ref_axis',(1.,0.,0.));
#12120=DIRECTION('center_axis',(0.,0.,1.));
#12121=DIRECTION('ref_axis',(1.,0.,0.));
#12122=DIRECTION('center_axis',(0.,0.,1.));
#12123=DIRECTION('ref_axis',(1.,0.,0.));
#12124=DIRECTION('center_axis',(0.,0.,1.));
#12125=DIRECTION('ref_axis',(1.,0.,0.));
#12126=DIRECTION('center_axis',(0.,0.,1.));
#12127=DIRECTION('ref_axis',(1.,0.,0.));
#12128=DIRECTION('center_axis',(0.,0.,1.));
#12129=DIRECTION('ref_axis',(1.,0.,0.));
#12130=DIRECTION('center_axis',(0.,0.,1.));
#12131=DIRECTION('ref_axis',(1.,0.,0.));
#12132=DIRECTION('center_axis',(0.,0.,1.));
#12133=DIRECTION('ref_axis',(1.,0.,0.));
#12134=DIRECTION('center_axis',(0.,0.,1.));
#12135=DIRECTION('ref_axis',(1.,0.,0.));
#12136=DIRECTION('center_axis',(0.,0.,1.));
#12137=DIRECTION('ref_axis',(1.,0.,0.));
#12138=DIRECTION('center_axis',(0.,0.,1.));
#12139=DIRECTION('ref_axis',(1.,0.,0.));
#12140=DIRECTION('center_axis',(0.,0.,1.));
#12141=DIRECTION('ref_axis',(1.,0.,0.));
#12142=DIRECTION('center_axis',(0.,0.,1.));
#12143=DIRECTION('ref_axis',(1.,0.,0.));
#12144=DIRECTION('center_axis',(0.,0.,1.));
#12145=DIRECTION('ref_axis',(1.,0.,0.));
#12146=DIRECTION('center_axis',(0.,0.,1.));
#12147=DIRECTION('ref_axis',(1.,0.,0.));
#12148=DIRECTION('center_axis',(0.,0.,1.));
#12149=DIRECTION('ref_axis',(1.,0.,0.));
#12150=DIRECTION('center_axis',(0.,0.,1.));
#12151=DIRECTION('ref_axis',(1.,0.,0.));
#12152=DIRECTION('center_axis',(0.,0.,1.));
#12153=DIRECTION('ref_axis',(1.,0.,0.));
#12154=DIRECTION('center_axis',(0.,0.,1.));
#12155=DIRECTION('ref_axis',(1.,0.,0.));
#12156=DIRECTION('center_axis',(0.,0.,1.));
#12157=DIRECTION('ref_axis',(1.,0.,0.));
#12158=DIRECTION('center_axis',(0.,0.,1.));
#12159=DIRECTION('ref_axis',(1.,0.,0.));
#12160=DIRECTION('center_axis',(0.,0.,1.));
#12161=DIRECTION('ref_axis',(1.,0.,0.));
#12162=DIRECTION('center_axis',(0.,0.,1.));
#12163=DIRECTION('ref_axis',(1.,0.,0.));
#12164=DIRECTION('center_axis',(0.,0.,1.));
#12165=DIRECTION('ref_axis',(1.,0.,0.));
#12166=DIRECTION('center_axis',(0.,0.,1.));
#12167=DIRECTION('ref_axis',(1.,0.,0.));
#12168=DIRECTION('center_axis',(0.,0.,1.));
#12169=DIRECTION('ref_axis',(-1.,-1.22464679914735E-16,0.));
#12170=DIRECTION('center_axis',(0.,0.,1.));
#12171=DIRECTION('ref_axis',(1.,0.,0.));
#12172=DIRECTION('center_axis',(0.,0.,1.));
#12173=DIRECTION('ref_axis',(1.,0.,0.));
#12174=DIRECTION('center_axis',(0.,0.,1.));
#12175=DIRECTION('ref_axis',(1.,0.,0.));
#12176=DIRECTION('center_axis',(0.,0.,1.));
#12177=DIRECTION('ref_axis',(1.,0.,0.));
#12178=DIRECTION('center_axis',(0.,0.,1.));
#12179=DIRECTION('ref_axis',(1.,0.,0.));
#12180=DIRECTION('center_axis',(0.,0.,1.));
#12181=DIRECTION('ref_axis',(1.,0.,0.));
#12182=DIRECTION('center_axis',(0.,0.,1.));
#12183=DIRECTION('ref_axis',(1.,0.,0.));
#12184=DIRECTION('center_axis',(0.,0.,1.));
#12185=DIRECTION('ref_axis',(1.,0.,0.));
#12186=DIRECTION('center_axis',(0.,0.,1.));
#12187=DIRECTION('ref_axis',(1.,0.,0.));
#12188=DIRECTION('center_axis',(0.,0.,1.));
#12189=DIRECTION('ref_axis',(1.,0.,0.));
#12190=DIRECTION('center_axis',(0.,0.,1.));
#12191=DIRECTION('ref_axis',(1.,0.,0.));
#12192=DIRECTION('center_axis',(0.,0.,1.));
#12193=DIRECTION('ref_axis',(1.,0.,0.));
#12194=DIRECTION('center_axis',(0.,0.,1.));
#12195=DIRECTION('ref_axis',(1.,0.,0.));
#12196=DIRECTION('center_axis',(0.,0.,1.));
#12197=DIRECTION('ref_axis',(1.,0.,0.));
#12198=DIRECTION('center_axis',(0.,0.,1.));
#12199=DIRECTION('ref_axis',(1.,0.,0.));
#12200=DIRECTION('center_axis',(0.,0.,1.));
#12201=DIRECTION('ref_axis',(1.,0.,0.));
#12202=DIRECTION('center_axis',(0.,0.,1.));
#12203=DIRECTION('ref_axis',(1.,0.,0.));
#12204=DIRECTION('center_axis',(0.,0.,1.));
#12205=DIRECTION('ref_axis',(1.,0.,0.));
#12206=DIRECTION('center_axis',(0.,0.,1.));
#12207=DIRECTION('ref_axis',(1.,0.,0.));
#12208=DIRECTION('center_axis',(0.,0.,1.));
#12209=DIRECTION('ref_axis',(1.,0.,0.));
#12210=DIRECTION('center_axis',(0.,0.,1.));
#12211=DIRECTION('ref_axis',(1.,0.,0.));
#12212=DIRECTION('center_axis',(0.,0.,1.));
#12213=DIRECTION('ref_axis',(1.,0.,0.));
#12214=DIRECTION('center_axis',(0.,0.,1.));
#12215=DIRECTION('ref_axis',(1.,0.,0.));
#12216=DIRECTION('center_axis',(0.,0.,1.));
#12217=DIRECTION('ref_axis',(1.,0.,0.));
#12218=DIRECTION('center_axis',(0.,0.,1.));
#12219=DIRECTION('ref_axis',(1.,0.,0.));
#12220=DIRECTION('center_axis',(0.,0.,1.));
#12221=DIRECTION('ref_axis',(1.,0.,0.));
#12222=DIRECTION('center_axis',(0.,0.,1.));
#12223=DIRECTION('ref_axis',(1.,0.,0.));
#12224=DIRECTION('center_axis',(0.,0.,1.));
#12225=DIRECTION('ref_axis',(1.,0.,0.));
#12226=DIRECTION('center_axis',(0.,0.,1.));
#12227=DIRECTION('ref_axis',(1.,0.,0.));
#12228=DIRECTION('center_axis',(0.,0.,1.));
#12229=DIRECTION('ref_axis',(1.,0.,0.));
#12230=DIRECTION('center_axis',(0.,0.,1.));
#12231=DIRECTION('ref_axis',(1.,0.,0.));
#12232=DIRECTION('center_axis',(0.,0.,1.));
#12233=DIRECTION('ref_axis',(1.,0.,0.));
#12234=DIRECTION('center_axis',(0.,0.,1.));
#12235=DIRECTION('ref_axis',(1.,0.,0.));
#12236=DIRECTION('center_axis',(0.,0.,1.));
#12237=DIRECTION('ref_axis',(1.,0.,0.));
#12238=DIRECTION('center_axis',(0.,0.,1.));
#12239=DIRECTION('ref_axis',(1.,0.,0.));
#12240=DIRECTION('center_axis',(0.,0.,1.));
#12241=DIRECTION('ref_axis',(1.,0.,0.));
#12242=DIRECTION('center_axis',(0.,0.,1.));
#12243=DIRECTION('ref_axis',(1.,0.,0.));
#12244=DIRECTION('center_axis',(0.,0.,1.));
#12245=DIRECTION('ref_axis',(1.,0.,0.));
#12246=DIRECTION('center_axis',(0.,0.,1.));
#12247=DIRECTION('ref_axis',(1.,0.,0.));
#12248=DIRECTION('center_axis',(0.,0.,1.));
#12249=DIRECTION('ref_axis',(1.,0.,0.));
#12250=DIRECTION('center_axis',(0.,0.,1.));
#12251=DIRECTION('ref_axis',(1.,0.,0.));
#12252=DIRECTION('center_axis',(0.,0.,1.));
#12253=DIRECTION('ref_axis',(1.,0.,0.));
#12254=DIRECTION('center_axis',(0.,0.,1.));
#12255=DIRECTION('ref_axis',(1.,0.,0.));
#12256=DIRECTION('center_axis',(0.,0.,1.));
#12257=DIRECTION('ref_axis',(1.,0.,0.));
#12258=DIRECTION('center_axis',(0.,0.,1.));
#12259=DIRECTION('ref_axis',(1.,0.,0.));
#12260=DIRECTION('center_axis',(0.,0.,1.));
#12261=DIRECTION('ref_axis',(1.,0.,0.));
#12262=DIRECTION('center_axis',(0.,0.,1.));
#12263=DIRECTION('ref_axis',(1.,0.,0.));
#12264=DIRECTION('center_axis',(0.,0.,1.));
#12265=DIRECTION('ref_axis',(1.,0.,0.));
#12266=DIRECTION('center_axis',(0.,0.,1.));
#12267=DIRECTION('ref_axis',(1.,0.,0.));
#12268=DIRECTION('center_axis',(0.,0.,1.));
#12269=DIRECTION('ref_axis',(1.,0.,0.));
#12270=DIRECTION('center_axis',(0.,0.,1.));
#12271=DIRECTION('ref_axis',(1.,0.,0.));
#12272=DIRECTION('center_axis',(0.,0.,1.));
#12273=DIRECTION('ref_axis',(1.,0.,0.));
#12274=DIRECTION('center_axis',(0.,0.,1.));
#12275=DIRECTION('ref_axis',(1.,0.,0.));
#12276=DIRECTION('center_axis',(0.,0.,1.));
#12277=DIRECTION('ref_axis',(1.,0.,0.));
#12278=DIRECTION('center_axis',(0.,0.,1.));
#12279=DIRECTION('ref_axis',(1.,0.,0.));
#12280=DIRECTION('center_axis',(0.,0.,1.));
#12281=DIRECTION('ref_axis',(1.,0.,0.));
#12282=DIRECTION('center_axis',(0.,0.,1.));
#12283=DIRECTION('ref_axis',(1.,0.,0.));
#12284=DIRECTION('center_axis',(0.,0.,1.));
#12285=DIRECTION('ref_axis',(1.,0.,0.));
#12286=DIRECTION('center_axis',(0.,0.,1.));
#12287=DIRECTION('ref_axis',(1.,0.,0.));
#12288=DIRECTION('center_axis',(0.,0.,1.));
#12289=DIRECTION('ref_axis',(1.,0.,0.));
#12290=DIRECTION('center_axis',(0.,0.,1.));
#12291=DIRECTION('ref_axis',(1.,0.,0.));
#12292=DIRECTION('center_axis',(0.,0.,1.));
#12293=DIRECTION('ref_axis',(1.,0.,0.));
#12294=DIRECTION('center_axis',(0.,0.,1.));
#12295=DIRECTION('ref_axis',(1.,0.,0.));
#12296=DIRECTION('center_axis',(0.,0.,1.));
#12297=DIRECTION('ref_axis',(1.,0.,0.));
#12298=DIRECTION('center_axis',(0.,0.,1.));
#12299=DIRECTION('ref_axis',(1.,0.,0.));
#12300=DIRECTION('center_axis',(0.,0.,1.));
#12301=DIRECTION('ref_axis',(1.,0.,0.));
#12302=DIRECTION('center_axis',(0.,0.,1.));
#12303=DIRECTION('ref_axis',(1.,0.,0.));
#12304=DIRECTION('center_axis',(0.,0.,1.));
#12305=DIRECTION('ref_axis',(1.,0.,0.));
#12306=DIRECTION('center_axis',(0.,0.,1.));
#12307=DIRECTION('ref_axis',(1.,0.,0.));
#12308=DIRECTION('center_axis',(0.,0.,1.));
#12309=DIRECTION('ref_axis',(1.,0.,0.));
#12310=DIRECTION('center_axis',(0.,0.,1.));
#12311=DIRECTION('ref_axis',(1.,0.,0.));
#12312=DIRECTION('center_axis',(0.,0.,1.));
#12313=DIRECTION('ref_axis',(1.,0.,0.));
#12314=DIRECTION('center_axis',(0.,0.,1.));
#12315=DIRECTION('ref_axis',(1.,0.,0.));
#12316=DIRECTION('center_axis',(0.,0.,1.));
#12317=DIRECTION('ref_axis',(1.,0.,0.));
#12318=DIRECTION('center_axis',(0.,0.,1.));
#12319=DIRECTION('ref_axis',(1.,0.,0.));
#12320=DIRECTION('center_axis',(0.,0.,1.));
#12321=DIRECTION('ref_axis',(1.,0.,0.));
#12322=DIRECTION('center_axis',(0.,0.,1.));
#12323=DIRECTION('ref_axis',(1.,0.,0.));
#12324=DIRECTION('center_axis',(0.,0.,1.));
#12325=DIRECTION('ref_axis',(1.,0.,0.));
#12326=DIRECTION('center_axis',(0.,0.,1.));
#12327=DIRECTION('ref_axis',(1.,0.,0.));
#12328=DIRECTION('center_axis',(0.,0.,1.));
#12329=DIRECTION('ref_axis',(1.,0.,0.));
#12330=DIRECTION('center_axis',(0.,0.,1.));
#12331=DIRECTION('ref_axis',(1.,0.,0.));
#12332=DIRECTION('center_axis',(0.,0.,1.));
#12333=DIRECTION('ref_axis',(1.,0.,0.));
#12334=DIRECTION('center_axis',(0.,0.,1.));
#12335=DIRECTION('ref_axis',(1.,0.,0.));
#12336=DIRECTION('center_axis',(0.,0.,1.));
#12337=DIRECTION('ref_axis',(1.,0.,0.));
#12338=DIRECTION('center_axis',(0.,0.,1.));
#12339=DIRECTION('ref_axis',(1.,0.,0.));
#12340=DIRECTION('center_axis',(0.,0.,1.));
#12341=DIRECTION('ref_axis',(1.,0.,0.));
#12342=DIRECTION('center_axis',(0.,0.,1.));
#12343=DIRECTION('ref_axis',(1.,0.,0.));
#12344=DIRECTION('center_axis',(0.,0.,1.));
#12345=DIRECTION('ref_axis',(1.,0.,0.));
#12346=DIRECTION('center_axis',(0.,0.,1.));
#12347=DIRECTION('ref_axis',(1.,0.,0.));
#12348=DIRECTION('center_axis',(0.,0.,1.));
#12349=DIRECTION('ref_axis',(1.,0.,0.));
#12350=DIRECTION('center_axis',(0.,0.,1.));
#12351=DIRECTION('ref_axis',(1.,0.,0.));
#12352=DIRECTION('center_axis',(0.,0.,1.));
#12353=DIRECTION('ref_axis',(1.,0.,0.));
#12354=DIRECTION('center_axis',(0.,0.,1.));
#12355=DIRECTION('ref_axis',(1.,0.,0.));
#12356=DIRECTION('center_axis',(0.,0.,1.));
#12357=DIRECTION('ref_axis',(1.,0.,0.));
#12358=DIRECTION('center_axis',(0.,0.,1.));
#12359=DIRECTION('ref_axis',(1.,0.,0.));
#12360=DIRECTION('center_axis',(0.,0.,1.));
#12361=DIRECTION('ref_axis',(1.,0.,0.));
#12362=DIRECTION('center_axis',(0.,0.,1.));
#12363=DIRECTION('ref_axis',(1.,0.,0.));
#12364=DIRECTION('center_axis',(0.,0.,1.));
#12365=DIRECTION('ref_axis',(1.,0.,0.));
#12366=DIRECTION('center_axis',(0.,0.,1.));
#12367=DIRECTION('ref_axis',(1.,0.,0.));
#12368=DIRECTION('center_axis',(0.,0.,1.));
#12369=DIRECTION('ref_axis',(1.,0.,0.));
#12370=DIRECTION('center_axis',(0.,0.,1.));
#12371=DIRECTION('ref_axis',(1.,0.,0.));
#12372=DIRECTION('center_axis',(0.,0.,1.));
#12373=DIRECTION('ref_axis',(1.,0.,0.));
#12374=DIRECTION('center_axis',(0.,0.,1.));
#12375=DIRECTION('ref_axis',(1.,0.,0.));
#12376=DIRECTION('center_axis',(0.,0.,1.));
#12377=DIRECTION('ref_axis',(1.,0.,0.));
#12378=DIRECTION('center_axis',(0.,0.,1.));
#12379=DIRECTION('ref_axis',(1.,0.,0.));
#12380=DIRECTION('center_axis',(0.,0.,1.));
#12381=DIRECTION('ref_axis',(1.,0.,0.));
#12382=DIRECTION('center_axis',(0.,0.,1.));
#12383=DIRECTION('ref_axis',(1.,0.,0.));
#12384=DIRECTION('center_axis',(0.,0.,1.));
#12385=DIRECTION('ref_axis',(1.,0.,0.));
#12386=DIRECTION('center_axis',(0.,0.,1.));
#12387=DIRECTION('ref_axis',(1.,0.,0.));
#12388=DIRECTION('center_axis',(0.,0.,1.));
#12389=DIRECTION('ref_axis',(1.,0.,0.));
#12390=DIRECTION('center_axis',(0.,0.,1.));
#12391=DIRECTION('ref_axis',(1.,0.,0.));
#12392=DIRECTION('center_axis',(0.,0.,1.));
#12393=DIRECTION('ref_axis',(1.,0.,0.));
#12394=DIRECTION('center_axis',(0.,0.,1.));
#12395=DIRECTION('ref_axis',(1.,0.,0.));
#12396=DIRECTION('center_axis',(0.,0.,1.));
#12397=DIRECTION('ref_axis',(1.,0.,0.));
#12398=DIRECTION('center_axis',(0.,0.,1.));
#12399=DIRECTION('ref_axis',(1.,0.,0.));
#12400=DIRECTION('center_axis',(0.,0.,1.));
#12401=DIRECTION('ref_axis',(1.,0.,0.));
#12402=DIRECTION('center_axis',(0.,0.,1.));
#12403=DIRECTION('ref_axis',(1.,0.,0.));
#12404=DIRECTION('center_axis',(0.,0.,1.));
#12405=DIRECTION('ref_axis',(1.,0.,0.));
#12406=DIRECTION('center_axis',(0.,0.,1.));
#12407=DIRECTION('ref_axis',(1.,0.,0.));
#12408=DIRECTION('center_axis',(0.,0.,1.));
#12409=DIRECTION('ref_axis',(1.,0.,0.));
#12410=DIRECTION('center_axis',(0.,0.,1.));
#12411=DIRECTION('ref_axis',(1.,0.,0.));
#12412=DIRECTION('center_axis',(0.,0.,1.));
#12413=DIRECTION('ref_axis',(1.,0.,0.));
#12414=DIRECTION('center_axis',(0.,0.,1.));
#12415=DIRECTION('ref_axis',(1.,0.,0.));
#12416=DIRECTION('center_axis',(0.,0.,1.));
#12417=DIRECTION('ref_axis',(1.,0.,0.));
#12418=DIRECTION('center_axis',(0.,0.,1.));
#12419=DIRECTION('ref_axis',(1.,0.,0.));
#12420=DIRECTION('center_axis',(0.,0.,1.));
#12421=DIRECTION('ref_axis',(1.,0.,0.));
#12422=DIRECTION('center_axis',(0.,0.,1.));
#12423=DIRECTION('ref_axis',(1.,0.,0.));
#12424=DIRECTION('center_axis',(0.,0.,1.));
#12425=DIRECTION('ref_axis',(1.,0.,0.));
#12426=DIRECTION('center_axis',(0.,0.,1.));
#12427=DIRECTION('ref_axis',(1.,0.,0.));
#12428=DIRECTION('center_axis',(0.,0.,1.));
#12429=DIRECTION('ref_axis',(1.,0.,0.));
#12430=DIRECTION('center_axis',(0.,0.,1.));
#12431=DIRECTION('ref_axis',(1.,0.,0.));
#12432=DIRECTION('center_axis',(0.,0.,1.));
#12433=DIRECTION('ref_axis',(1.,0.,0.));
#12434=DIRECTION('center_axis',(0.,0.,1.));
#12435=DIRECTION('ref_axis',(1.,0.,0.));
#12436=DIRECTION('center_axis',(0.,0.,1.));
#12437=DIRECTION('ref_axis',(1.,0.,0.));
#12438=DIRECTION('center_axis',(0.,0.,1.));
#12439=DIRECTION('ref_axis',(1.,0.,0.));
#12440=DIRECTION('center_axis',(0.,0.,1.));
#12441=DIRECTION('ref_axis',(1.,0.,0.));
#12442=DIRECTION('center_axis',(0.,0.,1.));
#12443=DIRECTION('ref_axis',(1.,0.,0.));
#12444=DIRECTION('center_axis',(0.,0.,1.));
#12445=DIRECTION('ref_axis',(1.,0.,0.));
#12446=DIRECTION('center_axis',(0.,0.,1.));
#12447=DIRECTION('ref_axis',(1.,0.,0.));
#12448=DIRECTION('center_axis',(0.,0.,1.));
#12449=DIRECTION('ref_axis',(1.,0.,0.));
#12450=DIRECTION('center_axis',(0.,0.,1.));
#12451=DIRECTION('ref_axis',(1.,0.,0.));
#12452=DIRECTION('center_axis',(0.,0.,1.));
#12453=DIRECTION('ref_axis',(1.,0.,0.));
#12454=DIRECTION('center_axis',(0.,0.,1.));
#12455=DIRECTION('ref_axis',(1.,0.,0.));
#12456=DIRECTION('center_axis',(0.,0.,1.));
#12457=DIRECTION('ref_axis',(1.,0.,0.));
#12458=DIRECTION('center_axis',(0.,0.,1.));
#12459=DIRECTION('ref_axis',(1.,0.,0.));
#12460=DIRECTION('center_axis',(0.,0.,1.));
#12461=DIRECTION('ref_axis',(1.,0.,0.));
#12462=DIRECTION('center_axis',(0.,0.,1.));
#12463=DIRECTION('ref_axis',(1.,0.,0.));
#12464=DIRECTION('center_axis',(0.,0.,1.));
#12465=DIRECTION('ref_axis',(1.,0.,0.));
#12466=DIRECTION('center_axis',(0.,0.,1.));
#12467=DIRECTION('ref_axis',(1.,0.,0.));
#12468=DIRECTION('center_axis',(0.,0.,1.));
#12469=DIRECTION('ref_axis',(1.,0.,0.));
#12470=DIRECTION('center_axis',(0.,0.,1.));
#12471=DIRECTION('ref_axis',(1.,0.,0.));
#12472=DIRECTION('center_axis',(0.,0.,1.));
#12473=DIRECTION('ref_axis',(1.,0.,0.));
#12474=DIRECTION('center_axis',(0.,0.,1.));
#12475=DIRECTION('ref_axis',(1.,0.,0.));
#12476=DIRECTION('center_axis',(0.,0.,1.));
#12477=DIRECTION('ref_axis',(1.,0.,0.));
#12478=DIRECTION('center_axis',(0.,0.,1.));
#12479=DIRECTION('ref_axis',(1.,0.,0.));
#12480=DIRECTION('center_axis',(0.,0.,1.));
#12481=DIRECTION('ref_axis',(1.,0.,0.));
#12482=DIRECTION('center_axis',(0.,0.,1.));
#12483=DIRECTION('ref_axis',(1.,0.,0.));
#12484=DIRECTION('center_axis',(0.,0.,1.));
#12485=DIRECTION('ref_axis',(1.,0.,0.));
#12486=DIRECTION('center_axis',(0.,0.,1.));
#12487=DIRECTION('ref_axis',(1.,0.,0.));
#12488=DIRECTION('center_axis',(0.,0.,1.));
#12489=DIRECTION('ref_axis',(1.,0.,0.));
#12490=DIRECTION('center_axis',(0.,0.,1.));
#12491=DIRECTION('ref_axis',(1.,0.,0.));
#12492=DIRECTION('center_axis',(0.,0.,1.));
#12493=DIRECTION('ref_axis',(1.,0.,0.));
#12494=DIRECTION('center_axis',(0.,0.,1.));
#12495=DIRECTION('ref_axis',(1.,0.,0.));
#12496=DIRECTION('center_axis',(0.,0.,1.));
#12497=DIRECTION('ref_axis',(1.,0.,0.));
#12498=DIRECTION('center_axis',(0.,0.,1.));
#12499=DIRECTION('ref_axis',(1.,0.,0.));
#12500=DIRECTION('center_axis',(0.,0.,1.));
#12501=DIRECTION('ref_axis',(1.,0.,0.));
#12502=DIRECTION('center_axis',(0.,0.,1.));
#12503=DIRECTION('ref_axis',(1.,0.,0.));
#12504=DIRECTION('center_axis',(0.,0.,1.));
#12505=DIRECTION('ref_axis',(1.,0.,0.));
#12506=DIRECTION('center_axis',(0.,0.,1.));
#12507=DIRECTION('ref_axis',(1.,0.,0.));
#12508=DIRECTION('center_axis',(0.,0.,1.));
#12509=DIRECTION('ref_axis',(1.,0.,0.));
#12510=DIRECTION('center_axis',(0.,0.,1.));
#12511=DIRECTION('ref_axis',(1.,0.,0.));
#12512=DIRECTION('center_axis',(0.,0.,1.));
#12513=DIRECTION('ref_axis',(1.,0.,0.));
#12514=DIRECTION('center_axis',(0.,0.,1.));
#12515=DIRECTION('ref_axis',(1.,0.,0.));
#12516=DIRECTION('center_axis',(0.,0.,1.));
#12517=DIRECTION('ref_axis',(1.,0.,0.));
#12518=DIRECTION('center_axis',(0.,0.,1.));
#12519=DIRECTION('ref_axis',(1.,0.,0.));
#12520=DIRECTION('center_axis',(0.,0.,1.));
#12521=DIRECTION('ref_axis',(1.,0.,0.));
#12522=DIRECTION('center_axis',(0.,0.,1.));
#12523=DIRECTION('ref_axis',(1.,0.,0.));
#12524=DIRECTION('center_axis',(0.,0.,1.));
#12525=DIRECTION('ref_axis',(1.,0.,0.));
#12526=DIRECTION('center_axis',(0.,0.,1.));
#12527=DIRECTION('ref_axis',(1.,0.,0.));
#12528=DIRECTION('center_axis',(0.,0.,1.));
#12529=DIRECTION('ref_axis',(1.,0.,0.));
#12530=DIRECTION('center_axis',(0.,0.,1.));
#12531=DIRECTION('ref_axis',(1.,0.,0.));
#12532=DIRECTION('center_axis',(0.,0.,1.));
#12533=DIRECTION('ref_axis',(1.,0.,0.));
#12534=DIRECTION('center_axis',(0.,0.,1.));
#12535=DIRECTION('ref_axis',(1.,0.,0.));
#12536=DIRECTION('center_axis',(0.,0.,1.));
#12537=DIRECTION('ref_axis',(1.,0.,0.));
#12538=DIRECTION('center_axis',(0.,0.,1.));
#12539=DIRECTION('ref_axis',(1.,0.,0.));
#12540=DIRECTION('center_axis',(0.,0.,1.));
#12541=DIRECTION('ref_axis',(1.,0.,0.));
#12542=DIRECTION('center_axis',(0.,0.,1.));
#12543=DIRECTION('ref_axis',(1.,0.,0.));
#12544=DIRECTION('center_axis',(0.,0.,1.));
#12545=DIRECTION('ref_axis',(1.,0.,0.));
#12546=DIRECTION('center_axis',(0.,0.,1.));
#12547=DIRECTION('ref_axis',(1.,0.,0.));
#12548=DIRECTION('center_axis',(0.,0.,1.));
#12549=DIRECTION('ref_axis',(1.,0.,0.));
#12550=DIRECTION('center_axis',(0.,0.,1.));
#12551=DIRECTION('ref_axis',(1.,0.,0.));
#12552=DIRECTION('center_axis',(0.,0.,1.));
#12553=DIRECTION('ref_axis',(1.,0.,0.));
#12554=DIRECTION('center_axis',(0.,0.,1.));
#12555=DIRECTION('ref_axis',(1.,0.,0.));
#12556=DIRECTION('center_axis',(0.,0.,1.));
#12557=DIRECTION('ref_axis',(1.,0.,0.));
#12558=DIRECTION('center_axis',(0.,0.,1.));
#12559=DIRECTION('ref_axis',(1.,0.,0.));
#12560=DIRECTION('center_axis',(0.,0.,1.));
#12561=DIRECTION('ref_axis',(1.,0.,0.));
#12562=DIRECTION('center_axis',(0.,0.,1.));
#12563=DIRECTION('ref_axis',(1.,0.,0.));
#12564=DIRECTION('center_axis',(0.,0.,1.));
#12565=DIRECTION('ref_axis',(1.,0.,0.));
#12566=DIRECTION('center_axis',(0.,0.,1.));
#12567=DIRECTION('ref_axis',(1.,0.,0.));
#12568=DIRECTION('center_axis',(0.,0.,1.));
#12569=DIRECTION('ref_axis',(1.,0.,0.));
#12570=DIRECTION('center_axis',(0.,0.,1.));
#12571=DIRECTION('ref_axis',(1.,0.,0.));
#12572=DIRECTION('center_axis',(0.,0.,1.));
#12573=DIRECTION('ref_axis',(1.,0.,0.));
#12574=DIRECTION('center_axis',(0.,0.,1.));
#12575=DIRECTION('ref_axis',(1.,0.,0.));
#12576=DIRECTION('center_axis',(0.,0.,1.));
#12577=DIRECTION('ref_axis',(1.,0.,0.));
#12578=DIRECTION('center_axis',(0.,0.,1.));
#12579=DIRECTION('ref_axis',(1.,0.,0.));
#12580=DIRECTION('center_axis',(0.,0.,1.));
#12581=DIRECTION('ref_axis',(1.,0.,0.));
#12582=DIRECTION('center_axis',(0.,0.,1.));
#12583=DIRECTION('ref_axis',(1.,0.,0.));
#12584=DIRECTION('center_axis',(0.,0.,1.));
#12585=DIRECTION('ref_axis',(1.,0.,0.));
#12586=DIRECTION('center_axis',(0.,0.,1.));
#12587=DIRECTION('ref_axis',(1.,0.,0.));
#12588=DIRECTION('center_axis',(0.,0.,1.));
#12589=DIRECTION('ref_axis',(1.,0.,0.));
#12590=DIRECTION('center_axis',(0.,0.,1.));
#12591=DIRECTION('ref_axis',(1.,0.,0.));
#12592=DIRECTION('center_axis',(0.,0.,1.));
#12593=DIRECTION('ref_axis',(1.,0.,0.));
#12594=DIRECTION('center_axis',(0.,0.,1.));
#12595=DIRECTION('ref_axis',(1.,0.,0.));
#12596=DIRECTION('center_axis',(0.,0.,1.));
#12597=DIRECTION('ref_axis',(1.,0.,0.));
#12598=DIRECTION('center_axis',(0.,0.,1.));
#12599=DIRECTION('ref_axis',(1.,0.,0.));
#12600=DIRECTION('center_axis',(0.,0.,1.));
#12601=DIRECTION('ref_axis',(1.,0.,0.));
#12602=DIRECTION('center_axis',(0.,0.,1.));
#12603=DIRECTION('ref_axis',(1.,0.,0.));
#12604=DIRECTION('center_axis',(0.,0.,1.));
#12605=DIRECTION('ref_axis',(1.,0.,0.));
#12606=DIRECTION('center_axis',(0.,0.,1.));
#12607=DIRECTION('ref_axis',(1.,0.,0.));
#12608=DIRECTION('center_axis',(0.,0.,1.));
#12609=DIRECTION('ref_axis',(1.,0.,0.));
#12610=DIRECTION('center_axis',(0.,0.,1.));
#12611=DIRECTION('ref_axis',(1.,0.,0.));
#12612=DIRECTION('center_axis',(0.,0.,1.));
#12613=DIRECTION('ref_axis',(1.,0.,0.));
#12614=DIRECTION('center_axis',(0.,0.,1.));
#12615=DIRECTION('ref_axis',(1.,0.,0.));
#12616=DIRECTION('center_axis',(0.894427190999917,-0.447213595499956,0.));
#12617=DIRECTION('ref_axis',(0.447213595499956,0.894427190999917,0.));
#12618=DIRECTION('',(-0.447213595499956,-0.894427190999917,0.));
#12619=DIRECTION('',(0.,0.,1.));
#12620=DIRECTION('',(0.,0.,1.));
#12621=DIRECTION('center_axis',(-0.894427190999915,-0.44721359549996,0.));
#12622=DIRECTION('ref_axis',(0.44721359549996,-0.894427190999915,0.));
#12623=DIRECTION('',(-0.44721359549996,0.894427190999915,0.));
#12624=DIRECTION('center_axis',(0.,0.,1.));
#12625=DIRECTION('ref_axis',(1.,0.,0.));
#12626=DIRECTION('center_axis',(0.,0.,1.));
#12627=DIRECTION('ref_axis',(1.,0.,0.));
#12628=DIRECTION('center_axis',(0.,0.,-1.));
#12629=DIRECTION('ref_axis',(1.,0.,0.));
#12630=DIRECTION('center_axis',(0.,0.,1.));
#12631=DIRECTION('ref_axis',(1.,0.,0.));
#12632=DIRECTION('',(0.,0.,-1.));
#12633=DIRECTION('center_axis',(0.,0.,1.));
#12634=DIRECTION('ref_axis',(1.,0.,0.));
#12635=CARTESIAN_POINT('',(0.,0.,0.));
#12636=CARTESIAN_POINT('Origin',(-0.045,0.,1.25));
#12637=CARTESIAN_POINT('',(0.045,-0.127279220613579,1.25));
#12638=CARTESIAN_POINT('',(-0.135,1.65327317884893E-17,1.25));
#12639=CARTESIAN_POINT('Origin',(0.,0.,1.25));
#12640=CARTESIAN_POINT('',(0.045,0.127279220613579,1.25));
#12641=CARTESIAN_POINT('',(0.045,-0.0636396103067893,1.25));
#12642=CARTESIAN_POINT('Origin',(0.,0.,1.25));
#12643=CARTESIAN_POINT('Origin',(0.,0.,1.75));
#12644=CARTESIAN_POINT('',(-0.225,-2.75545529808154E-17,1.75));
#12645=CARTESIAN_POINT('Origin',(0.,0.,1.75));
#12646=CARTESIAN_POINT('',(-0.135,1.65327317884893E-17,1.75));
#12647=CARTESIAN_POINT('Origin',(0.,0.,1.75));
#12648=CARTESIAN_POINT('Origin',(0.045,-0.127279220613579,1.75));
#12649=CARTESIAN_POINT('',(0.045,-0.127279220613579,0.75));
#12650=CARTESIAN_POINT('',(0.045,-0.127279220613579,1.75));
#12651=CARTESIAN_POINT('',(0.045,0.127279220613579,0.75));
#12652=CARTESIAN_POINT('',(0.045,0.127279220613579,0.75));
#12653=CARTESIAN_POINT('',(0.045,0.127279220613579,1.75));
#12654=CARTESIAN_POINT('Origin',(0.,0.,1.75));
#12655=CARTESIAN_POINT('',(-0.135,1.65327317884893E-17,1.75));
#12656=CARTESIAN_POINT('Origin',(0.,0.,0.75));
#12657=CARTESIAN_POINT('Origin',(0.09,0.,0.75));
#12658=CARTESIAN_POINT('Origin',(0.015075235342512,0.359684218835589,0.));
#12659=CARTESIAN_POINT('',(0.0231565807233656,0.374284347480899,0.75));
#12660=CARTESIAN_POINT('',(0.015075235342512,0.359684218835589,0.75));
#12661=CARTESIAN_POINT('',(-0.0628917025616103,0.218825578369855,0.75));
#12662=CARTESIAN_POINT('',(0.0231565807233656,0.374284347480899,0.));
#12663=CARTESIAN_POINT('',(0.0231565807233656,0.374284347480899,0.));
#12664=CARTESIAN_POINT('',(0.015075235342512,0.359684218835589,0.));
#12665=CARTESIAN_POINT('',(-0.0628917025616103,0.218825578369855,0.));
#12666=CARTESIAN_POINT('',(0.015075235342512,0.359684218835589,0.));
#12667=CARTESIAN_POINT('Origin',(0.00824393965477627,0.374909372327458,
0.));
#12668=CARTESIAN_POINT('',(0.00824393965477626,0.374909372327458,0.75));
#12669=CARTESIAN_POINT('',(0.0775663371287574,0.220408060978786,0.75));
#12670=CARTESIAN_POINT('',(0.00824393965477629,0.374909372327458,0.));
#12671=CARTESIAN_POINT('',(0.0775663371287574,0.220408060978786,0.));
#12672=CARTESIAN_POINT('',(0.00824393965477629,0.374909372327458,0.));
#12673=CARTESIAN_POINT('Origin',(0.0301240235996337,0.358737429329822,0.));
#12674=CARTESIAN_POINT('',(0.0388096701991113,0.372986339560896,0.75));
#12675=CARTESIAN_POINT('',(0.0301240235996337,0.358737429329822,0.75));
#12676=CARTESIAN_POINT('',(-0.0536730717061838,0.221267262317819,0.75));
#12677=CARTESIAN_POINT('',(0.0388096701991113,0.372986339560896,0.));
#12678=CARTESIAN_POINT('',(0.0388096701991113,0.372986339560896,0.));
#12679=CARTESIAN_POINT('',(0.0301240235996337,0.358737429329822,0.));
#12680=CARTESIAN_POINT('',(-0.0536730717061838,0.221267262317819,0.));
#12681=CARTESIAN_POINT('',(0.0301240235996337,0.358737429329822,0.));
#12682=CARTESIAN_POINT('Origin',(0.0239362833744605,0.374235292748048,0.));
#12683=CARTESIAN_POINT('',(0.0239362833744605,0.374235292748049,0.75));
#12684=CARTESIAN_POINT('',(0.0867280299131582,0.21696658458708,0.75));
#12685=CARTESIAN_POINT('',(0.0239362833744605,0.374235292748048,0.));
#12686=CARTESIAN_POINT('',(0.0867280299131582,0.21696658458708,0.));
#12687=CARTESIAN_POINT('',(0.0239362833744605,0.374235292748048,0.));
#12688=CARTESIAN_POINT('Origin',(0.0451199640831497,0.357161292473212,0.));
#12689=CARTESIAN_POINT('',(0.0543946743257132,0.371033986859694,0.75));
#12690=CARTESIAN_POINT('',(0.0451199640831497,0.357161292473212,0.75));
#12691=CARTESIAN_POINT('',(-0.0443602800447524,0.223320768300557,0.75));
#12692=CARTESIAN_POINT('',(0.0543946743257132,0.371033986859694,0.));
#12693=CARTESIAN_POINT('',(0.0543946743257132,0.371033986859694,0.));
#12694=CARTESIAN_POINT('',(0.0451199640831497,0.357161292473212,0.));
#12695=CARTESIAN_POINT('',(-0.0443602800447524,0.223320768300557,0.));
#12696=CARTESIAN_POINT('',(0.0451199640831497,0.357161292473212,0.));
#12697=CARTESIAN_POINT('Origin',(0.0395866347195022,0.372904677299152,0.));
#12698=CARTESIAN_POINT('',(0.0395866347195022,0.372904677299152,0.75));
#12699=CARTESIAN_POINT('',(0.0957375722627087,0.213144475080268,0.75));
#12700=CARTESIAN_POINT('',(0.0395866347195022,0.372904677299152,0.));
#12701=CARTESIAN_POINT('',(0.0957375722627087,0.213144475080268,0.));
#12702=CARTESIAN_POINT('',(0.0395866347195022,0.372904677299152,0.));
#12703=CARTESIAN_POINT('Origin',(0.060036748817797,0.354958573345382,0.));
#12704=CARTESIAN_POINT('',(0.0698842517101133,0.368430714467344,0.75));
#12705=CARTESIAN_POINT('',(0.060036748817797,0.354958573345382,0.75));
#12706=CARTESIAN_POINT('',(-0.0349696653783979,0.224982493770788,0.75));
#12707=CARTESIAN_POINT('',(0.0698842517101132,0.368430714467344,0.));
#12708=CARTESIAN_POINT('',(0.0698842517101133,0.368430714467344,0.));
#12709=CARTESIAN_POINT('',(0.060036748817797,0.354958573345382,0.));
#12710=CARTESIAN_POINT('',(-0.0349696653783979,0.224982493770788,0.));
#12711=CARTESIAN_POINT('',(0.060036748817797,0.354958573345382,0.));
#12712=CARTESIAN_POINT('Origin',(0.055167537655617,0.370919860332412,0.));
#12713=CARTESIAN_POINT('',(0.055167537655617,0.370919860332412,0.75));
#12714=CARTESIAN_POINT('',(0.104579158378665,0.208948437737185,0.75));
#12715=CARTESIAN_POINT('',(0.055167537655617,0.370919860332412,0.));
#12716=CARTESIAN_POINT('',(0.104579158378665,0.208948437737185,0.));
#12717=CARTESIAN_POINT('',(0.055167537655617,0.370919860332412,0.));
#12718=CARTESIAN_POINT('Origin',(0.0748482086943936,0.35213313626417,0.));
#12719=CARTESIAN_POINT('',(0.0852512283701855,0.36518108940822,0.75));
#12720=CARTESIAN_POINT('',(0.0748482086943936,0.35213313626417,0.75));
#12721=CARTESIAN_POINT('',(-0.0255177020361977,0.22624952349738,0.75));
#12722=CARTESIAN_POINT('',(0.0852512283701855,0.36518108940822,0.));
#12723=CARTESIAN_POINT('',(0.0852512283701854,0.36518108940822,0.));
#12724=CARTESIAN_POINT('',(0.0748482086943936,0.35213313626417,0.));
#12725=CARTESIAN_POINT('',(-0.0255177020361977,0.22624952349738,0.));
#12726=CARTESIAN_POINT('',(0.0748482086943936,0.35213313626417,0.));
#12727=CARTESIAN_POINT('Origin',(0.0706516579846286,0.368284323891234,0.));
#12728=CARTESIAN_POINT('',(0.0706516579846286,0.368284323891234,0.75));
#12729=CARTESIAN_POINT('',(0.113237277114588,0.204385833833155,0.75));
#12730=CARTESIAN_POINT('',(0.0706516579846286,0.368284323891234,0.));
#12731=CARTESIAN_POINT('',(0.113237277114588,0.204385833833155,0.));
#12732=CARTESIAN_POINT('',(0.0706516579846286,0.368284323891234,0.));
#12733=CARTESIAN_POINT('Origin',(0.089528359379348,0.348689938006307,0.));
#12734=CARTESIAN_POINT('',(0.100468645407134,0.361290812628906,0.75));
#12735=CARTESIAN_POINT('',(0.089528359379348,0.348689938006307,0.75));
#12736=CARTESIAN_POINT('',(-0.0160209719736525,0.227119634679653,0.75));
#12737=CARTESIAN_POINT('',(0.100468645407134,0.361290812628906,0.));
#12738=CARTESIAN_POINT('',(0.100468645407134,0.361290812628906,0.));
#12739=CARTESIAN_POINT('',(0.089528359379348,0.348689938006307,0.));
#12740=CARTESIAN_POINT('',(-0.0160209719736525,0.227119634679653,0.));
#12741=CARTESIAN_POINT('',(0.089528359379348,0.348689938006307,0.));
#12742=CARTESIAN_POINT('Origin',(0.0860118312979404,0.365002691602096,0.));
#12743=CARTESIAN_POINT('',(0.0860118312979404,0.365002691602096,0.75));
#12744=CARTESIAN_POINT('',(0.121696739188167,0.199464667725809,0.75));
#12745=CARTESIAN_POINT('',(0.0860118312979404,0.365002691602096,0.));
#12746=CARTESIAN_POINT('',(0.121696739188167,0.199464667725809,0.));
#12747=CARTESIAN_POINT('',(0.0860118312979404,0.365002691602096,0.));
#12748=CARTESIAN_POINT('Origin',(0.10405144690001,0.344635019111544,0.));
#12749=CARTESIAN_POINT('',(0.115509806300564,0.356766708996798,0.75));
#12750=CARTESIAN_POINT('',(0.10405144690001,0.344635019111544,0.75));
#12751=CARTESIAN_POINT('',(-0.00649613568230268,0.227591300846928,0.75));
#12752=CARTESIAN_POINT('',(0.115509806300564,0.356766708996798,0.));
#12753=CARTESIAN_POINT('',(0.115509806300564,0.356766708996798,0.));
#12754=CARTESIAN_POINT('',(0.10405144690001,0.344635019111544,0.));
#12755=CARTESIAN_POINT('',(-0.00649613568230268,0.227591300846928,0.));
#12756=CARTESIAN_POINT('',(0.10405144690001,0.344635019111544,0.));
#12757=CARTESIAN_POINT('Origin',(0.101221110632139,0.36108072056314,0.));
#12758=CARTESIAN_POINT('',(0.101221110632139,0.36108072056314,0.75));
#12759=CARTESIAN_POINT('',(0.12994270382838,0.194193572812723,0.75));
#12760=CARTESIAN_POINT('',(0.101221110632139,0.36108072056314,0.));
#12761=CARTESIAN_POINT('',(0.12994270382838,0.194193572812723,0.));
#12762=CARTESIAN_POINT('',(0.101221110632139,0.36108072056314,0.));
#12763=CARTESIAN_POINT('Origin',(0.11839199282589,0.339975493285493,0.));
#12764=CARTESIAN_POINT('',(0.130348323743247,0.351616715326968,0.75));
#12765=CARTESIAN_POINT('',(0.11839199282589,0.339975493285493,0.75));
#12766=CARTESIAN_POINT('',(0.00304009703843565,0.227663694536474,0.75));
#12767=CARTESIAN_POINT('',(0.130348323743247,0.351616715326968,0.));
#12768=CARTESIAN_POINT('',(0.130348323743247,0.351616715326968,0.));
#12769=CARTESIAN_POINT('',(0.11839199282589,0.339975493285493,0.));
#12770=CARTESIAN_POINT('',(0.00304009703843565,0.227663694536474,0.));
#12771=CARTESIAN_POINT('',(0.11839199282589,0.339975493285493,0.));
#12772=CARTESIAN_POINT('Origin',(0.116252813743124,0.356525291244263,0.));
#12773=CARTESIAN_POINT('',(0.116252813743124,0.356525291244263,0.75));
#12774=CARTESIAN_POINT('',(0.13796070481125,0.188581796385503,0.75));
#12775=CARTESIAN_POINT('',(0.116252813743124,0.356525291244263,0.));
#12776=CARTESIAN_POINT('',(0.13796070481125,0.188581796385503,0.));
#12777=CARTESIAN_POINT('',(0.116252813743124,0.356525291244263,0.));
#12778=CARTESIAN_POINT('Origin',(0.132524838966484,0.33471953491977,0.));
#12779=CARTESIAN_POINT('',(0.144958165933425,0.345849866458291,0.75));
#12780=CARTESIAN_POINT('',(0.132524838966484,0.33471953491977,0.75));
#12781=CARTESIAN_POINT('',(0.0125709963959366,0.227336688745159,0.75));
#12782=CARTESIAN_POINT('',(0.144958165933425,0.345849866458291,0.));
#12783=CARTESIAN_POINT('',(0.144958165933425,0.345849866458291,0.));
#12784=CARTESIAN_POINT('',(0.132524838966484,0.33471953491977,0.));
#12785=CARTESIAN_POINT('',(0.0125709963959366,0.227336688745159,0.));
#12786=CARTESIAN_POINT('',(0.132524838966484,0.33471953491977,0.));
#12787=CARTESIAN_POINT('Origin',(0.131080569915833,0.351344395416435,0.));
#12788=CARTESIAN_POINT('',(0.131080569915833,0.351344395416435,0.75));
#12789=CARTESIAN_POINT('',(0.145736675838519,0.182639183406898,0.75));
#12790=CARTESIAN_POINT('',(0.131080569915833,0.351344395416435,0.));
#12791=CARTESIAN_POINT('',(0.145736675838519,0.182639183406898,0.));
#12792=CARTESIAN_POINT('',(0.131080569915833,0.351344395416435,0.));
#12793=CARTESIAN_POINT('Origin',(0.146425191507288,0.328876364751336,0.));
#12794=CARTESIAN_POINT('',(0.159313702243441,0.339476279403272,0.75));
#12795=CARTESIAN_POINT('',(0.146425191507288,0.328876364751336,0.75));
#12796=CARTESIAN_POINT('',(0.0220798419541059,0.226610857152259,0.75));
#12797=CARTESIAN_POINT('',(0.159313702243441,0.339476279403272,0.));
#12798=CARTESIAN_POINT('',(0.159313702243441,0.339476279403272,0.));
#12799=CARTESIAN_POINT('',(0.146425191507288,0.328876364751336,0.));
#12800=CARTESIAN_POINT('',(0.0220798419541059,0.226610857152259,0.));
#12801=CARTESIAN_POINT('',(0.146425191507288,0.328876364751336,0.));
#12802=CARTESIAN_POINT('Origin',(0.145678366227432,0.34554712213142,0.));
#12803=CARTESIAN_POINT('',(0.145678366227432,0.34554712213142,0.75));
#12804=CARTESIAN_POINT('',(0.153256975214712,0.176376159239386,0.75));
#12805=CARTESIAN_POINT('',(0.145678366227432,0.34554712213142,0.));
#12806=CARTESIAN_POINT('',(0.153256975214712,0.176376159239386,0.));
#12807=CARTESIAN_POINT('',(0.145678366227432,0.34554712213142,0.));
#12808=CARTESIAN_POINT('Origin',(0.160068664506574,0.322456233686188,0.));
#12809=CARTESIAN_POINT('',(0.173389748184562,0.332507135599364,0.75));
#12810=CARTESIAN_POINT('',(0.160068664506574,0.322456233686188,0.75));
#12811=CARTESIAN_POINT('',(0.0315499519667069,0.225487473113028,0.75));
#12812=CARTESIAN_POINT('',(0.173389748184562,0.332507135599364,0.));
#12813=CARTESIAN_POINT('',(0.173389748184562,0.332507135599364,0.));
#12814=CARTESIAN_POINT('',(0.160068664506574,0.322456233686188,0.));
#12815=CARTESIAN_POINT('',(0.0315499519667069,0.225487473113028,0.));
#12816=CARTESIAN_POINT('',(0.160068664506574,0.322456233686188,0.));
#12817=CARTESIAN_POINT('Origin',(0.160020593182826,0.339143641776484,0.));
#12818=CARTESIAN_POINT('',(0.160020593182826,0.339143641776484,0.75));
#12819=CARTESIAN_POINT('',(0.160508409779309,0.169803711355546,0.75));
#12820=CARTESIAN_POINT('',(0.160020593182826,0.339143641776484,0.));
#12821=CARTESIAN_POINT('',(0.160508409779309,0.169803711355546,0.));
#12822=CARTESIAN_POINT('',(0.160020593182826,0.339143641776484,0.));
#12823=CARTESIAN_POINT('Origin',(0.173431322676618,0.315470404815791,0.));
#12824=CARTESIAN_POINT('',(0.187161609589135,0.324954661292932,0.75));
#12825=CARTESIAN_POINT('',(0.173431322676618,0.315470404815791,0.75));
#12826=CARTESIAN_POINT('',(0.0409647126428126,0.223968507424798,0.75));
#12827=CARTESIAN_POINT('',(0.187161609589135,0.324954661292932,0.));
#12828=CARTESIAN_POINT('',(0.187161609589135,0.324954661292932,0.));
#12829=CARTESIAN_POINT('',(0.173431322676618,0.315470404815791,0.));
#12830=CARTESIAN_POINT('',(0.0409647126428126,0.223968507424798,0.));
#12831=CARTESIAN_POINT('',(0.173431322676618,0.315470404815791,0.));
#12832=CARTESIAN_POINT('Origin',(0.174082089642415,0.332145188232089,0.));
#12833=CARTESIAN_POINT('',(0.174082089642415,0.332145188232089,0.75));
#12834=CARTESIAN_POINT('',(0.167478258052028,0.1629333700623,0.75));
#12835=CARTESIAN_POINT('',(0.174082089642415,0.332145188232089,0.));
#12836=CARTESIAN_POINT('',(0.167478258052028,0.1629333700623,0.));
#12837=CARTESIAN_POINT('',(0.174082089642415,0.332145188232089,0.));
#12838=CARTESIAN_POINT('Origin',(0.186489723374327,0.307931133657782,0.));
#12839=CARTESIAN_POINT('',(0.200605125932547,0.316832106090256,0.75));
#12840=CARTESIAN_POINT('',(0.186489723374327,0.307931133657782,0.75));
#12841=CARTESIAN_POINT('',(0.0503076072930399,0.222056624869534,0.75));
#12842=CARTESIAN_POINT('',(0.200605125932547,0.316832106090256,0.));
#12843=CARTESIAN_POINT('',(0.200605125932547,0.316832106090256,0.));
#12844=CARTESIAN_POINT('',(0.186489723374327,0.307931133657782,0.));
#12845=CARTESIAN_POINT('',(0.0503076072930399,0.222056624869534,0.));
#12846=CARTESIAN_POINT('',(0.186489723374327,0.307931133657782,0.));
#12847=CARTESIAN_POINT('Origin',(0.18783818696328,0.324564039163842,0.));
#12848=CARTESIAN_POINT('',(0.18783818696328,0.324564039163842,0.75));
#12849=CARTESIAN_POINT('',(0.17415429255063,0.155777188272834,0.75));
#12850=CARTESIAN_POINT('',(0.18783818696328,0.324564039163842,0.));
#12851=CARTESIAN_POINT('',(0.17415429255063,0.155777188272834,0.));
#12852=CARTESIAN_POINT('',(0.18783818696328,0.324564039163842,0.));
#12853=CARTESIAN_POINT('Origin',(0.199220957727604,0.299851646655636,0.));
#12854=CARTESIAN_POINT('',(0.213696712718992,0.308153719713224,0.75));
#12855=CARTESIAN_POINT('',(0.199220957727604,0.299851646655636,0.75));
#12856=CARTESIAN_POINT('',(0.0595622453054354,0.219755179538902,0.75));
#12857=CARTESIAN_POINT('',(0.213696712718992,0.308153719713224,0.));
#12858=CARTESIAN_POINT('',(0.213696712718992,0.308153719713224,0.));
#12859=CARTESIAN_POINT('',(0.199220957727604,0.299851646655636,0.));
#12860=CARTESIAN_POINT('',(0.0595622453054354,0.219755179538902,0.));
#12861=CARTESIAN_POINT('',(0.199220957727604,0.299851646655636,0.));
#12862=CARTESIAN_POINT('Origin',(0.201264752276366,0.316413494483299,0.));
#12863=CARTESIAN_POINT('',(0.201264752276366,0.316413494483299,0.75));
#12864=CARTESIAN_POINT('',(0.180524801242071,0.148347720361693,0.75));
#12865=CARTESIAN_POINT('',(0.201264752276366,0.316413494483299,0.));
#12866=CARTESIAN_POINT('',(0.180524801242071,0.148347720361693,0.));
#12867=CARTESIAN_POINT('',(0.201264752276366,0.316413494483299,0.));
#12868=CARTESIAN_POINT('Origin',(0.21160269082529,0.291246117974981,0.));
#12869=CARTESIAN_POINT('',(0.226413402856698,0.298934727000479,0.75));
#12870=CARTESIAN_POINT('',(0.21160269082529,0.291246117974981,0.75));
#12871=CARTESIAN_POINT('',(0.068712390900178,0.217068208950046,0.75));
#12872=CARTESIAN_POINT('',(0.226413402856698,0.298934727000479,0.));
#12873=CARTESIAN_POINT('',(0.226413402856698,0.298934727000478,0.));
#12874=CARTESIAN_POINT('',(0.21160269082529,0.291246117974981,0.));
#12875=CARTESIAN_POINT('',(0.068712390900178,0.217068208950046,0.));
#12876=CARTESIAN_POINT('',(0.21160269082529,0.291246117974981,0.));
#12877=CARTESIAN_POINT('Origin',(0.214338230823737,0.307707853015406,0.));
#12878=CARTESIAN_POINT('',(0.214338230823737,0.307707853015406,0.75));
#12879=CARTESIAN_POINT('',(0.186578608089394,0.140658000140143,0.75));
#12880=CARTESIAN_POINT('',(0.214338230823737,0.307707853015406,0.));
#12881=CARTESIAN_POINT('',(0.186578608089394,0.140658000140143,0.));
#12882=CARTESIAN_POINT('',(0.214338230823737,0.307707853015406,0.));
#12883=CARTESIAN_POINT('Origin',(0.223613200900192,0.282129644637302,0.));
#12884=CARTESIAN_POINT('',(0.238732886950002,0.289191301197871,0.75));
#12885=CARTESIAN_POINT('',(0.223613200900192,0.282129644637302,0.75));
#12886=CARTESIAN_POINT('',(0.0777419916126546,0.214000426962419,0.75));
#12887=CARTESIAN_POINT('',(0.238732886950002,0.289191301197871,0.));
#12888=CARTESIAN_POINT('',(0.238732886950002,0.289191301197871,0.));
#12889=CARTESIAN_POINT('',(0.223613200900192,0.282129644637302,0.));
#12890=CARTESIAN_POINT('',(0.0777419916126546,0.214000426962419,0.));
#12891=CARTESIAN_POINT('',(0.223613200900192,0.282129644637302,0.));
#12892=CARTESIAN_POINT('Origin',(0.227035687281623,0.298462387413491,0.));
#12893=CARTESIAN_POINT('',(0.227035687281623,0.298462387413491,0.75));
#12894=CARTESIAN_POINT('',(0.192305092658292,0.132721517990438,0.75));
#12895=CARTESIAN_POINT('',(0.227035687281623,0.298462387413491,0.));
#12896=CARTESIAN_POINT('',(0.192305092658292,0.132721517990438,0.));
#12897=CARTESIAN_POINT('',(0.227035687281623,0.298462387413491,0.));
#12898=CARTESIAN_POINT('Origin',(0.235231417436438,0.272518220034632,0.));
#12899=CARTESIAN_POINT('',(0.250633552437615,0.278940535585098,0.75));
#12900=CARTESIAN_POINT('',(0.235231417436438,0.272518220034632,0.75));
#12901=CARTESIAN_POINT('',(0.0866352064549364,0.210557215508066,0.75));
#12902=CARTESIAN_POINT('',(0.250633552437615,0.278940535585098,0.));
#12903=CARTESIAN_POINT('',(0.250633552437616,0.278940535585098,0.));
#12904=CARTESIAN_POINT('',(0.235231417436438,0.272518220034632,0.));
#12905=CARTESIAN_POINT('',(0.0866352064549364,0.210557215508066,0.));
#12906=CARTESIAN_POINT('',(0.235231417436438,0.272518220034632,0.));
#12907=CARTESIAN_POINT('Origin',(0.239334845996772,0.288693317365853,0.));
#12908=CARTESIAN_POINT('',(0.239334845996772,0.288693317365853,0.75));
#12909=CARTESIAN_POINT('',(0.197694208748957,0.124552197199102,0.75));
#12910=CARTESIAN_POINT('',(0.239334845996772,0.288693317365853,0.));
#12911=CARTESIAN_POINT('',(0.197694208748957,0.124552197199102,0.));
#12912=CARTESIAN_POINT('',(0.239334845996772,0.288693317365853,0.));
#12913=CARTESIAN_POINT('Origin',(0.246436958134328,0.262428705871708,0.));
#12914=CARTESIAN_POINT('',(0.2620945215084,0.268200413488277,0.75));
#12915=CARTESIAN_POINT('',(0.246436958134328,0.262428705871708,0.75));
#12916=CARTESIAN_POINT('',(0.0953764337062552,0.20674461514989,0.75));
#12917=CARTESIAN_POINT('',(0.2620945215084,0.268200413488277,0.));
#12918=CARTESIAN_POINT('',(0.2620945215084,0.268200413488277,0.));
#12919=CARTESIAN_POINT('',(0.246436958134328,0.262428705871708,0.));
#12920=CARTESIAN_POINT('',(0.0953764337062552,0.20674461514989,0.));
#12921=CARTESIAN_POINT('',(0.246436958134328,0.262428705871708,0.));
#12922=CARTESIAN_POINT('Origin',(0.251214130065516,0.278417781140907,0.));
#12923=CARTESIAN_POINT('',(0.251214130065516,0.278417781140907,0.75));
#12924=CARTESIAN_POINT('',(0.202736502020533,0.116164369530759,0.75));
#12925=CARTESIAN_POINT('',(0.251214130065516,0.278417781140907,0.));
#12926=CARTESIAN_POINT('',(0.202736502020533,0.116164369530759,0.));
#12927=CARTESIAN_POINT('',(0.251214130065516,0.278417781140907,0.));
#12928=CARTESIAN_POINT('Origin',(0.257210164667809,0.251878802584811,0.));
#12929=CARTESIAN_POINT('',(0.273095687728142,0.256989776731085,0.75));
#12930=CARTESIAN_POINT('',(0.257210164667809,0.251878802584811,0.75));
#12931=CARTESIAN_POINT('',(0.103950338283723,0.202569314484448,0.75));
#12932=CARTESIAN_POINT('',(0.273095687728142,0.256989776731085,0.));
#12933=CARTESIAN_POINT('',(0.273095687728142,0.256989776731085,0.));
#12934=CARTESIAN_POINT('',(0.257210164667809,0.251878802584811,0.));
#12935=CARTESIAN_POINT('',(0.103950338283723,0.202569314484448,0.));
#12936=CARTESIAN_POINT('',(0.257210164667809,0.251878802584811,0.));
#12937=CARTESIAN_POINT('Origin',(0.26265269918699,0.267653805520842,0.));
#12938=CARTESIAN_POINT('',(0.26265269918699,0.267653805520842,0.75));
#12939=CARTESIAN_POINT('',(0.207423126577239,0.10757275008534,0.75));
#12940=CARTESIAN_POINT('',(0.26265269918699,0.267653805520842,0.));
#12941=CARTESIAN_POINT('',(0.207423126577239,0.10757275008534,0.));
#12942=CARTESIAN_POINT('',(0.26265269918699,0.267653805520842,0.));
#12943=CARTESIAN_POINT('Origin',(0.267532137171862,0.240887018289189,0.));
#12944=CARTESIAN_POINT('',(0.283617751313071,0.245328292579795,0.75));
#12945=CARTESIAN_POINT('',(0.267532137171862,0.240887018289189,0.75));
#12946=CARTESIAN_POINT('',(0.112341878645279,0.198038638407885,0.75));
#12947=CARTESIAN_POINT('',(0.283617751313071,0.245328292579795,0.));
#12948=CARTESIAN_POINT('',(0.283617751313071,0.245328292579795,0.));
#12949=CARTESIAN_POINT('',(0.267532137171862,0.240887018289189,0.));
#12950=CARTESIAN_POINT('',(0.112341878645279,0.198038638407885,0.));
#12951=CARTESIAN_POINT('',(0.267532137171862,0.240887018289189,0.));
#12952=CARTESIAN_POINT('Origin',(0.273630486224103,0.256420274176519,0.));
#12953=CARTESIAN_POINT('',(0.273630486224103,0.256420274176519,0.75));
#12954=CARTESIAN_POINT('',(0.211745860487076,0.098792411482806,0.75));
#12955=CARTESIAN_POINT('',(0.273630486224103,0.256420274176519,0.));
#12956=CARTESIAN_POINT('',(0.211745860487076,0.098792411482806,0.));
#12957=CARTESIAN_POINT('',(0.273630486224103,0.256420274176519,0.));
#12958=CARTESIAN_POINT('Origin',(0.277384767399284,0.229472636309528,0.));
#12959=CARTESIAN_POINT('',(0.293642252988237,0.233236419240205,0.75));
#12960=CARTESIAN_POINT('',(0.277384767399284,0.229472636309528,0.75));
#12961=CARTESIAN_POINT('',(0.120536333177665,0.193160535265573,0.75));
#12962=CARTESIAN_POINT('',(0.293642252988236,0.233236419240205,0.));
#12963=CARTESIAN_POINT('',(0.293642252988237,0.233236419240205,0.));
#12964=CARTESIAN_POINT('',(0.277384767399284,0.229472636309528,0.));
#12965=CARTESIAN_POINT('',(0.120536333177665,0.193160535265573,0.));
#12966=CARTESIAN_POINT('',(0.277384767399284,0.229472636309528,0.));
#12967=CARTESIAN_POINT('Origin',(0.284128232408114,0.244736894539096,0.));
#12968=CARTESIAN_POINT('',(0.284128232408114,0.244736894539096,0.75));
#12969=CARTESIAN_POINT('',(0.215697120205892,0.0898387574206439,0.75));
#12970=CARTESIAN_POINT('',(0.284128232408114,0.244736894539096,0.));
#12971=CARTESIAN_POINT('',(0.215697120205892,0.0898387574206439,0.));
#12972=CARTESIAN_POINT('',(0.284128232408114,0.244736894539096,0.));
#12973=CARTESIAN_POINT('Origin',(0.286750770488711,0.217655681350455,0.));
#12974=CARTESIAN_POINT('',(0.303151606371353,0.220735369967,0.75));
#12975=CARTESIAN_POINT('',(0.286750770488711,0.217655681350455,0.75));
#12976=CARTESIAN_POINT('',(0.128519326023135,0.187943562908015,0.75));
#12977=CARTESIAN_POINT('',(0.303151606371353,0.220735369967,0.));
#12978=CARTESIAN_POINT('',(0.303151606371353,0.220735369967,0.));
#12979=CARTESIAN_POINT('',(0.286750770488711,0.217655681350455,0.));
#12980=CARTESIAN_POINT('',(0.128519326023135,0.187943562908015,0.));
#12981=CARTESIAN_POINT('',(0.286750770488711,0.217655681350455,0.));
#12982=CARTESIAN_POINT('Origin',(0.29412752112506,0.232624163226496,0.));
#12983=CARTESIAN_POINT('',(0.29412752112506,0.232624163226496,0.75));
#12984=CARTESIAN_POINT('',(0.219269973881493,0.0807274956505511,0.75));
#12985=CARTESIAN_POINT('',(0.29412752112506,0.232624163226496,0.));
#12986=CARTESIAN_POINT('',(0.219269973881493,0.0807274956505511,0.));
#12987=CARTESIAN_POINT('',(0.29412752112506,0.232624163226496,0.));
#12988=CARTESIAN_POINT('Origin',(0.295613715288134,0.205456884366395,0.));
#12989=CARTESIAN_POINT('',(0.312129128825286,0.20784707584849,0.75));
#12990=CARTESIAN_POINT('',(0.295613715288134,0.205456884366395,0.75));
#12991=CARTESIAN_POINT('',(0.136276852299601,0.182396873677463,0.75));
#12992=CARTESIAN_POINT('',(0.312129128825286,0.20784707584849,0.));
#12993=CARTESIAN_POINT('',(0.312129128825286,0.20784707584849,0.));
#12994=CARTESIAN_POINT('',(0.295613715288134,0.205456884366395,0.));
#12995=CARTESIAN_POINT('',(0.136276852299601,0.182396873677463,0.));
#12996=CARTESIAN_POINT('',(0.295613715288134,0.205456884366395,0.));
#12997=CARTESIAN_POINT('Origin',(0.303610810224749,0.220103330085374,0.));
#12998=CARTESIAN_POINT('',(0.30361081022475,0.220103330085374,0.75));
#12999=CARTESIAN_POINT('',(0.222458153514468,0.0714746104216998,0.75));
#13000=CARTESIAN_POINT('',(0.303610810224749,0.220103330085374,0.));
#13001=CARTESIAN_POINT('',(0.222458153514468,0.0714746104216998,0.));
#13002=CARTESIAN_POINT('',(0.303610810224749,0.220103330085374,0.));
#13003=CARTESIAN_POINT('Origin',(0.303958053180726,0.192897646192438,0.));
#13004=CARTESIAN_POINT('',(0.320559070725069,0.194594147332031,0.75));
#13005=CARTESIAN_POINT('',(0.303958053180726,0.192897646192439,0.75));
#13006=CARTESIAN_POINT('',(0.143795302669947,0.176530198351608,0.75));
#13007=CARTESIAN_POINT('',(0.320559070725069,0.194594147332031,0.));
#13008=CARTESIAN_POINT('',(0.320559070725069,0.194594147332031,0.));
#13009=CARTESIAN_POINT('',(0.303958053180726,0.192897646192439,0.));
#13010=CARTESIAN_POINT('',(0.143795302669947,0.176530198351608,0.));
#13011=CARTESIAN_POINT('',(0.303958053180726,0.192897646192439,0.));
#13012=CARTESIAN_POINT('Origin',(0.312561462795658,0.207196360911669,0.));
#13013=CARTESIAN_POINT('',(0.312561462795658,0.207196360911669,0.75));
#13014=CARTESIAN_POINT('',(0.22525606595439,0.0620963344389331,0.75));
#13015=CARTESIAN_POINT('',(0.312561462795658,0.207196360911669,0.));
#13016=CARTESIAN_POINT('',(0.22525606595439,0.0620963344389331,0.));
#13017=CARTESIAN_POINT('',(0.312561462795658,0.207196360911669,0.));
#13018=CARTESIAN_POINT('Origin',(0.311769145362398,0.18,0.));
#13019=CARTESIAN_POINT('',(0.328426643088096,0.180999834557616,0.75));
#13020=CARTESIAN_POINT('',(0.311769145362398,0.18,0.75));
#13021=CARTESIAN_POINT('',(0.151061487217439,0.170353829072479,0.75));
#13022=CARTESIAN_POINT('',(0.328426643088096,0.180999834557616,0.));
#13023=CARTESIAN_POINT('',(0.328426643088096,0.180999834557616,0.));
#13024=CARTESIAN_POINT('',(0.311769145362398,0.18,0.));
#13025=CARTESIAN_POINT('',(0.151061487217439,0.170353829072479,0.));
#13026=CARTESIAN_POINT('',(0.311769145362398,0.18,0.));
#13027=CARTESIAN_POINT('Origin',(0.320963776351724,0.193925898915128,0.));
#13028=CARTESIAN_POINT('',(0.320963776351724,0.193925898915128,0.75));
#13029=CARTESIAN_POINT('',(0.227658802712102,0.0526091203850842,0.75));
#13030=CARTESIAN_POINT('',(0.320963776351724,0.193925898915128,0.));
#13031=CARTESIAN_POINT('',(0.227658802712102,0.0526091203850842,0.));
#13032=CARTESIAN_POINT('',(0.320963776351724,0.193925898915128,0.));
#13033=CARTESIAN_POINT('Origin',(0.319033288523237,0.16678657264315,0.));
#13034=CARTESIAN_POINT('',(0.335718043519024,0.16708798656923,0.75));
#13035=CARTESIAN_POINT('',(0.319033288523237,0.16678657264315,0.75));
#13036=CARTESIAN_POINT('',(0.158062658585312,0.163878601290537,0.75));
#13037=CARTESIAN_POINT('',(0.335718043519023,0.16708798656923,0.));
#13038=CARTESIAN_POINT('',(0.335718043519024,0.16708798656923,0.));
#13039=CARTESIAN_POINT('',(0.319033288523237,0.16678657264315,0.));
#13040=CARTESIAN_POINT('',(0.158062658585312,0.163878601290537,0.));
#13041=CARTESIAN_POINT('',(0.319033288523237,0.16678657264315,0.));
#13042=CARTESIAN_POINT('Origin',(0.328803010379845,0.180315224995427,0.));
#13043=CARTESIAN_POINT('',(0.328803010379845,0.180315224995427,0.75));
#13044=CARTESIAN_POINT('',(0.229662148570877,0.0430296120573807,0.75));
#13045=CARTESIAN_POINT('',(0.328803010379845,0.180315224995427,0.));
#13046=CARTESIAN_POINT('',(0.229662148570877,0.0430296120573807,0.));
#13047=CARTESIAN_POINT('',(0.328803010379845,0.180315224995427,0.));
#13048=CARTESIAN_POINT('Origin',(0.325737738887767,0.153280544963426,0.));
#13049=CARTESIAN_POINT('',(0.342420480423861,0.152883009475522,0.75));
#13050=CARTESIAN_POINT('',(0.325737738887767,0.153280544963426,0.75));
#13051=CARTESIAN_POINT('',(0.164786534339975,0.157115874755609,0.75));
#13052=CARTESIAN_POINT('',(0.342420480423861,0.152883009475522,0.));
#13053=CARTESIAN_POINT('',(0.342420480423861,0.152883009475522,0.));
#13054=CARTESIAN_POINT('',(0.325737738887767,0.153280544963426,0.));
#13055=CARTESIAN_POINT('',(0.164786534339975,0.157115874755609,0.));
#13056=CARTESIAN_POINT('',(0.325737738887767,0.153280544963426,0.));
#13057=CARTESIAN_POINT('Origin',(0.336065412199747,0.166388216899558,0.));
#13058=CARTESIAN_POINT('',(0.336065412199747,0.166388216899558,0.75));
#13059=CARTESIAN_POINT('',(0.231262588981336,0.0333746151685681,0.75));
#13060=CARTESIAN_POINT('',(0.336065412199747,0.166388216899558,0.));
#13061=CARTESIAN_POINT('',(0.231262588981336,0.0333746151685681,0.));
#13062=CARTESIAN_POINT('',(0.336065412199747,0.166388216899558,0.));
#13063=CARTESIAN_POINT('Origin',(0.33187073457186,0.139505611122757,0.));
#13064=CARTESIAN_POINT('',(0.348522195450773,0.138409823633198,0.75));
#13065=CARTESIAN_POINT('',(0.33187073457186,0.139505611122757,0.75));
#13066=CARTESIAN_POINT('',(0.171221318518565,0.150077513588026,0.75));
#13067=CARTESIAN_POINT('',(0.348522195450773,0.138409823633198,0.));
#13068=CARTESIAN_POINT('',(0.348522195450773,0.138409823633198,0.));
#13069=CARTESIAN_POINT('',(0.33187073457186,0.139505611122757,0.));
#13070=CARTESIAN_POINT('',(0.171221318518565,0.150077513588026,0.));
#13071=CARTESIAN_POINT('',(0.33187073457186,0.139505611122757,0.));
#13072=CARTESIAN_POINT('Origin',(0.342738241090855,0.152169307332152,0.));
#13073=CARTESIAN_POINT('',(0.342738241090855,0.152169307332152,0.75));
#13074=CARTESIAN_POINT('',(0.232457316227165,0.0236610678639794,0.75));
#13075=CARTESIAN_POINT('',(0.342738241090855,0.152169307332152,0.));
#13076=CARTESIAN_POINT('',(0.232457316227165,0.0236610678639794,0.));
#13077=CARTESIAN_POINT('',(0.342738241090855,0.152169307332152,0.));
#13078=CARTESIAN_POINT('Origin',(0.337421516217081,0.125485937035853,0.));
#13079=CARTESIAN_POINT('',(0.354012484118228,0.123693819928248,0.75));
#13080=CARTESIAN_POINT('',(0.337421516217081,0.125485937035853,0.75));
#13081=CARTESIAN_POINT('',(0.177355722323078,0.142775865464928,0.75));
#13082=CARTESIAN_POINT('',(0.354012484118227,0.123693819928248,0.));
#13083=CARTESIAN_POINT('',(0.354012484118227,0.123693819928248,0.));
#13084=CARTESIAN_POINT('',(0.337421516217081,0.125485937035853,0.));
#13085=CARTESIAN_POINT('',(0.177355722323078,0.142775865464928,0.));
#13086=CARTESIAN_POINT('',(0.337421516217081,0.125485937035853,0.));
#13087=CARTESIAN_POINT('Origin',(0.348809790643853,0.137683441092207,0.));
#13088=CARTESIAN_POINT('',(0.348809790643853,0.137683441092207,0.75));
#13089=CARTESIAN_POINT('',(0.233244234350806,0.0139060110062724,0.75));
#13090=CARTESIAN_POINT('',(0.348809790643853,0.137683441092207,0.));
#13091=CARTESIAN_POINT('',(0.233244234350806,0.0139060110062724,0.));
#13092=CARTESIAN_POINT('',(0.348809790643853,0.137683441092207,0.));
#13093=CARTESIAN_POINT('Origin',(0.342380345866255,0.111246117974981,0.));
#13094=CARTESIAN_POINT('',(0.358881714594288,0.108760815231701,0.75));
#13095=CARTESIAN_POINT('',(0.342380345866255,0.111246117974981,0.75));
#13096=CARTESIAN_POINT('',(0.183178983924757,0.135223739958239,0.75));
#13097=CARTESIAN_POINT('',(0.358881714594288,0.108760815231701,0.));
#13098=CARTESIAN_POINT('',(0.358881714594288,0.108760815231701,0.));
#13099=CARTESIAN_POINT('',(0.342380345866255,0.111246117974981,0.));
#13100=CARTESIAN_POINT('',(0.183178983924757,0.135223739958239,0.));
#13101=CARTESIAN_POINT('',(0.342380345866255,0.111246117974981,0.));
#13102=CARTESIAN_POINT('Origin',(0.354269409297699,0.122956031311439,0.));
#13103=CARTESIAN_POINT('',(0.354269409297699,0.122956031311439,0.75));
#13104=CARTESIAN_POINT('',(0.233621962830472,0.00412655827996635,0.75));
#13105=CARTESIAN_POINT('',(0.354269409297699,0.122956031311439,0.));
#13106=CARTESIAN_POINT('',(0.233621962830472,0.00412655827996635,0.));
#13107=CARTESIAN_POINT('',(0.354269409297699,0.122956031311439,0.));
#13108=CARTESIAN_POINT('Origin',(0.346738524047157,0.0968111354214955,0.));
#13109=CARTESIAN_POINT('',(0.363121344594124,0.0936370071080642,0.75));
#13110=CARTESIAN_POINT('',(0.346738524047157,0.0968111354214955,0.75));
#13111=CARTESIAN_POINT('',(0.188680887343995,0.127434386062328,0.75));
#13112=CARTESIAN_POINT('',(0.363121344594124,0.0936370071080642,0.));
#13113=CARTESIAN_POINT('',(0.363121344594124,0.0936370071080642,0.));
#13114=CARTESIAN_POINT('',(0.346738524047157,0.0968111354214955,0.));
#13115=CARTESIAN_POINT('',(0.188680887343995,0.127434386062328,0.));
#13116=CARTESIAN_POINT('',(0.346738524047157,0.0968111354214955,0.));
#13117=CARTESIAN_POINT('Origin',(0.359107519026082,0.10801291487101,0.));
#13118=CARTESIAN_POINT('',(0.359107519026082,0.10801291487101,0.75));
#13119=CARTESIAN_POINT('',(0.233589839002056,-0.00566013383177694,0.75));
#13120=CARTESIAN_POINT('',(0.359107519026082,0.10801291487101,0.));
#13121=CARTESIAN_POINT('',(0.233589839002056,-0.00566013383177694,0.));
#13122=CARTESIAN_POINT('',(0.359107519026082,0.10801291487101,0.));
#13123=CARTESIAN_POINT('Origin',(0.350488405034338,0.0822063132398359,0.));
#13124=CARTESIAN_POINT('',(0.36672393636608,0.0783489278558911,0.75));
#13125=CARTESIAN_POINT('',(0.350488405034338,0.0822063132398359,0.75));
#13126=CARTESIAN_POINT('',(0.193851780372635,0.119421468950769,0.75));
#13127=CARTESIAN_POINT('',(0.36672393636608,0.0783489278558911,0.));
#13128=CARTESIAN_POINT('',(0.36672393636608,0.0783489278558911,0.));
#13129=CARTESIAN_POINT('',(0.350488405034338,0.0822063132398359,0.));
#13130=CARTESIAN_POINT('',(0.193851780372635,0.119421468950769,0.));
#13131=CARTESIAN_POINT('',(0.350488405034338,0.0822063132398359,0.));
#13132=CARTESIAN_POINT('Origin',(0.363315632140539,0.0928803070748625,0.));
#13133=CARTESIAN_POINT('',(0.363315632140539,0.0928803070748625,0.75));
#13134=CARTESIAN_POINT('',(0.233147919221671,-0.0154368961454529,0.75));
#13135=CARTESIAN_POINT('',(0.363315632140539,0.0928803070748625,0.));
#13136=CARTESIAN_POINT('',(0.233147919221671,-0.0154368961454529,0.));
#13137=CARTESIAN_POINT('',(0.363315632140539,0.0928803070748626,0.));
#13138=CARTESIAN_POINT('Origin',(0.353623410262328,0.0674572732508607,0.));
#13139=CARTESIAN_POINT('',(0.369683169740018,0.0629233979611142,0.75));
#13140=CARTESIAN_POINT('',(0.353623410262328,0.0674572732508607,0.75));
#13141=CARTESIAN_POINT('',(0.198682591507224,0.111199046002982,0.75));
#13142=CARTESIAN_POINT('',(0.369683169740018,0.0629233979611142,0.));
#13143=CARTESIAN_POINT('',(0.369683169740018,0.0629233979611142,0.));
#13144=CARTESIAN_POINT('',(0.353623410262328,0.0674572732508607,0.));
#13145=CARTESIAN_POINT('',(0.198682591507224,0.111199046002982,0.));
#13146=CARTESIAN_POINT('',(0.353623410262328,0.0674572732508607,0.));
#13147=CARTESIAN_POINT('Origin',(0.366886366180739,0.0775847556591652,0.));
#13148=CARTESIAN_POINT('',(0.366886366180739,0.0775847556591652,0.75));
#13149=CARTESIAN_POINT('',(0.232296978766775,-0.0251865768977971,0.75));
#13150=CARTESIAN_POINT('',(0.366886366180739,0.0775847556591651,0.));
#13151=CARTESIAN_POINT('',(0.232296978766775,-0.0251865768977971,0.));
#13152=CARTESIAN_POINT('',(0.366886366180739,0.0775847556591652,0.));
#13153=CARTESIAN_POINT('Origin',(0.356138039866676,0.052589890282468,0.));
#13154=CARTESIAN_POINT('',(0.371993853215048,0.0473874790447992,0.75));
#13155=CARTESIAN_POINT('',(0.356138039866676,0.052589890282468,0.75));
#13156=CARTESIAN_POINT('',(0.203164845863512,0.102781542142816,0.75));
#13157=CARTESIAN_POINT('',(0.371993853215048,0.0473874790447992,0.));
#13158=CARTESIAN_POINT('',(0.371993853215048,0.0473874790447992,0.));
#13159=CARTESIAN_POINT('',(0.356138039866676,0.052589890282468,0.));
#13160=CARTESIAN_POINT('',(0.203164845863512,0.102781542142816,0.));
#13161=CARTESIAN_POINT('',(0.356138039866676,0.052589890282468,0.));
#13162=CARTESIAN_POINT('Origin',(0.369813456865834,0.0621530942185645,0.));
#13163=CARTESIAN_POINT('',(0.369813456865834,0.0621530942185645,0.75));
#13164=CARTESIAN_POINT('',(0.231038510476079,-0.0348920718358063,0.75));
#13165=CARTESIAN_POINT('',(0.369813456865834,0.0621530942185645,0.));
#13166=CARTESIAN_POINT('',(0.231038510476079,-0.0348920718358063,0.));
#13167=CARTESIAN_POINT('',(0.369813456865834,0.0621530942185645,0.));
#13168=CARTESIAN_POINT('Origin',(0.358027882332578,0.037630246776355,0.));
#13169=CARTESIAN_POINT('',(0.373651933067178,0.031768426387866,0.75));
#13170=CARTESIAN_POINT('',(0.358027882332578,0.037630246776355,0.75));
#13171=CARTESIAN_POINT('',(0.207290680044276,0.0941837245323284,0.75));
#13172=CARTESIAN_POINT('',(0.373651933067178,0.031768426387866,0.));
#13173=CARTESIAN_POINT('',(0.373651933067178,0.031768426387866,0.));
#13174=CARTESIAN_POINT('',(0.358027882332578,0.037630246776355,0.));
#13175=CARTESIAN_POINT('',(0.207290680044276,0.0941837245323284,0.));
#13176=CARTESIAN_POINT('',(0.358027882332578,0.037630246776355,0.));
#13177=CARTESIAN_POINT('Origin',(0.372091769084129,0.0466123951309411,0.));
#13178=CARTESIAN_POINT('',(0.372091769084129,0.0466123951309412,0.75));
#13179=CARTESIAN_POINT('',(0.229374722130594,-0.0445363542234098,0.75));
#13180=CARTESIAN_POINT('',(0.372091769084129,0.0466123951309411,0.));
#13181=CARTESIAN_POINT('',(0.229374722130594,-0.0445363542234098,0.));
#13182=CARTESIAN_POINT('',(0.372091769084129,0.0466123951309412,0.));
#13183=CARTESIAN_POINT('Origin',(0.359289622234178,0.0226045870305526,0.));
#13184=CARTESIAN_POINT('',(0.374654500460928,0.0160936411160647,0.75));
#13185=CARTESIAN_POINT('',(0.359289622234178,0.0226045870305526,0.75));
#13186=CARTESIAN_POINT('',(0.211052855934396,0.0854206766651668,0.75));
#13187=CARTESIAN_POINT('',(0.374654500460928,0.0160936411160647,0.));
#13188=CARTESIAN_POINT('',(0.374654500460928,0.0160936411160647,0.));
#13189=CARTESIAN_POINT('',(0.359289622234178,0.0226045870305526,0.));
#13190=CARTESIAN_POINT('',(0.211052855934396,0.0854206766651668,0.));
#13191=CARTESIAN_POINT('',(0.359289622234178,0.0226045870305526,0.));
#13192=CARTESIAN_POINT('Origin',(0.373717305901818,0.0309899220632598,0.));
#13193=CARTESIAN_POINT('',(0.373717305901818,0.0309899220632599,0.75));
#13194=CARTESIAN_POINT('',(0.227308532580438,-0.0541025047121506,0.75));
#13195=CARTESIAN_POINT('',(0.373717305901818,0.0309899220632598,0.));
#13196=CARTESIAN_POINT('',(0.227308532580438,-0.0541025047121506,0.));
#13197=CARTESIAN_POINT('',(0.373717305901818,0.0309899220632598,0.));
#13198=CARTESIAN_POINT('Origin',(0.359921046050944,0.00753927115800825,
0.));
#13199=CARTESIAN_POINT('',(0.374999796552414,0.000390622129089802,0.75));
#13200=CARTESIAN_POINT('',(0.359921046050944,0.00753927115800825,0.75));
#13201=CARTESIAN_POINT('',(0.214444773398965,0.0765077719049935,0.75));
#13202=CARTESIAN_POINT('',(0.374999796552414,0.00039062212908981,0.));
#13203=CARTESIAN_POINT('',(0.374999796552414,0.000390622129089827,0.));
#13204=CARTESIAN_POINT('',(0.359921046050944,0.00753927115800825,0.));
#13205=CARTESIAN_POINT('',(0.214444773398965,0.0765077719049935,0.));
#13206=CARTESIAN_POINT('',(0.359921046050944,0.00753927115800825,0.));
#13207=CARTESIAN_POINT('Origin',(0.374687215574961,0.0153130821418333,0.));
#13208=CARTESIAN_POINT('',(0.374687215574961,0.0153130821418333,0.75));
#13209=CARTESIAN_POINT('',(0.224843566624177,-0.0635737410234716,0.75));
#13210=CARTESIAN_POINT('',(0.374687215574961,0.0153130821418333,0.));
#13211=CARTESIAN_POINT('',(0.224843566624177,-0.0635737410234716,0.));
#13212=CARTESIAN_POINT('',(0.374687215574961,0.0153130821418333,0.));
#13213=CARTESIAN_POINT('Origin',(0.359921046050944,-0.00753927115800878,
0.));
#13214=CARTESIAN_POINT('',(0.374687215574961,-0.0153130821418338,0.75));
#13215=CARTESIAN_POINT('',(0.359921046050944,-0.00753927115800879,0.75));
#13216=CARTESIAN_POINT('',(0.217460481862168,0.0674606465153833,0.75));
#13217=CARTESIAN_POINT('',(0.374687215574961,-0.0153130821418338,0.));
#13218=CARTESIAN_POINT('',(0.374687215574961,-0.0153130821418338,0.));
#13219=CARTESIAN_POINT('',(0.359921046050944,-0.00753927115800879,0.));
#13220=CARTESIAN_POINT('',(0.217460481862168,0.0674606465153833,0.));
#13221=CARTESIAN_POINT('',(0.359921046050944,-0.00753927115800879,0.));
#13222=CARTESIAN_POINT('Origin',(0.374999796552414,-0.000390622129090302,
0.));
#13223=CARTESIAN_POINT('',(0.374999796552414,-0.000390622129090297,0.75));
#13224=CARTESIAN_POINT('',(0.2219841486497,-0.0729334473905352,0.75));
#13225=CARTESIAN_POINT('',(0.374999796552414,-0.000390622129090321,0.));
#13226=CARTESIAN_POINT('',(0.2219841486497,-0.0729334473905352,0.));
#13227=CARTESIAN_POINT('',(0.374999796552414,-0.000390622129090308,0.));
#13228=CARTESIAN_POINT('Origin',(0.359289622234178,-0.0226045870305531,
0.));
#13229=CARTESIAN_POINT('',(0.373717305901818,-0.0309899220632603,0.75));
#13230=CARTESIAN_POINT('',(0.359289622234178,-0.0226045870305531,0.75));
#13231=CARTESIAN_POINT('',(0.220094690746617,0.0582951722285034,0.75));
#13232=CARTESIAN_POINT('',(0.373717305901818,-0.0309899220632603,0.));
#13233=CARTESIAN_POINT('',(0.373717305901818,-0.0309899220632604,0.));
#13234=CARTESIAN_POINT('',(0.359289622234178,-0.0226045870305531,0.));
#13235=CARTESIAN_POINT('',(0.220094690746617,0.0582951722285034,0.));
#13236=CARTESIAN_POINT('',(0.359289622234178,-0.0226045870305531,0.));
#13237=CARTESIAN_POINT('Origin',(0.374654500460928,-0.0160936411160652,
0.));
#13238=CARTESIAN_POINT('',(0.374654500460928,-0.0160936411160652,0.75));
#13239=CARTESIAN_POINT('',(0.218735295047771,-0.0821652037079237,0.75));
#13240=CARTESIAN_POINT('',(0.374654500460928,-0.0160936411160652,0.));
#13241=CARTESIAN_POINT('',(0.218735295047771,-0.0821652037079237,0.));
#13242=CARTESIAN_POINT('',(0.374654500460928,-0.0160936411160652,0.));
#13243=CARTESIAN_POINT('Origin',(0.358027882332578,-0.0376302467763556,
0.));
#13244=CARTESIAN_POINT('',(0.372091769084129,-0.0466123951309417,0.75));
#13245=CARTESIAN_POINT('',(0.358027882332578,-0.0376302467763556,0.75));
#13246=CARTESIAN_POINT('',(0.222342778754818,0.0490274284007021,0.75));
#13247=CARTESIAN_POINT('',(0.372091769084129,-0.0466123951309416,0.));
#13248=CARTESIAN_POINT('',(0.372091769084129,-0.0466123951309416,0.));
#13249=CARTESIAN_POINT('',(0.358027882332578,-0.0376302467763556,0.));
#13250=CARTESIAN_POINT('',(0.222342778754818,0.0490274284007021,0.));
#13251=CARTESIAN_POINT('',(0.358027882332578,-0.0376302467763556,0.));
#13252=CARTESIAN_POINT('Origin',(0.373651933067178,-0.0317684263878665,
0.));
#13253=CARTESIAN_POINT('',(0.373651933067178,-0.0317684263878665,0.75));
#13254=CARTESIAN_POINT('',(0.215102705411576,-0.0912528143380848,0.75));
#13255=CARTESIAN_POINT('',(0.373651933067178,-0.0317684263878665,0.));
#13256=CARTESIAN_POINT('',(0.215102705411576,-0.0912528143380848,0.));
#13257=CARTESIAN_POINT('',(0.373651933067178,-0.0317684263878664,0.));
#13258=CARTESIAN_POINT('Origin',(0.356138039866676,-0.0525898902824685,
0.));
#13259=CARTESIAN_POINT('',(0.369813456865834,-0.062153094218565,0.75));
#13260=CARTESIAN_POINT('',(0.356138039866676,-0.0525898902824685,0.75));
#13261=CARTESIAN_POINT('',(0.224200801976499,0.0396736738038539,0.75));
#13262=CARTESIAN_POINT('',(0.369813456865834,-0.062153094218565,0.));
#13263=CARTESIAN_POINT('',(0.369813456865834,-0.062153094218565,0.));
#13264=CARTESIAN_POINT('',(0.356138039866676,-0.0525898902824685,0.));
#13265=CARTESIAN_POINT('',(0.224200801976499,0.0396736738038539,0.));
#13266=CARTESIAN_POINT('',(0.356138039866676,-0.0525898902824685,0.));
#13267=CARTESIAN_POINT('Origin',(0.371993853215048,-0.0473874790447997,
0.));
#13268=CARTESIAN_POINT('',(0.371993853215048,-0.0473874790447997,0.75));
#13269=CARTESIAN_POINT('',(0.211092752537698,-0.100180336523982,0.75));
#13270=CARTESIAN_POINT('',(0.371993853215048,-0.0473874790447997,0.));
#13271=CARTESIAN_POINT('',(0.211092752537698,-0.100180336523982,0.));
#13272=CARTESIAN_POINT('',(0.371993853215048,-0.0473874790447997,0.));
#13273=CARTESIAN_POINT('Origin',(0.353623410262328,-0.0674572732508612,
0.));
#13274=CARTESIAN_POINT('',(0.366886366180739,-0.0775847556591656,0.75));
#13275=CARTESIAN_POINT('',(0.353623410262328,-0.0674572732508612,0.75));
#13276=CARTESIAN_POINT('',(0.225665500807569,0.0302503181019487,0.75));
#13277=CARTESIAN_POINT('',(0.366886366180739,-0.0775847556591656,0.));
#13278=CARTESIAN_POINT('',(0.366886366180739,-0.0775847556591656,0.));
#13279=CARTESIAN_POINT('',(0.353623410262328,-0.0674572732508612,0.));
#13280=CARTESIAN_POINT('',(0.225665500807569,0.0302503181019487,0.));
#13281=CARTESIAN_POINT('',(0.353623410262328,-0.0674572732508612,0.));
#13282=CARTESIAN_POINT('Origin',(0.369683169740018,-0.0629233979611147,
0.));
#13283=CARTESIAN_POINT('',(0.369683169740018,-0.0629233979611147,0.75));
#13284=CARTESIAN_POINT('',(0.20671247124607,-0.108932108358109,0.75));
#13285=CARTESIAN_POINT('',(0.369683169740018,-0.0629233979611147,0.));
#13286=CARTESIAN_POINT('',(0.20671247124607,-0.108932108358109,0.));
#13287=CARTESIAN_POINT('',(0.369683169740018,-0.0629233979611146,0.));
#13288=CARTESIAN_POINT('Origin',(0.350488405034338,-0.0822063132398364,
0.));
#13289=CARTESIAN_POINT('',(0.363315632140539,-0.092880307074863,0.75));
#13290=CARTESIAN_POINT('',(0.350488405034338,-0.0822063132398364,0.75));
#13291=CARTESIAN_POINT('',(0.226734305668569,0.0207738930629655,0.75));
#13292=CARTESIAN_POINT('',(0.363315632140539,-0.092880307074863,0.));
#13293=CARTESIAN_POINT('',(0.363315632140539,-0.0928803070748629,0.));
#13294=CARTESIAN_POINT('',(0.350488405034338,-0.0822063132398364,0.));
#13295=CARTESIAN_POINT('',(0.226734305668569,0.0207738930629655,0.));
#13296=CARTESIAN_POINT('',(0.350488405034338,-0.0822063132398364,0.));
#13297=CARTESIAN_POINT('Origin',(0.366723936366079,-0.0783489278558916,
0.));
#13298=CARTESIAN_POINT('',(0.36672393636608,-0.0783489278558916,0.75));
#13299=CARTESIAN_POINT('',(0.201969546038506,-0.117492776258797,0.75));
#13300=CARTESIAN_POINT('',(0.366723936366079,-0.0783489278558916,0.));
#13301=CARTESIAN_POINT('',(0.201969546038506,-0.117492776258797,0.));
#13302=CARTESIAN_POINT('',(0.36672393636608,-0.0783489278558916,0.));
#13303=CARTESIAN_POINT('Origin',(0.346738524047157,-0.0968111354214957,
0.));
#13304=CARTESIAN_POINT('',(0.359107519026082,-0.10801291487101,0.75));
#13305=CARTESIAN_POINT('',(0.346738524047157,-0.0968111354214957,0.75));
#13306=CARTESIAN_POINT('',(0.227405341512593,0.0112610235565338,0.75));
#13307=CARTESIAN_POINT('',(0.359107519026082,-0.10801291487101,0.));
#13308=CARTESIAN_POINT('',(0.359107519026082,-0.10801291487101,0.));
#13309=CARTESIAN_POINT('',(0.346738524047157,-0.0968111354214957,0.));
#13310=CARTESIAN_POINT('',(0.227405341512593,0.0112610235565338,0.));
#13311=CARTESIAN_POINT('',(0.346738524047157,-0.0968111354214957,0.));
#13312=CARTESIAN_POINT('Origin',(0.363121344594124,-0.0936370071080643,
0.));
#13313=CARTESIAN_POINT('',(0.363121344594124,-0.0936370071080643,0.75));
#13314=CARTESIAN_POINT('',(0.196872297617479,-0.125847321905613,0.75));
#13315=CARTESIAN_POINT('',(0.363121344594124,-0.0936370071080644,0.));
#13316=CARTESIAN_POINT('',(0.196872297617479,-0.125847321905613,0.));
#13317=CARTESIAN_POINT('',(0.363121344594124,-0.0936370071080643,0.));
#13318=CARTESIAN_POINT('Origin',(0.342380345866255,-0.111246117974981,0.));
#13319=CARTESIAN_POINT('',(0.354269409297699,-0.122956031311439,0.75));
#13320=CARTESIAN_POINT('',(0.342380345866255,-0.111246117974981,0.75));
#13321=CARTESIAN_POINT('',(0.227677431114749,0.00172839838826224,0.75));
#13322=CARTESIAN_POINT('',(0.354269409297699,-0.122956031311439,0.));
#13323=CARTESIAN_POINT('',(0.354269409297699,-0.122956031311439,0.));
#13324=CARTESIAN_POINT('',(0.342380345866255,-0.111246117974981,0.));
#13325=CARTESIAN_POINT('',(0.227677431114749,0.00172839838826224,0.));
#13326=CARTESIAN_POINT('',(0.342380345866255,-0.111246117974981,0.));
#13327=CARTESIAN_POINT('Origin',(0.358881714594288,-0.108760815231701,0.));
#13328=CARTESIAN_POINT('',(0.358881714594288,-0.108760815231701,0.75));
#13329=CARTESIAN_POINT('',(0.191429668288773,-0.1339810885866,0.75));
#13330=CARTESIAN_POINT('',(0.358881714594288,-0.108760815231701,0.));
#13331=CARTESIAN_POINT('',(0.191429668288773,-0.1339810885866,0.));
#13332=CARTESIAN_POINT('',(0.358881714594288,-0.108760815231701,0.));
#13333=CARTESIAN_POINT('Origin',(0.337421516217081,-0.125485937035854,0.));
#13334=CARTESIAN_POINT('',(0.348809790643853,-0.137683441092207,0.75));
#13335=CARTESIAN_POINT('',(0.337421516217081,-0.125485937035854,0.75));
#13336=CARTESIAN_POINT('',(0.227550097137419,-0.00780725897809608,0.75));
#13337=CARTESIAN_POINT('',(0.348809790643853,-0.137683441092207,0.));
#13338=CARTESIAN_POINT('',(0.348809790643853,-0.137683441092207,0.));
#13339=CARTESIAN_POINT('',(0.337421516217081,-0.125485937035854,0.));
#13340=CARTESIAN_POINT('',(0.227550097137419,-0.00780725897809608,0.));
#13341=CARTESIAN_POINT('',(0.337421516217081,-0.125485937035854,0.));
#13342=CARTESIAN_POINT('Origin',(0.354012484118227,-0.123693819928248,0.));
#13343=CARTESIAN_POINT('',(0.354012484118227,-0.123693819928248,0.75));
#13344=CARTESIAN_POINT('',(0.185651206273651,-0.141879806911126,0.75));
#13345=CARTESIAN_POINT('',(0.354012484118227,-0.123693819928248,0.));
#13346=CARTESIAN_POINT('',(0.185651206273651,-0.141879806911126,0.));
#13347=CARTESIAN_POINT('',(0.354012484118227,-0.123693819928248,0.));
#13348=CARTESIAN_POINT('Origin',(0.33187073457186,-0.139505611122757,0.));
#13349=CARTESIAN_POINT('',(0.342738241090855,-0.152169307332152,0.75));
#13350=CARTESIAN_POINT('',(0.33187073457186,-0.139505611122757,0.75));
#13351=CARTESIAN_POINT('',(0.227023562967667,-0.0173292197592824,0.75));
#13352=CARTESIAN_POINT('',(0.342738241090855,-0.152169307332152,0.));
#13353=CARTESIAN_POINT('',(0.342738241090855,-0.152169307332152,0.));
#13354=CARTESIAN_POINT('',(0.33187073457186,-0.139505611122757,0.));
#13355=CARTESIAN_POINT('',(0.227023562967667,-0.0173292197592824,0.));
#13356=CARTESIAN_POINT('',(0.33187073457186,-0.139505611122757,0.));
#13357=CARTESIAN_POINT('Origin',(0.348522195450773,-0.138409823633198,0.));
#13358=CARTESIAN_POINT('',(0.348522195450773,-0.138409823633198,0.75));
#13359=CARTESIAN_POINT('',(0.179547048958021,-0.149529619843247,0.75));
#13360=CARTESIAN_POINT('',(0.348522195450773,-0.138409823633198,0.));
#13361=CARTESIAN_POINT('',(0.179547048958021,-0.149529619843247,0.));
#13362=CARTESIAN_POINT('',(0.348522195450773,-0.138409823633198,0.));
#13363=CARTESIAN_POINT('Origin',(0.325737738887767,-0.153280544963426,0.));
#13364=CARTESIAN_POINT('',(0.336065412199746,-0.166388216899559,0.75));
#13365=CARTESIAN_POINT('',(0.325737738887767,-0.153280544963426,0.75));
#13366=CARTESIAN_POINT('',(0.226098752325345,-0.0268207792005025,0.75));
#13367=CARTESIAN_POINT('',(0.336065412199746,-0.166388216899559,0.));
#13368=CARTESIAN_POINT('',(0.336065412199746,-0.166388216899559,0.));
#13369=CARTESIAN_POINT('',(0.325737738887767,-0.153280544963426,0.));
#13370=CARTESIAN_POINT('',(0.226098752325345,-0.0268207792005025,0.));
#13371=CARTESIAN_POINT('',(0.325737738887767,-0.153280544963426,0.));
#13372=CARTESIAN_POINT('Origin',(0.34242048042386,-0.152883009475522,0.));
#13373=CARTESIAN_POINT('',(0.342420480423861,-0.152883009475522,0.75));
#13374=CARTESIAN_POINT('',(0.173127905108022,-0.156917107011657,0.75));
#13375=CARTESIAN_POINT('',(0.34242048042386,-0.152883009475522,0.));
#13376=CARTESIAN_POINT('',(0.173127905108022,-0.156917107011657,0.));
#13377=CARTESIAN_POINT('',(0.34242048042386,-0.152883009475522,0.));
#13378=CARTESIAN_POINT('Origin',(0.319033288523237,-0.16678657264315,0.));
#13379=CARTESIAN_POINT('',(0.328803010379845,-0.180315224995427,0.75));
#13380=CARTESIAN_POINT('',(0.319033288523237,-0.16678657264315,0.75));
#13381=CARTESIAN_POINT('',(0.224777287642572,-0.0362652858812429,0.75));
#13382=CARTESIAN_POINT('',(0.328803010379845,-0.180315224995427,0.));
#13383=CARTESIAN_POINT('',(0.328803010379845,-0.180315224995427,0.));
#13384=CARTESIAN_POINT('',(0.319033288523237,-0.16678657264315,0.));
#13385=CARTESIAN_POINT('',(0.224777287642572,-0.0362652858812429,0.));
#13386=CARTESIAN_POINT('',(0.319033288523237,-0.16678657264315,0.));
#13387=CARTESIAN_POINT('Origin',(0.335718043519023,-0.16708798656923,0.));
#13388=CARTESIAN_POINT('',(0.335718043519023,-0.16708798656923,0.75));
#13389=CARTESIAN_POINT('',(0.166405036083205,-0.164029308253578,0.75));
#13390=CARTESIAN_POINT('',(0.335718043519023,-0.16708798656923,0.));
#13391=CARTESIAN_POINT('',(0.166405036083205,-0.164029308253578,0.));
#13392=CARTESIAN_POINT('',(0.335718043519023,-0.16708798656923,0.));
#13393=CARTESIAN_POINT('Origin',(0.311769145362398,-0.18,0.));
#13394=CARTESIAN_POINT('',(0.320963776351724,-0.193925898915128,0.75));
#13395=CARTESIAN_POINT('',(0.311769145362398,-0.18,0.75));
#13396=CARTESIAN_POINT('',(0.223061487217438,-0.0456461709275206,0.75));
#13397=CARTESIAN_POINT('',(0.320963776351724,-0.193925898915128,0.));
#13398=CARTESIAN_POINT('',(0.320963776351724,-0.193925898915128,0.));
#13399=CARTESIAN_POINT('',(0.311769145362398,-0.18,0.));
#13400=CARTESIAN_POINT('',(0.223061487217438,-0.0456461709275206,0.));
#13401=CARTESIAN_POINT('',(0.311769145362398,-0.18,0.));
#13402=CARTESIAN_POINT('Origin',(0.328426643088096,-0.180999834557616,0.));
#13403=CARTESIAN_POINT('',(0.328426643088096,-0.180999834557616,0.75));
#13404=CARTESIAN_POINT('',(0.159390236080288,-0.170853746351288,0.75));
#13405=CARTESIAN_POINT('',(0.328426643088096,-0.180999834557616,0.));
#13406=CARTESIAN_POINT('',(0.159390236080288,-0.170853746351288,0.));
#13407=CARTESIAN_POINT('',(0.328426643088096,-0.180999834557616,0.));
#13408=CARTESIAN_POINT('Origin',(0.303958053180725,-0.192897646192439,0.));
#13409=CARTESIAN_POINT('',(0.312561462795658,-0.207196360911669,0.75));
#13410=CARTESIAN_POINT('',(0.303958053180725,-0.192897646192439,0.75));
#13411=CARTESIAN_POINT('',(0.220954361146922,-0.0549469770793184,0.75));
#13412=CARTESIAN_POINT('',(0.312561462795658,-0.207196360911669,0.));
#13413=CARTESIAN_POINT('',(0.312561462795658,-0.207196360911669,0.));
#13414=CARTESIAN_POINT('',(0.303958053180725,-0.192897646192439,0.));
#13415=CARTESIAN_POINT('',(0.220954361146922,-0.0549469770793184,0.));
#13416=CARTESIAN_POINT('',(0.303958053180725,-0.192897646192439,0.));
#13417=CARTESIAN_POINT('Origin',(0.320559070725069,-0.194594147332031,0.));
#13418=CARTESIAN_POINT('',(0.320559070725069,-0.194594147332031,0.75));
#13419=CARTESIAN_POINT('',(0.152095811442119,-0.177378448921405,0.75));
#13420=CARTESIAN_POINT('',(0.320559070725069,-0.194594147332031,0.));
#13421=CARTESIAN_POINT('',(0.152095811442119,-0.177378448921405,0.));
#13422=CARTESIAN_POINT('',(0.320559070725069,-0.194594147332031,0.));
#13423=CARTESIAN_POINT('Origin',(0.295613715288133,-0.205456884366396,0.));
#13424=CARTESIAN_POINT('',(0.303610810224749,-0.220103330085375,0.75));
#13425=CARTESIAN_POINT('',(0.295613715288133,-0.205456884366396,0.75));
#13426=CARTESIAN_POINT('',(0.218459606046159,-0.0641513875622107,0.75));
#13427=CARTESIAN_POINT('',(0.303610810224749,-0.220103330085374,0.));
#13428=CARTESIAN_POINT('',(0.303610810224749,-0.220103330085375,0.));
#13429=CARTESIAN_POINT('',(0.295613715288133,-0.205456884366396,0.));
#13430=CARTESIAN_POINT('',(0.218459606046159,-0.0641513875622107,0.));
#13431=CARTESIAN_POINT('',(0.295613715288133,-0.205456884366396,0.));
#13432=CARTESIAN_POINT('Origin',(0.312129128825286,-0.20784707584849,0.));
#13433=CARTESIAN_POINT('',(0.312129128825286,-0.20784707584849,0.75));
#13434=CARTESIAN_POINT('',(0.144534559068177,-0.183591969418512,0.75));
#13435=CARTESIAN_POINT('',(0.312129128825286,-0.20784707584849,0.));
#13436=CARTESIAN_POINT('',(0.144534559068177,-0.183591969418512,0.));
#13437=CARTESIAN_POINT('',(0.312129128825286,-0.20784707584849,0.));
#13438=CARTESIAN_POINT('Origin',(0.286750770488711,-0.217655681350455,0.));
#13439=CARTESIAN_POINT('',(0.29412752112506,-0.232624163226496,0.75));
#13440=CARTESIAN_POINT('',(0.286750770488711,-0.217655681350455,0.75));
#13441=CARTESIAN_POINT('',(0.215581598563317,-0.073243254712531,0.75));
#13442=CARTESIAN_POINT('',(0.29412752112506,-0.232624163226496,0.));
#13443=CARTESIAN_POINT('',(0.29412752112506,-0.232624163226496,0.));
#13444=CARTESIAN_POINT('',(0.286750770488711,-0.217655681350455,0.));
#13445=CARTESIAN_POINT('',(0.215581598563317,-0.073243254712531,0.));
#13446=CARTESIAN_POINT('',(0.286750770488711,-0.217655681350455,0.));
#13447=CARTESIAN_POINT('Origin',(0.303151606371353,-0.220735369967,0.));
#13448=CARTESIAN_POINT('',(0.303151606371353,-0.220735369967,0.75));
#13449=CARTESIAN_POINT('',(0.136719743964457,-0.189483407216288,0.75));
#13450=CARTESIAN_POINT('',(0.303151606371353,-0.220735369967,0.));
#13451=CARTESIAN_POINT('',(0.136719743964457,-0.189483407216288,0.));
#13452=CARTESIAN_POINT('',(0.303151606371353,-0.220735369967,0.));
#13453=CARTESIAN_POINT('Origin',(0.277384767399284,-0.229472636309529,0.));
#13454=CARTESIAN_POINT('',(0.284128232408114,-0.244736894539096,0.75));
#13455=CARTESIAN_POINT('',(0.277384767399284,-0.229472636309529,0.75));
#13456=CARTESIAN_POINT('',(0.212325387701476,-0.0822066283058603,0.75));
#13457=CARTESIAN_POINT('',(0.284128232408114,-0.244736894539096,0.));
#13458=CARTESIAN_POINT('',(0.284128232408114,-0.244736894539096,0.));
#13459=CARTESIAN_POINT('',(0.277384767399284,-0.229472636309529,0.));
#13460=CARTESIAN_POINT('',(0.212325387701476,-0.0822066283058603,0.));
#13461=CARTESIAN_POINT('',(0.277384767399284,-0.229472636309529,0.));
#13462=CARTESIAN_POINT('Origin',(0.293642252988236,-0.233236419240205,0.));
#13463=CARTESIAN_POINT('',(0.293642252988236,-0.233236419240205,0.75));
#13464=CARTESIAN_POINT('',(0.128665075972141,-0.195042426730913,0.75));
#13465=CARTESIAN_POINT('',(0.293642252988236,-0.233236419240205,0.));
#13466=CARTESIAN_POINT('',(0.128665075972141,-0.195042426730913,0.));
#13467=CARTESIAN_POINT('',(0.293642252988236,-0.233236419240205,0.));
#13468=CARTESIAN_POINT('Origin',(0.267532137171862,-0.240887018289189,0.));
#13469=CARTESIAN_POINT('',(0.273630486224102,-0.256420274176519,0.75));
#13470=CARTESIAN_POINT('',(0.267532137171862,-0.240887018289189,0.75));
#13471=CARTESIAN_POINT('',(0.208696685960954,-0.0910257835391411,0.75));
#13472=CARTESIAN_POINT('',(0.273630486224102,-0.256420274176519,0.));
#13473=CARTESIAN_POINT('',(0.273630486224102,-0.256420274176519,0.));
#13474=CARTESIAN_POINT('',(0.267532137171862,-0.240887018289189,0.));
#13475=CARTESIAN_POINT('',(0.208696685960954,-0.0910257835391411,0.));
#13476=CARTESIAN_POINT('',(0.267532137171862,-0.240887018289189,0.));
#13477=CARTESIAN_POINT('Origin',(0.28361775131307,-0.245328292579795,0.));
#13478=CARTESIAN_POINT('',(0.28361775131307,-0.245328292579795,0.75));
#13479=CARTESIAN_POINT('',(0.120384685715884,-0.200259275553189,0.75));
#13480=CARTESIAN_POINT('',(0.28361775131307,-0.245328292579795,0.));
#13481=CARTESIAN_POINT('',(0.120384685715884,-0.200259275553189,0.));
#13482=CARTESIAN_POINT('',(0.28361775131307,-0.245328292579795,0.));
#13483=CARTESIAN_POINT('Origin',(0.257210164667809,-0.251878802584812,0.));
#13484=CARTESIAN_POINT('',(0.26265269918699,-0.267653805520842,0.75));
#13485=CARTESIAN_POINT('',(0.257210164667809,-0.251878802584812,0.75));
#13486=CARTESIAN_POINT('',(0.204701859317647,-0.0996852486173251,0.75));
#13487=CARTESIAN_POINT('',(0.262652699186989,-0.267653805520842,0.));
#13488=CARTESIAN_POINT('',(0.26265269918699,-0.267653805520842,0.));
#13489=CARTESIAN_POINT('',(0.257210164667809,-0.251878802584812,0.));
#13490=CARTESIAN_POINT('',(0.204701859317647,-0.0996852486173251,0.));
#13491=CARTESIAN_POINT('',(0.257210164667809,-0.251878802584812,0.));
#13492=CARTESIAN_POINT('Origin',(0.273095687728142,-0.256989776731086,0.));
#13493=CARTESIAN_POINT('',(0.273095687728142,-0.256989776731086,0.75));
#13494=CARTESIAN_POINT('',(0.111893099813889,-0.205124801557586,0.75));
#13495=CARTESIAN_POINT('',(0.273095687728142,-0.256989776731086,0.));
#13496=CARTESIAN_POINT('',(0.111893099813889,-0.205124801557586,0.));
#13497=CARTESIAN_POINT('',(0.273095687728142,-0.256989776731086,0.));
#13498=CARTESIAN_POINT('Origin',(0.246436958134328,-0.262428705871708,0.));
#13499=CARTESIAN_POINT('',(0.251214130065516,-0.278417781140907,0.75));
#13500=CARTESIAN_POINT('',(0.246436958134328,-0.262428705871708,0.75));
#13501=CARTESIAN_POINT('',(0.200347916054938,-0.108169831896159,0.75));
#13502=CARTESIAN_POINT('',(0.251214130065516,-0.278417781140907,0.));
#13503=CARTESIAN_POINT('',(0.251214130065516,-0.278417781140907,0.));
#13504=CARTESIAN_POINT('',(0.246436958134328,-0.262428705871708,0.));
#13505=CARTESIAN_POINT('',(0.200347916054938,-0.108169831896159,0.));
#13506=CARTESIAN_POINT('',(0.246436958134328,-0.262428705871708,0.));
#13507=CARTESIAN_POINT('Origin',(0.2620945215084,-0.268200413488277,0.));
#13508=CARTESIAN_POINT('',(0.2620945215084,-0.268200413488278,0.75));
#13509=CARTESIAN_POINT('',(0.103205215393291,-0.209630468958176,0.75));
#13510=CARTESIAN_POINT('',(0.2620945215084,-0.268200413488277,0.));
#13511=CARTESIAN_POINT('',(0.103205215393291,-0.209630468958176,0.));
#13512=CARTESIAN_POINT('',(0.2620945215084,-0.268200413488277,0.));
#13513=CARTESIAN_POINT('Origin',(0.235231417436438,-0.272518220034632,0.));
#13514=CARTESIAN_POINT('',(0.239334845996772,-0.288693317365854,0.75));
#13515=CARTESIAN_POINT('',(0.235231417436438,-0.272518220034632,0.75));
#13516=CARTESIAN_POINT('',(0.195642494468789,-0.116464648533492,0.75));
#13517=CARTESIAN_POINT('',(0.239334845996772,-0.288693317365854,0.));
#13518=CARTESIAN_POINT('',(0.239334845996772,-0.288693317365854,0.));
#13519=CARTESIAN_POINT('',(0.235231417436438,-0.272518220034632,0.));
#13520=CARTESIAN_POINT('',(0.195642494468789,-0.116464648533492,0.));
#13521=CARTESIAN_POINT('',(0.235231417436438,-0.272518220034632,0.));
#13522=CARTESIAN_POINT('Origin',(0.250633552437615,-0.278940535585098,0.));
#13523=CARTESIAN_POINT('',(0.250633552437615,-0.278940535585098,0.75));
#13524=CARTESIAN_POINT('',(0.0943362739555249,-0.2137683732833,0.75));
#13525=CARTESIAN_POINT('',(0.250633552437615,-0.278940535585098,0.));
#13526=CARTESIAN_POINT('',(0.0943362739555249,-0.2137683732833,0.));
#13527=CARTESIAN_POINT('',(0.250633552437615,-0.278940535585098,0.));
#13528=CARTESIAN_POINT('Origin',(0.223613200900192,-0.282129644637303,0.));
#13529=CARTESIAN_POINT('',(0.227035687281623,-0.298462387413492,0.75));
#13530=CARTESIAN_POINT('',(0.223613200900192,-0.282129644637303,0.75));
#13531=CARTESIAN_POINT('',(0.190593849467575,-0.124555146602343,0.75));
#13532=CARTESIAN_POINT('',(0.227035687281623,-0.298462387413492,0.));
#13533=CARTESIAN_POINT('',(0.227035687281623,-0.298462387413492,0.));
#13534=CARTESIAN_POINT('',(0.223613200900192,-0.282129644637303,0.));
#13535=CARTESIAN_POINT('',(0.190593849467575,-0.124555146602343,0.));
#13536=CARTESIAN_POINT('',(0.223613200900192,-0.282129644637303,0.));
#13537=CARTESIAN_POINT('Origin',(0.238732886950002,-0.289191301197871,0.));
#13538=CARTESIAN_POINT('',(0.238732886950002,-0.289191301197871,0.75));
#13539=CARTESIAN_POINT('',(0.0853018346375595,-0.217531255242705,0.75));
#13540=CARTESIAN_POINT('',(0.238732886950002,-0.289191301197871,0.));
#13541=CARTESIAN_POINT('',(0.0853018346375595,-0.217531255242705,0.));
#13542=CARTESIAN_POINT('',(0.238732886950002,-0.289191301197871,0.));
#13543=CARTESIAN_POINT('Origin',(0.21160269082529,-0.291246117974981,0.));
#13544=CARTESIAN_POINT('',(0.214338230823737,-0.307707853015406,0.75));
#13545=CARTESIAN_POINT('',(0.21160269082529,-0.291246117974981,0.75));
#13546=CARTESIAN_POINT('',(0.18521083809017,-0.132427132619931,0.75));
#13547=CARTESIAN_POINT('',(0.214338230823737,-0.307707853015406,0.));
#13548=CARTESIAN_POINT('',(0.214338230823737,-0.307707853015406,0.));
#13549=CARTESIAN_POINT('',(0.21160269082529,-0.291246117974981,0.));
#13550=CARTESIAN_POINT('',(0.18521083809017,-0.132427132619931,0.));
#13551=CARTESIAN_POINT('',(0.21160269082529,-0.291246117974981,0.));
#13552=CARTESIAN_POINT('Origin',(0.226413402856698,-0.298934727000479,0.));
#13553=CARTESIAN_POINT('',(0.226413402856698,-0.298934727000479,0.75));
#13554=CARTESIAN_POINT('',(0.0761177469158816,-0.220912513462796,0.75));
#13555=CARTESIAN_POINT('',(0.226413402856698,-0.298934727000479,0.));
#13556=CARTESIAN_POINT('',(0.0761177469158816,-0.220912513462796,0.));
#13557=CARTESIAN_POINT('',(0.226413402856698,-0.298934727000479,0.));
#13558=CARTESIAN_POINT('Origin',(0.199220957727604,-0.299851646655636,0.));
#13559=CARTESIAN_POINT('',(0.201264752276366,-0.3164134944833,0.75));
#13560=CARTESIAN_POINT('',(0.199220957727604,-0.299851646655636,0.75));
#13561=CARTESIAN_POINT('',(0.179502903967689,-0.140066796447861,0.75));
#13562=CARTESIAN_POINT('',(0.201264752276366,-0.3164134944833,0.));
#13563=CARTESIAN_POINT('',(0.201264752276366,-0.3164134944833,0.));
#13564=CARTESIAN_POINT('',(0.199220957727604,-0.299851646655636,0.));
#13565=CARTESIAN_POINT('',(0.179502903967689,-0.140066796447861,0.));
#13566=CARTESIAN_POINT('',(0.199220957727604,-0.299851646655636,0.));
#13567=CARTESIAN_POINT('Origin',(0.213696712718992,-0.308153719713225,0.));
#13568=CARTESIAN_POINT('',(0.213696712718992,-0.308153719713225,0.75));
#13569=CARTESIAN_POINT('',(0.0668001228011291,-0.223906216067697,0.75));
#13570=CARTESIAN_POINT('',(0.213696712718992,-0.308153719713225,0.));
#13571=CARTESIAN_POINT('',(0.0668001228011291,-0.223906216067697,0.));
#13572=CARTESIAN_POINT('',(0.213696712718992,-0.308153719713225,0.));
#13573=CARTESIAN_POINT('Origin',(0.186489723374327,-0.307931133657782,0.));
#13574=CARTESIAN_POINT('',(0.18783818696328,-0.324564039163842,0.75));
#13575=CARTESIAN_POINT('',(0.186489723374327,-0.307931133657782,0.75));
#13576=CARTESIAN_POINT('',(0.173480060756152,-0.147460735519804,0.75));
#13577=CARTESIAN_POINT('',(0.18783818696328,-0.324564039163842,0.));
#13578=CARTESIAN_POINT('',(0.187838186963279,-0.324564039163842,0.));
#13579=CARTESIAN_POINT('',(0.186489723374327,-0.307931133657782,0.));
#13580=CARTESIAN_POINT('',(0.173480060756152,-0.147460735519804,0.));
#13581=CARTESIAN_POINT('',(0.186489723374327,-0.307931133657782,0.));
#13582=CARTESIAN_POINT('Origin',(0.200605125932546,-0.316832106090256,0.));
#13583=CARTESIAN_POINT('',(0.200605125932546,-0.316832106090256,0.75));
#13584=CARTESIAN_POINT('',(0.0573653085721492,-0.226507111085772,0.75));
#13585=CARTESIAN_POINT('',(0.200605125932546,-0.316832106090256,0.));
#13586=CARTESIAN_POINT('',(0.0573653085721492,-0.226507111085772,0.));
#13587=CARTESIAN_POINT('',(0.200605125932546,-0.316832106090256,0.));
#13588=CARTESIAN_POINT('Origin',(0.173431322676617,-0.315470404815791,0.));
#13589=CARTESIAN_POINT('',(0.174082089642415,-0.33214518823209,0.75));
#13590=CARTESIAN_POINT('',(0.173431322676617,-0.315470404815791,0.75));
#13591=CARTESIAN_POINT('',(0.167152874569128,-0.154595978354151,0.75));
#13592=CARTESIAN_POINT('',(0.174082089642415,-0.33214518823209,0.));
#13593=CARTESIAN_POINT('',(0.174082089642415,-0.33214518823209,0.));
#13594=CARTESIAN_POINT('',(0.173431322676617,-0.315470404815791,0.));
#13595=CARTESIAN_POINT('',(0.167152874569128,-0.154595978354151,0.));
#13596=CARTESIAN_POINT('',(0.173431322676617,-0.315470404815791,0.));
#13597=CARTESIAN_POINT('Origin',(0.187161609589135,-0.324954661292932,0.));
#13598=CARTESIAN_POINT('',(0.187161609589135,-0.324954661292932,0.75));
#13599=CARTESIAN_POINT('',(0.0478298560990709,-0.228710635663369,0.75));
#13600=CARTESIAN_POINT('',(0.187161609589135,-0.324954661292932,0.));
#13601=CARTESIAN_POINT('',(0.0478298560990709,-0.228710635663369,0.));
#13602=CARTESIAN_POINT('',(0.187161609589135,-0.324954661292932,0.));
#13603=CARTESIAN_POINT('Origin',(0.160068664506574,-0.322456233686189,0.));
#13604=CARTESIAN_POINT('',(0.160020593182826,-0.339143641776485,0.75));
#13605=CARTESIAN_POINT('',(0.160068664506574,-0.322456233686189,0.75));
#13606=CARTESIAN_POINT('',(0.160532445441182,-0.161460007310398,0.75));
#13607=CARTESIAN_POINT('',(0.160020593182826,-0.339143641776485,0.));
#13608=CARTESIAN_POINT('',(0.160020593182826,-0.339143641776485,0.));
#13609=CARTESIAN_POINT('',(0.160068664506574,-0.322456233686189,0.));
#13610=CARTESIAN_POINT('',(0.160532445441182,-0.161460007310398,0.));
#13611=CARTESIAN_POINT('',(0.160068664506574,-0.322456233686189,0.));
#13612=CARTESIAN_POINT('Origin',(0.173389748184562,-0.332507135599365,0.));
#13613=CARTESIAN_POINT('',(0.173389748184562,-0.332507135599365,0.75));
#13614=CARTESIAN_POINT('',(0.0382104938057004,-0.230512924069616,0.75));
#13615=CARTESIAN_POINT('',(0.173389748184562,-0.332507135599365,0.));
#13616=CARTESIAN_POINT('',(0.0382104938057004,-0.230512924069616,0.));
#13617=CARTESIAN_POINT('',(0.173389748184562,-0.332507135599365,0.));
#13618=CARTESIAN_POINT('Origin',(0.146425191507288,-0.328876364751336,0.));
#13619=CARTESIAN_POINT('',(0.145678366227431,-0.34554712213142,0.75));
#13620=CARTESIAN_POINT('',(0.146425191507288,-0.328876364751336,0.75));
#13621=CARTESIAN_POINT('',(0.15363038785464,-0.168040780549344,0.75));
#13622=CARTESIAN_POINT('',(0.145678366227431,-0.34554712213142,0.));
#13623=CARTESIAN_POINT('',(0.145678366227431,-0.34554712213142,0.));
#13624=CARTESIAN_POINT('',(0.146425191507288,-0.328876364751336,0.));
#13625=CARTESIAN_POINT('',(0.15363038785464,-0.168040780549344,0.));
#13626=CARTESIAN_POINT('',(0.146425191507288,-0.328876364751336,0.));
#13627=CARTESIAN_POINT('Origin',(0.159313702243441,-0.339476279403272,0.));
#13628=CARTESIAN_POINT('',(0.159313702243441,-0.339476279403272,0.75));
#13629=CARTESIAN_POINT('',(0.0285240973221818,-0.231910814478228,0.75));
#13630=CARTESIAN_POINT('',(0.159313702243441,-0.339476279403272,0.));
#13631=CARTESIAN_POINT('',(0.0285240973221818,-0.231910814478228,0.));
#13632=CARTESIAN_POINT('',(0.159313702243441,-0.339476279403272,0.));
#13633=CARTESIAN_POINT('Origin',(0.132524838966484,-0.334719534919771,0.));
#13634=CARTESIAN_POINT('',(0.131080569915832,-0.351344395416436,0.75));
#13635=CARTESIAN_POINT('',(0.132524838966484,-0.334719534919771,0.75));
#13636=CARTESIAN_POINT('',(0.146458810363844,-0.174326753158565,0.75));
#13637=CARTESIAN_POINT('',(0.131080569915832,-0.351344395416436,0.));
#13638=CARTESIAN_POINT('',(0.131080569915832,-0.351344395416436,0.));
#13639=CARTESIAN_POINT('',(0.132524838966484,-0.334719534919771,0.));
#13640=CARTESIAN_POINT('',(0.146458810363844,-0.174326753158565,0.));
#13641=CARTESIAN_POINT('',(0.132524838966484,-0.334719534919771,0.));
#13642=CARTESIAN_POINT('Origin',(0.144958165933425,-0.345849866458291,0.));
#13643=CARTESIAN_POINT('',(0.144958165933425,-0.345849866458291,0.75));
#13644=CARTESIAN_POINT('',(0.0187876598794066,-0.23290185451442,0.75));
#13645=CARTESIAN_POINT('',(0.144958165933425,-0.345849866458291,0.));
#13646=CARTESIAN_POINT('',(0.0187876598794066,-0.23290185451442,0.));
#13647=CARTESIAN_POINT('',(0.144958165933425,-0.345849866458291,0.));
#13648=CARTESIAN_POINT('Origin',(0.11839199282589,-0.339975493285493,0.));
#13649=CARTESIAN_POINT('',(0.116252813743124,-0.356525291244263,0.75));
#13650=CARTESIAN_POINT('',(0.11839199282589,-0.339975493285493,0.75));
#13651=CARTESIAN_POINT('',(0.139030294352632,-0.180306897406118,0.75));
#13652=CARTESIAN_POINT('',(0.116252813743124,-0.356525291244263,0.));
#13653=CARTESIAN_POINT('',(0.116252813743124,-0.356525291244263,0.));
#13654=CARTESIAN_POINT('',(0.11839199282589,-0.339975493285493,0.));
#13655=CARTESIAN_POINT('',(0.139030294352632,-0.180306897406118,0.));
#13656=CARTESIAN_POINT('',(0.11839199282589,-0.339975493285493,0.));
#13657=CARTESIAN_POINT('Origin',(0.130348323743246,-0.351616715326968,0.));
#13658=CARTESIAN_POINT('',(0.130348323743246,-0.351616715326968,0.75));
#13659=CARTESIAN_POINT('',(0.0090182624971132,-0.233484305557212,0.75));
#13660=CARTESIAN_POINT('',(0.130348323743246,-0.351616715326968,0.));
#13661=CARTESIAN_POINT('',(0.0090182624971132,-0.233484305557212,0.));
#13662=CARTESIAN_POINT('',(0.130348323743246,-0.351616715326968,0.));
#13663=CARTESIAN_POINT('Origin',(0.10405144690001,-0.344635019111544,0.));
#13664=CARTESIAN_POINT('',(0.101221110632139,-0.36108072056314,0.75));
#13665=CARTESIAN_POINT('',(0.10405144690001,-0.344635019111544,0.75));
#13666=CARTESIAN_POINT('',(0.131357871962314,-0.185970722086924,0.75));
#13667=CARTESIAN_POINT('',(0.101221110632139,-0.36108072056314,0.));
#13668=CARTESIAN_POINT('',(0.101221110632139,-0.36108072056314,0.));
#13669=CARTESIAN_POINT('',(0.10405144690001,-0.344635019111544,0.));
#13670=CARTESIAN_POINT('',(0.131357871962314,-0.185970722086924,0.));
#13671=CARTESIAN_POINT('',(0.10405144690001,-0.344635019111544,0.));
#13672=CARTESIAN_POINT('Origin',(0.115509806300563,-0.356766708996799,0.));
#13673=CARTESIAN_POINT('',(0.115509806300564,-0.356766708996799,0.75));
#13674=CARTESIAN_POINT('',(-0.000766955982026326,-0.233657145789556,0.75));
#13675=CARTESIAN_POINT('',(0.115509806300563,-0.356766708996799,0.));
#13676=CARTESIAN_POINT('',(-0.000766955982026326,-0.233657145789556,0.));
#13677=CARTESIAN_POINT('',(0.115509806300563,-0.356766708996798,0.));
#13678=CARTESIAN_POINT('Origin',(0.0895283593793476,-0.348689938006307,
0.));
#13679=CARTESIAN_POINT('',(0.0860118312979401,-0.365002691602096,0.75));
#13680=CARTESIAN_POINT('',(0.0895283593793476,-0.348689938006307,0.75));
#13681=CARTESIAN_POINT('',(0.12345500322887,-0.191308290927915,0.75));
#13682=CARTESIAN_POINT('',(0.0860118312979401,-0.365002691602096,0.));
#13683=CARTESIAN_POINT('',(0.0860118312979401,-0.365002691602096,0.));
#13684=CARTESIAN_POINT('',(0.0895283593793476,-0.348689938006307,0.));
#13685=CARTESIAN_POINT('',(0.12345500322887,-0.191308290927915,0.));
#13686=CARTESIAN_POINT('',(0.0895283593793476,-0.348689938006307,0.));
#13687=CARTESIAN_POINT('Origin',(0.100468645407134,-0.361290812628906,0.));
#13688=CARTESIAN_POINT('',(0.100468645407134,-0.361290812628906,0.75));
#13689=CARTESIAN_POINT('',(-0.0105508289597598,-0.233420071990954,0.75));
#13690=CARTESIAN_POINT('',(0.100468645407134,-0.361290812628906,0.));
#13691=CARTESIAN_POINT('',(-0.0105508289597598,-0.233420071990954,0.));
#13692=CARTESIAN_POINT('',(0.100468645407134,-0.361290812628906,0.));
#13693=CARTESIAN_POINT('Origin',(0.0748482086943932,-0.35213313626417,0.));
#13694=CARTESIAN_POINT('',(0.0706516579846283,-0.368284323891234,0.75));
#13695=CARTESIAN_POINT('',(0.0748482086943932,-0.35213313626417,0.75));
#13696=CARTESIAN_POINT('',(0.11533555246947,-0.196310240019623,0.75));
#13697=CARTESIAN_POINT('',(0.0706516579846283,-0.368284323891234,0.));
#13698=CARTESIAN_POINT('',(0.0706516579846282,-0.368284323891234,0.));
#13699=CARTESIAN_POINT('',(0.0748482086943932,-0.35213313626417,0.));
#13700=CARTESIAN_POINT('',(0.11533555246947,-0.196310240019623,0.));
#13701=CARTESIAN_POINT('',(0.0748482086943932,-0.35213313626417,0.));
#13702=CARTESIAN_POINT('Origin',(0.0852512283701852,-0.36518108940822,0.));
#13703=CARTESIAN_POINT('',(0.0852512283701852,-0.36518108940822,0.75));
#13704=CARTESIAN_POINT('',(-0.0203161921983023,-0.232773500069406,0.75));
#13705=CARTESIAN_POINT('',(0.0852512283701852,-0.36518108940822,0.));
#13706=CARTESIAN_POINT('',(-0.0203161921983023,-0.232773500069406,0.));
#13707=CARTESIAN_POINT('',(0.0852512283701852,-0.36518108940822,0.));
#13708=CARTESIAN_POINT('Origin',(0.0600367488177967,-0.354958573345382,
0.));
#13709=CARTESIAN_POINT('',(0.0551675376556166,-0.370919860332412,0.75));
#13710=CARTESIAN_POINT('',(0.0600367488177967,-0.354958573345382,0.75));
#13711=CARTESIAN_POINT('',(0.107013763959754,-0.200967794243669,0.75));
#13712=CARTESIAN_POINT('',(0.0551675376556166,-0.370919860332412,0.));
#13713=CARTESIAN_POINT('',(0.0551675376556166,-0.370919860332412,0.));
#13714=CARTESIAN_POINT('',(0.0600367488177967,-0.354958573345382,0.));
#13715=CARTESIAN_POINT('',(0.107013763959754,-0.200967794243669,0.));
#13716=CARTESIAN_POINT('',(0.0600367488177967,-0.354958573345382,0.));
#13717=CARTESIAN_POINT('Origin',(0.0698842517101129,-0.368430714467344,
0.));
#13718=CARTESIAN_POINT('',(0.0698842517101129,-0.368430714467344,0.75));
#13719=CARTESIAN_POINT('',(-0.0300459139322404,-0.23171856433177,0.75));
#13720=CARTESIAN_POINT('',(0.0698842517101129,-0.368430714467344,0.));
#13721=CARTESIAN_POINT('',(-0.0300459139322404,-0.23171856433177,0.));
#13722=CARTESIAN_POINT('',(0.069884251710113,-0.368430714467344,0.));
#13723=CARTESIAN_POINT('Origin',(0.0451199640831493,-0.357161292473212,
0.));
#13724=CARTESIAN_POINT('',(0.0395866347195018,-0.372904677299152,0.75));
#13725=CARTESIAN_POINT('',(0.0451199640831493,-0.357161292473212,0.75));
#13726=CARTESIAN_POINT('',(0.0985042369445317,-0.205272782667297,0.75));
#13727=CARTESIAN_POINT('',(0.0395866347195018,-0.372904677299152,0.));
#13728=CARTESIAN_POINT('',(0.0395866347195018,-0.372904677299152,0.));
#13729=CARTESIAN_POINT('',(0.0451199640831493,-0.357161292473212,0.));
#13730=CARTESIAN_POINT('',(0.0985042369445317,-0.205272782667297,0.));
#13731=CARTESIAN_POINT('',(0.0451199640831493,-0.357161292473212,0.));
#13732=CARTESIAN_POINT('Origin',(0.0543946743257129,-0.371033986859694,
0.));
#13733=CARTESIAN_POINT('',(0.0543946743257129,-0.371033986859694,0.75));
#13734=CARTESIAN_POINT('',(-0.0397229249234713,-0.230257115493798,0.75));
#13735=CARTESIAN_POINT('',(0.0543946743257128,-0.371033986859694,0.));
#13736=CARTESIAN_POINT('',(-0.0397229249234713,-0.230257115493798,0.));
#13737=CARTESIAN_POINT('',(0.0543946743257129,-0.371033986859694,0.));
#13738=CARTESIAN_POINT('Origin',(0.0301240235996334,-0.358737429329822,
0.));
#13739=CARTESIAN_POINT('',(0.0239362833744602,-0.374235292748049,0.75));
#13740=CARTESIAN_POINT('',(0.0301240235996334,-0.358737429329822,0.75));
#13741=CARTESIAN_POINT('',(0.0898219000257441,-0.209217652877966,0.75));
#13742=CARTESIAN_POINT('',(0.0239362833744602,-0.374235292748048,0.));
#13743=CARTESIAN_POINT('',(0.0239362833744602,-0.374235292748049,0.));
#13744=CARTESIAN_POINT('',(0.0301240235996334,-0.358737429329822,0.));
#13745=CARTESIAN_POINT('',(0.0898219000257441,-0.209217652877966,0.));
#13746=CARTESIAN_POINT('',(0.0301240235996334,-0.358737429329822,0.));
#13747=CARTESIAN_POINT('Origin',(0.038809670199111,-0.372986339560896,0.));
#13748=CARTESIAN_POINT('',(0.038809670199111,-0.372986339560896,0.75));
#13749=CARTESIAN_POINT('',(-0.0493302484064457,-0.228391717433357,0.75));
#13750=CARTESIAN_POINT('',(0.038809670199111,-0.372986339560896,0.));
#13751=CARTESIAN_POINT('',(-0.0493302484064457,-0.228391717433357,0.));
#13752=CARTESIAN_POINT('',(0.038809670199111,-0.372986339560896,0.));
#13753=CARTESIAN_POINT('Origin',(0.0150752353425116,-0.359684218835589,
0.));
#13754=CARTESIAN_POINT('',(0.00824393965477594,-0.374909372327458,0.75));
#13755=CARTESIAN_POINT('',(0.0150752353425116,-0.359684218835589,0.75));
#13756=CARTESIAN_POINT('',(0.0809819849726245,-0.212795484232851,0.75));
#13757=CARTESIAN_POINT('',(0.00824393965477595,-0.374909372327458,0.));
#13758=CARTESIAN_POINT('',(0.00824393965477594,-0.374909372327458,0.));
#13759=CARTESIAN_POINT('',(0.0150752353425116,-0.359684218835589,0.));
#13760=CARTESIAN_POINT('',(0.0809819849726245,-0.212795484232851,0.));
#13761=CARTESIAN_POINT('',(0.0150752353425116,-0.359684218835589,0.));
#13762=CARTESIAN_POINT('Origin',(0.0231565807233653,-0.374284347480899,
0.));
#13763=CARTESIAN_POINT('',(0.0231565807233653,-0.374284347480899,0.75));
#13764=CARTESIAN_POINT('',(-0.0588510298711842,-0.226125642692511,0.75));
#13765=CARTESIAN_POINT('',(0.0231565807233653,-0.374284347480899,0.));
#13766=CARTESIAN_POINT('',(-0.0588510298711842,-0.226125642692511,0.));
#13767=CARTESIAN_POINT('',(0.0231565807233654,-0.374284347480899,0.));
#13768=CARTESIAN_POINT('Origin',(-2.43134471436119E-16,-0.36,0.));
#13769=CARTESIAN_POINT('',(-0.00746286673637229,-0.374925733472744,0.75));
#13770=CARTESIAN_POINT('',(-2.45866319429784E-16,-0.36,0.75));
#13771=CARTESIAN_POINT('',(0.0719999999999996,-0.216,0.75));
#13772=CARTESIAN_POINT('',(-0.00746286673637228,-0.374925733472744,0.));
#13773=CARTESIAN_POINT('',(-0.00746286673637225,-0.374925733472744,0.));
#13774=CARTESIAN_POINT('',(-2.45866319429784E-16,-0.36,0.));
#13775=CARTESIAN_POINT('',(0.0719999999999996,-0.216,0.));
#13776=CARTESIAN_POINT('',(-2.45866319429784E-16,-0.36,0.));
#13777=CARTESIAN_POINT('Origin',(0.00746286673637183,-0.374925733472744,
0.));
#13778=CARTESIAN_POINT('',(0.00746286673637184,-0.374925733472744,0.75));
#13779=CARTESIAN_POINT('',(-0.0682685666318144,-0.223462866736372,0.75));
#13780=CARTESIAN_POINT('',(0.00746286673637181,-0.374925733472744,0.));
#13781=CARTESIAN_POINT('',(-0.0682685666318144,-0.223462866736372,0.));
#13782=CARTESIAN_POINT('',(0.00746286673637186,-0.374925733472744,0.));
#13783=CARTESIAN_POINT('Origin',(-0.015075235342512,-0.359684218835589,
0.));
#13784=CARTESIAN_POINT('',(-0.0231565807233656,-0.374284347480899,0.75));
#13785=CARTESIAN_POINT('',(-0.015075235342512,-0.359684218835589,0.75));
#13786=CARTESIAN_POINT('',(0.0628917025616104,-0.218825578369855,0.75));
#13787=CARTESIAN_POINT('',(-0.0231565807233656,-0.374284347480899,0.));
#13788=CARTESIAN_POINT('',(-0.0231565807233656,-0.374284347480899,0.));
#13789=CARTESIAN_POINT('',(-0.015075235342512,-0.359684218835589,0.));
#13790=CARTESIAN_POINT('',(0.0628917025616104,-0.218825578369855,0.));
#13791=CARTESIAN_POINT('',(-0.015075235342512,-0.359684218835589,0.));
#13792=CARTESIAN_POINT('Origin',(-0.00824393965477622,-0.374909372327458,
0.));
#13793=CARTESIAN_POINT('',(-0.00824393965477622,-0.374909372327458,0.75));
#13794=CARTESIAN_POINT('',(-0.0775663371287574,-0.220408060978786,0.75));
#13795=CARTESIAN_POINT('',(-0.00824393965477624,-0.374909372327458,0.));
#13796=CARTESIAN_POINT('',(-0.0775663371287574,-0.220408060978786,0.));
#13797=CARTESIAN_POINT('',(-0.00824393965477622,-0.374909372327458,0.));
#13798=CARTESIAN_POINT('Origin',(-0.0301240235996337,-0.358737429329822,
0.));
#13799=CARTESIAN_POINT('',(-0.0388096701991113,-0.372986339560896,0.75));
#13800=CARTESIAN_POINT('',(-0.0301240235996337,-0.358737429329822,0.75));
#13801=CARTESIAN_POINT('',(0.0536730717061839,-0.221267262317819,0.75));
#13802=CARTESIAN_POINT('',(-0.0388096701991113,-0.372986339560896,0.));
#13803=CARTESIAN_POINT('',(-0.0388096701991113,-0.372986339560896,0.));
#13804=CARTESIAN_POINT('',(-0.0301240235996337,-0.358737429329822,0.));
#13805=CARTESIAN_POINT('',(0.0536730717061839,-0.221267262317819,0.));
#13806=CARTESIAN_POINT('',(-0.0301240235996337,-0.358737429329822,0.));
#13807=CARTESIAN_POINT('Origin',(-0.0239362833744604,-0.374235292748048,
0.));
#13808=CARTESIAN_POINT('',(-0.0239362833744604,-0.374235292748049,0.75));
#13809=CARTESIAN_POINT('',(-0.0867280299131582,-0.21696658458708,0.75));
#13810=CARTESIAN_POINT('',(-0.0239362833744605,-0.374235292748048,0.));
#13811=CARTESIAN_POINT('',(-0.0867280299131582,-0.21696658458708,0.));
#13812=CARTESIAN_POINT('',(-0.0239362833744604,-0.374235292748048,0.));
#13813=CARTESIAN_POINT('Origin',(-0.0451199640831497,-0.357161292473212,
0.));
#13814=CARTESIAN_POINT('',(-0.0543946743257132,-0.371033986859694,0.75));
#13815=CARTESIAN_POINT('',(-0.0451199640831497,-0.357161292473212,0.75));
#13816=CARTESIAN_POINT('',(0.0443602800447524,-0.223320768300557,0.75));
#13817=CARTESIAN_POINT('',(-0.0543946743257132,-0.371033986859694,0.));
#13818=CARTESIAN_POINT('',(-0.0543946743257132,-0.371033986859694,0.));
#13819=CARTESIAN_POINT('',(-0.0451199640831497,-0.357161292473212,0.));
#13820=CARTESIAN_POINT('',(0.0443602800447524,-0.223320768300557,0.));
#13821=CARTESIAN_POINT('',(-0.0451199640831497,-0.357161292473212,0.));
#13822=CARTESIAN_POINT('Origin',(-0.0395866347195021,-0.372904677299152,
0.));
#13823=CARTESIAN_POINT('',(-0.0395866347195021,-0.372904677299152,0.75));
#13824=CARTESIAN_POINT('',(-0.0957375722627088,-0.213144475080268,0.75));
#13825=CARTESIAN_POINT('',(-0.0395866347195022,-0.372904677299152,0.));
#13826=CARTESIAN_POINT('',(-0.0957375722627088,-0.213144475080268,0.));
#13827=CARTESIAN_POINT('',(-0.0395866347195021,-0.372904677299152,0.));
#13828=CARTESIAN_POINT('Origin',(-0.060036748817797,-0.354958573345382,
0.));
#13829=CARTESIAN_POINT('',(-0.0698842517101132,-0.368430714467344,0.75));
#13830=CARTESIAN_POINT('',(-0.060036748817797,-0.354958573345382,0.75));
#13831=CARTESIAN_POINT('',(0.034969665378398,-0.224982493770788,0.75));
#13832=CARTESIAN_POINT('',(-0.0698842517101132,-0.368430714467344,0.));
#13833=CARTESIAN_POINT('',(-0.0698842517101132,-0.368430714467344,0.));
#13834=CARTESIAN_POINT('',(-0.060036748817797,-0.354958573345382,0.));
#13835=CARTESIAN_POINT('',(0.034969665378398,-0.224982493770788,0.));
#13836=CARTESIAN_POINT('',(-0.060036748817797,-0.354958573345382,0.));
#13837=CARTESIAN_POINT('Origin',(-0.0551675376556169,-0.370919860332412,
0.));
#13838=CARTESIAN_POINT('',(-0.0551675376556169,-0.370919860332412,0.75));
#13839=CARTESIAN_POINT('',(-0.104579158378665,-0.208948437737185,0.75));
#13840=CARTESIAN_POINT('',(-0.0551675376556169,-0.370919860332412,0.));
#13841=CARTESIAN_POINT('',(-0.104579158378665,-0.208948437737185,0.));
#13842=CARTESIAN_POINT('',(-0.0551675376556169,-0.370919860332412,0.));
#13843=CARTESIAN_POINT('Origin',(-0.0748482086943935,-0.35213313626417,
0.));
#13844=CARTESIAN_POINT('',(-0.0852512283701854,-0.36518108940822,0.75));
#13845=CARTESIAN_POINT('',(-0.0748482086943935,-0.35213313626417,0.75));
#13846=CARTESIAN_POINT('',(0.0255177020361977,-0.22624952349738,0.75));
#13847=CARTESIAN_POINT('',(-0.0852512283701854,-0.36518108940822,0.));
#13848=CARTESIAN_POINT('',(-0.0852512283701854,-0.36518108940822,0.));
#13849=CARTESIAN_POINT('',(-0.0748482086943935,-0.35213313626417,0.));
#13850=CARTESIAN_POINT('',(0.0255177020361977,-0.22624952349738,0.));
#13851=CARTESIAN_POINT('',(-0.0748482086943935,-0.35213313626417,0.));
#13852=CARTESIAN_POINT('Origin',(-0.0706516579846285,-0.368284323891234,
0.));
#13853=CARTESIAN_POINT('',(-0.0706516579846285,-0.368284323891234,0.75));
#13854=CARTESIAN_POINT('',(-0.113237277114588,-0.204385833833155,0.75));
#13855=CARTESIAN_POINT('',(-0.0706516579846286,-0.368284323891234,0.));
#13856=CARTESIAN_POINT('',(-0.113237277114588,-0.204385833833155,0.));
#13857=CARTESIAN_POINT('',(-0.0706516579846285,-0.368284323891234,0.));
#13858=CARTESIAN_POINT('Origin',(-0.0895283593793479,-0.348689938006307,
0.));
#13859=CARTESIAN_POINT('',(-0.100468645407134,-0.361290812628906,0.75));
#13860=CARTESIAN_POINT('',(-0.0895283593793479,-0.348689938006307,0.75));
#13861=CARTESIAN_POINT('',(0.0160209719736525,-0.227119634679653,0.75));
#13862=CARTESIAN_POINT('',(-0.100468645407134,-0.361290812628906,0.));
#13863=CARTESIAN_POINT('',(-0.100468645407134,-0.361290812628906,0.));
#13864=CARTESIAN_POINT('',(-0.0895283593793479,-0.348689938006307,0.));
#13865=CARTESIAN_POINT('',(0.0160209719736525,-0.227119634679653,0.));
#13866=CARTESIAN_POINT('',(-0.0895283593793479,-0.348689938006307,0.));
#13867=CARTESIAN_POINT('Origin',(-0.0860118312979404,-0.365002691602096,
0.));
#13868=CARTESIAN_POINT('',(-0.0860118312979404,-0.365002691602096,0.75));
#13869=CARTESIAN_POINT('',(-0.121696739188167,-0.199464667725809,0.75));
#13870=CARTESIAN_POINT('',(-0.0860118312979404,-0.365002691602096,0.));
#13871=CARTESIAN_POINT('',(-0.121696739188167,-0.199464667725809,0.));
#13872=CARTESIAN_POINT('',(-0.0860118312979404,-0.365002691602096,0.));
#13873=CARTESIAN_POINT('Origin',(-0.10405144690001,-0.344635019111544,0.));
#13874=CARTESIAN_POINT('',(-0.115509806300564,-0.356766708996798,0.75));
#13875=CARTESIAN_POINT('',(-0.10405144690001,-0.344635019111544,0.75));
#13876=CARTESIAN_POINT('',(0.00649613568230269,-0.227591300846928,0.75));
#13877=CARTESIAN_POINT('',(-0.115509806300564,-0.356766708996798,0.));
#13878=CARTESIAN_POINT('',(-0.115509806300564,-0.356766708996798,0.));
#13879=CARTESIAN_POINT('',(-0.10405144690001,-0.344635019111544,0.));
#13880=CARTESIAN_POINT('',(0.00649613568230269,-0.227591300846928,0.));
#13881=CARTESIAN_POINT('',(-0.10405144690001,-0.344635019111544,0.));
#13882=CARTESIAN_POINT('Origin',(-0.101221110632139,-0.36108072056314,0.));
#13883=CARTESIAN_POINT('',(-0.101221110632139,-0.36108072056314,0.75));
#13884=CARTESIAN_POINT('',(-0.12994270382838,-0.194193572812723,0.75));
#13885=CARTESIAN_POINT('',(-0.101221110632139,-0.36108072056314,0.));
#13886=CARTESIAN_POINT('',(-0.12994270382838,-0.194193572812723,0.));
#13887=CARTESIAN_POINT('',(-0.101221110632139,-0.36108072056314,0.));
#13888=CARTESIAN_POINT('Origin',(-0.11839199282589,-0.339975493285493,0.));
#13889=CARTESIAN_POINT('',(-0.130348323743246,-0.351616715326968,0.75));
#13890=CARTESIAN_POINT('',(-0.11839199282589,-0.339975493285493,0.75));
#13891=CARTESIAN_POINT('',(-0.0030400970384355,-0.227663694536474,0.75));
#13892=CARTESIAN_POINT('',(-0.130348323743246,-0.351616715326968,0.));
#13893=CARTESIAN_POINT('',(-0.130348323743246,-0.351616715326968,0.));
#13894=CARTESIAN_POINT('',(-0.11839199282589,-0.339975493285493,0.));
#13895=CARTESIAN_POINT('',(-0.0030400970384355,-0.227663694536474,0.));
#13896=CARTESIAN_POINT('',(-0.11839199282589,-0.339975493285493,0.));
#13897=CARTESIAN_POINT('Origin',(-0.116252813743124,-0.356525291244263,
0.));
#13898=CARTESIAN_POINT('',(-0.116252813743124,-0.356525291244263,0.75));
#13899=CARTESIAN_POINT('',(-0.13796070481125,-0.188581796385503,0.75));
#13900=CARTESIAN_POINT('',(-0.116252813743124,-0.356525291244263,0.));
#13901=CARTESIAN_POINT('',(-0.13796070481125,-0.188581796385503,0.));
#13902=CARTESIAN_POINT('',(-0.116252813743124,-0.356525291244263,0.));
#13903=CARTESIAN_POINT('Origin',(-0.132524838966484,-0.33471953491977,0.));
#13904=CARTESIAN_POINT('',(-0.144958165933425,-0.345849866458291,0.75));
#13905=CARTESIAN_POINT('',(-0.132524838966484,-0.33471953491977,0.75));
#13906=CARTESIAN_POINT('',(-0.0125709963959365,-0.227336688745159,0.75));
#13907=CARTESIAN_POINT('',(-0.144958165933425,-0.345849866458291,0.));
#13908=CARTESIAN_POINT('',(-0.144958165933425,-0.345849866458291,0.));
#13909=CARTESIAN_POINT('',(-0.132524838966484,-0.33471953491977,0.));
#13910=CARTESIAN_POINT('',(-0.0125709963959365,-0.227336688745159,0.));
#13911=CARTESIAN_POINT('',(-0.132524838966484,-0.33471953491977,0.));
#13912=CARTESIAN_POINT('Origin',(-0.131080569915832,-0.351344395416435,
0.));
#13913=CARTESIAN_POINT('',(-0.131080569915832,-0.351344395416436,0.75));
#13914=CARTESIAN_POINT('',(-0.145736675838519,-0.182639183406898,0.75));
#13915=CARTESIAN_POINT('',(-0.131080569915832,-0.351344395416435,0.));
#13916=CARTESIAN_POINT('',(-0.145736675838519,-0.182639183406898,0.));
#13917=CARTESIAN_POINT('',(-0.131080569915832,-0.351344395416436,0.));
#13918=CARTESIAN_POINT('Origin',(-0.146425191507288,-0.328876364751336,
0.));
#13919=CARTESIAN_POINT('',(-0.159313702243441,-0.339476279403272,0.75));
#13920=CARTESIAN_POINT('',(-0.146425191507288,-0.328876364751336,0.75));
#13921=CARTESIAN_POINT('',(-0.0220798419541058,-0.226610857152259,0.75));
#13922=CARTESIAN_POINT('',(-0.159313702243441,-0.339476279403272,0.));
#13923=CARTESIAN_POINT('',(-0.159313702243441,-0.339476279403272,0.));
#13924=CARTESIAN_POINT('',(-0.146425191507288,-0.328876364751336,0.));
#13925=CARTESIAN_POINT('',(-0.0220798419541058,-0.226610857152259,0.));
#13926=CARTESIAN_POINT('',(-0.146425191507288,-0.328876364751336,0.));
#13927=CARTESIAN_POINT('Origin',(-0.145678366227431,-0.34554712213142,0.));
#13928=CARTESIAN_POINT('',(-0.145678366227431,-0.34554712213142,0.75));
#13929=CARTESIAN_POINT('',(-0.153256975214712,-0.176376159239386,0.75));
#13930=CARTESIAN_POINT('',(-0.145678366227431,-0.34554712213142,0.));
#13931=CARTESIAN_POINT('',(-0.153256975214712,-0.176376159239386,0.));
#13932=CARTESIAN_POINT('',(-0.145678366227431,-0.34554712213142,0.));
#13933=CARTESIAN_POINT('Origin',(-0.160068664506574,-0.322456233686189,
0.));
#13934=CARTESIAN_POINT('',(-0.173389748184562,-0.332507135599365,0.75));
#13935=CARTESIAN_POINT('',(-0.160068664506574,-0.322456233686189,0.75));
#13936=CARTESIAN_POINT('',(-0.0315499519667068,-0.225487473113028,0.75));
#13937=CARTESIAN_POINT('',(-0.173389748184562,-0.332507135599365,0.));
#13938=CARTESIAN_POINT('',(-0.173389748184562,-0.332507135599365,0.));
#13939=CARTESIAN_POINT('',(-0.160068664506574,-0.322456233686189,0.));
#13940=CARTESIAN_POINT('',(-0.0315499519667068,-0.225487473113028,0.));
#13941=CARTESIAN_POINT('',(-0.160068664506574,-0.322456233686189,0.));
#13942=CARTESIAN_POINT('Origin',(-0.160020593182826,-0.339143641776485,
0.));
#13943=CARTESIAN_POINT('',(-0.160020593182826,-0.339143641776485,0.75));
#13944=CARTESIAN_POINT('',(-0.160508409779309,-0.169803711355547,0.75));
#13945=CARTESIAN_POINT('',(-0.160020593182826,-0.339143641776485,0.));
#13946=CARTESIAN_POINT('',(-0.160508409779309,-0.169803711355547,0.));
#13947=CARTESIAN_POINT('',(-0.160020593182826,-0.339143641776485,0.));
#13948=CARTESIAN_POINT('Origin',(-0.173431322676618,-0.315470404815791,
0.));
#13949=CARTESIAN_POINT('',(-0.187161609589135,-0.324954661292932,0.75));
#13950=CARTESIAN_POINT('',(-0.173431322676618,-0.315470404815791,0.75));
#13951=CARTESIAN_POINT('',(-0.0409647126428125,-0.223968507424798,0.75));
#13952=CARTESIAN_POINT('',(-0.187161609589135,-0.324954661292932,0.));
#13953=CARTESIAN_POINT('',(-0.187161609589135,-0.324954661292932,0.));
#13954=CARTESIAN_POINT('',(-0.173431322676618,-0.315470404815791,0.));
#13955=CARTESIAN_POINT('',(-0.0409647126428125,-0.223968507424798,0.));
#13956=CARTESIAN_POINT('',(-0.173431322676618,-0.315470404815791,0.));
#13957=CARTESIAN_POINT('Origin',(-0.174082089642415,-0.33214518823209,0.));
#13958=CARTESIAN_POINT('',(-0.174082089642415,-0.33214518823209,0.75));
#13959=CARTESIAN_POINT('',(-0.167478258052028,-0.162933370062301,0.75));
#13960=CARTESIAN_POINT('',(-0.174082089642415,-0.332145188232089,0.));
#13961=CARTESIAN_POINT('',(-0.167478258052028,-0.162933370062301,0.));
#13962=CARTESIAN_POINT('',(-0.174082089642415,-0.332145188232089,0.));
#13963=CARTESIAN_POINT('Origin',(-0.186489723374327,-0.307931133657782,
0.));
#13964=CARTESIAN_POINT('',(-0.200605125932546,-0.316832106090256,0.75));
#13965=CARTESIAN_POINT('',(-0.186489723374327,-0.307931133657782,0.75));
#13966=CARTESIAN_POINT('',(-0.0503076072930398,-0.222056624869534,0.75));
#13967=CARTESIAN_POINT('',(-0.200605125932546,-0.316832106090256,0.));
#13968=CARTESIAN_POINT('',(-0.200605125932546,-0.316832106090256,0.));
#13969=CARTESIAN_POINT('',(-0.186489723374327,-0.307931133657782,0.));
#13970=CARTESIAN_POINT('',(-0.0503076072930398,-0.222056624869534,0.));
#13971=CARTESIAN_POINT('',(-0.186489723374327,-0.307931133657782,0.));
#13972=CARTESIAN_POINT('Origin',(-0.18783818696328,-0.324564039163842,0.));
#13973=CARTESIAN_POINT('',(-0.18783818696328,-0.324564039163842,0.75));
#13974=CARTESIAN_POINT('',(-0.174154292550629,-0.155777188272834,0.75));
#13975=CARTESIAN_POINT('',(-0.18783818696328,-0.324564039163842,0.));
#13976=CARTESIAN_POINT('',(-0.174154292550629,-0.155777188272834,0.));
#13977=CARTESIAN_POINT('',(-0.18783818696328,-0.324564039163842,0.));
#13978=CARTESIAN_POINT('Origin',(-0.199220957727604,-0.299851646655636,
0.));
#13979=CARTESIAN_POINT('',(-0.213696712718992,-0.308153719713224,0.75));
#13980=CARTESIAN_POINT('',(-0.199220957727604,-0.299851646655636,0.75));
#13981=CARTESIAN_POINT('',(-0.0595622453054353,-0.219755179538902,0.75));
#13982=CARTESIAN_POINT('',(-0.213696712718992,-0.308153719713224,0.));
#13983=CARTESIAN_POINT('',(-0.213696712718992,-0.308153719713224,0.));
#13984=CARTESIAN_POINT('',(-0.199220957727604,-0.299851646655636,0.));
#13985=CARTESIAN_POINT('',(-0.0595622453054353,-0.219755179538902,0.));
#13986=CARTESIAN_POINT('',(-0.199220957727604,-0.299851646655636,0.));
#13987=CARTESIAN_POINT('Origin',(-0.201264752276366,-0.3164134944833,0.));
#13988=CARTESIAN_POINT('',(-0.201264752276366,-0.3164134944833,0.75));
#13989=CARTESIAN_POINT('',(-0.180524801242071,-0.148347720361693,0.75));
#13990=CARTESIAN_POINT('',(-0.201264752276366,-0.3164134944833,0.));
#13991=CARTESIAN_POINT('',(-0.180524801242071,-0.148347720361693,0.));
#13992=CARTESIAN_POINT('',(-0.201264752276366,-0.3164134944833,0.));
#13993=CARTESIAN_POINT('Origin',(-0.21160269082529,-0.291246117974981,0.));
#13994=CARTESIAN_POINT('',(-0.226413402856698,-0.298934727000479,0.75));
#13995=CARTESIAN_POINT('',(-0.21160269082529,-0.291246117974981,0.75));
#13996=CARTESIAN_POINT('',(-0.068712390900178,-0.217068208950046,0.75));
#13997=CARTESIAN_POINT('',(-0.226413402856698,-0.298934727000479,0.));
#13998=CARTESIAN_POINT('',(-0.226413402856698,-0.298934727000478,0.));
#13999=CARTESIAN_POINT('',(-0.21160269082529,-0.291246117974981,0.));
#14000=CARTESIAN_POINT('',(-0.068712390900178,-0.217068208950046,0.));
#14001=CARTESIAN_POINT('',(-0.21160269082529,-0.291246117974981,0.));
#14002=CARTESIAN_POINT('Origin',(-0.214338230823737,-0.307707853015406,
0.));
#14003=CARTESIAN_POINT('',(-0.214338230823737,-0.307707853015406,0.75));
#14004=CARTESIAN_POINT('',(-0.186578608089394,-0.140658000140143,0.75));
#14005=CARTESIAN_POINT('',(-0.214338230823737,-0.307707853015406,0.));
#14006=CARTESIAN_POINT('',(-0.186578608089394,-0.140658000140143,0.));
#14007=CARTESIAN_POINT('',(-0.214338230823737,-0.307707853015406,0.));
#14008=CARTESIAN_POINT('Origin',(-0.223613200900192,-0.282129644637302,
0.));
#14009=CARTESIAN_POINT('',(-0.238732886950002,-0.289191301197871,0.75));
#14010=CARTESIAN_POINT('',(-0.223613200900192,-0.282129644637302,0.75));
#14011=CARTESIAN_POINT('',(-0.0777419916126546,-0.214000426962419,0.75));
#14012=CARTESIAN_POINT('',(-0.238732886950002,-0.289191301197871,0.));
#14013=CARTESIAN_POINT('',(-0.238732886950002,-0.289191301197871,0.));
#14014=CARTESIAN_POINT('',(-0.223613200900192,-0.282129644637302,0.));
#14015=CARTESIAN_POINT('',(-0.0777419916126546,-0.214000426962419,0.));
#14016=CARTESIAN_POINT('',(-0.223613200900192,-0.282129644637302,0.));
#14017=CARTESIAN_POINT('Origin',(-0.227035687281623,-0.298462387413491,
0.));
#14018=CARTESIAN_POINT('',(-0.227035687281623,-0.298462387413492,0.75));
#14019=CARTESIAN_POINT('',(-0.192305092658292,-0.132721517990438,0.75));
#14020=CARTESIAN_POINT('',(-0.227035687281623,-0.298462387413491,0.));
#14021=CARTESIAN_POINT('',(-0.192305092658292,-0.132721517990438,0.));
#14022=CARTESIAN_POINT('',(-0.227035687281623,-0.298462387413491,0.));
#14023=CARTESIAN_POINT('Origin',(-0.235231417436438,-0.272518220034632,
0.));
#14024=CARTESIAN_POINT('',(-0.250633552437615,-0.278940535585098,0.75));
#14025=CARTESIAN_POINT('',(-0.235231417436438,-0.272518220034632,0.75));
#14026=CARTESIAN_POINT('',(-0.0866352064549363,-0.210557215508066,0.75));
#14027=CARTESIAN_POINT('',(-0.250633552437615,-0.278940535585098,0.));
#14028=CARTESIAN_POINT('',(-0.250633552437615,-0.278940535585098,0.));
#14029=CARTESIAN_POINT('',(-0.235231417436438,-0.272518220034632,0.));
#14030=CARTESIAN_POINT('',(-0.0866352064549363,-0.210557215508066,0.));
#14031=CARTESIAN_POINT('',(-0.235231417436438,-0.272518220034632,0.));
#14032=CARTESIAN_POINT('Origin',(-0.239334845996772,-0.288693317365853,
0.));
#14033=CARTESIAN_POINT('',(-0.239334845996772,-0.288693317365853,0.75));
#14034=CARTESIAN_POINT('',(-0.197694208748957,-0.124552197199102,0.75));
#14035=CARTESIAN_POINT('',(-0.239334845996772,-0.288693317365853,0.));
#14036=CARTESIAN_POINT('',(-0.197694208748957,-0.124552197199102,0.));
#14037=CARTESIAN_POINT('',(-0.239334845996772,-0.288693317365853,0.));
#14038=CARTESIAN_POINT('Origin',(-0.246436958134328,-0.262428705871708,
0.));
#14039=CARTESIAN_POINT('',(-0.2620945215084,-0.268200413488277,0.75));
#14040=CARTESIAN_POINT('',(-0.246436958134328,-0.262428705871708,0.75));
#14041=CARTESIAN_POINT('',(-0.0953764337062551,-0.20674461514989,0.75));
#14042=CARTESIAN_POINT('',(-0.2620945215084,-0.268200413488277,0.));
#14043=CARTESIAN_POINT('',(-0.2620945215084,-0.268200413488277,0.));
#14044=CARTESIAN_POINT('',(-0.246436958134328,-0.262428705871708,0.));
#14045=CARTESIAN_POINT('',(-0.0953764337062551,-0.20674461514989,0.));
#14046=CARTESIAN_POINT('',(-0.246436958134328,-0.262428705871708,0.));
#14047=CARTESIAN_POINT('Origin',(-0.251214130065516,-0.278417781140907,
0.));
#14048=CARTESIAN_POINT('',(-0.251214130065516,-0.278417781140907,0.75));
#14049=CARTESIAN_POINT('',(-0.202736502020533,-0.116164369530759,0.75));
#14050=CARTESIAN_POINT('',(-0.251214130065516,-0.278417781140907,0.));
#14051=CARTESIAN_POINT('',(-0.202736502020533,-0.116164369530759,0.));
#14052=CARTESIAN_POINT('',(-0.251214130065516,-0.278417781140907,0.));
#14053=CARTESIAN_POINT('Origin',(-0.257210164667809,-0.251878802584811,
0.));
#14054=CARTESIAN_POINT('',(-0.273095687728142,-0.256989776731085,0.75));
#14055=CARTESIAN_POINT('',(-0.257210164667809,-0.251878802584811,0.75));
#14056=CARTESIAN_POINT('',(-0.103950338283723,-0.202569314484448,0.75));
#14057=CARTESIAN_POINT('',(-0.273095687728142,-0.256989776731085,0.));
#14058=CARTESIAN_POINT('',(-0.273095687728142,-0.256989776731085,0.));
#14059=CARTESIAN_POINT('',(-0.257210164667809,-0.251878802584811,0.));
#14060=CARTESIAN_POINT('',(-0.103950338283723,-0.202569314484448,0.));
#14061=CARTESIAN_POINT('',(-0.257210164667809,-0.251878802584811,0.));
#14062=CARTESIAN_POINT('Origin',(-0.26265269918699,-0.267653805520842,0.));
#14063=CARTESIAN_POINT('',(-0.26265269918699,-0.267653805520842,0.75));
#14064=CARTESIAN_POINT('',(-0.207423126577239,-0.10757275008534,0.75));
#14065=CARTESIAN_POINT('',(-0.26265269918699,-0.267653805520842,0.));
#14066=CARTESIAN_POINT('',(-0.207423126577239,-0.10757275008534,0.));
#14067=CARTESIAN_POINT('',(-0.26265269918699,-0.267653805520842,0.));
#14068=CARTESIAN_POINT('Origin',(-0.267532137171862,-0.240887018289189,
0.));
#14069=CARTESIAN_POINT('',(-0.283617751313071,-0.245328292579795,0.75));
#14070=CARTESIAN_POINT('',(-0.267532137171862,-0.240887018289189,0.75));
#14071=CARTESIAN_POINT('',(-0.112341878645279,-0.198038638407885,0.75));
#14072=CARTESIAN_POINT('',(-0.283617751313071,-0.245328292579795,0.));
#14073=CARTESIAN_POINT('',(-0.283617751313071,-0.245328292579795,0.));
#14074=CARTESIAN_POINT('',(-0.267532137171862,-0.240887018289189,0.));
#14075=CARTESIAN_POINT('',(-0.112341878645279,-0.198038638407885,0.));
#14076=CARTESIAN_POINT('',(-0.267532137171862,-0.240887018289189,0.));
#14077=CARTESIAN_POINT('Origin',(-0.273630486224103,-0.256420274176519,
0.));
#14078=CARTESIAN_POINT('',(-0.273630486224103,-0.256420274176519,0.75));
#14079=CARTESIAN_POINT('',(-0.211745860487076,-0.098792411482806,0.75));
#14080=CARTESIAN_POINT('',(-0.273630486224103,-0.256420274176519,0.));
#14081=CARTESIAN_POINT('',(-0.211745860487076,-0.098792411482806,0.));
#14082=CARTESIAN_POINT('',(-0.273630486224103,-0.256420274176519,0.));
#14083=CARTESIAN_POINT('Origin',(-0.277384767399284,-0.229472636309528,
0.));
#14084=CARTESIAN_POINT('',(-0.293642252988236,-0.233236419240205,0.75));
#14085=CARTESIAN_POINT('',(-0.277384767399284,-0.229472636309528,0.75));
#14086=CARTESIAN_POINT('',(-0.120536333177665,-0.193160535265573,0.75));
#14087=CARTESIAN_POINT('',(-0.293642252988236,-0.233236419240205,0.));
#14088=CARTESIAN_POINT('',(-0.293642252988236,-0.233236419240205,0.));
#14089=CARTESIAN_POINT('',(-0.277384767399284,-0.229472636309528,0.));
#14090=CARTESIAN_POINT('',(-0.120536333177665,-0.193160535265573,0.));
#14091=CARTESIAN_POINT('',(-0.277384767399284,-0.229472636309528,0.));
#14092=CARTESIAN_POINT('Origin',(-0.284128232408114,-0.244736894539096,
0.));
#14093=CARTESIAN_POINT('',(-0.284128232408114,-0.244736894539096,0.75));
#14094=CARTESIAN_POINT('',(-0.215697120205892,-0.0898387574206439,0.75));
#14095=CARTESIAN_POINT('',(-0.284128232408114,-0.244736894539096,0.));
#14096=CARTESIAN_POINT('',(-0.215697120205892,-0.0898387574206439,0.));
#14097=CARTESIAN_POINT('',(-0.284128232408114,-0.244736894539096,0.));
#14098=CARTESIAN_POINT('Origin',(-0.286750770488711,-0.217655681350455,
0.));
#14099=CARTESIAN_POINT('',(-0.303151606371353,-0.220735369967,0.75));
#14100=CARTESIAN_POINT('',(-0.286750770488711,-0.217655681350455,0.75));
#14101=CARTESIAN_POINT('',(-0.128519326023135,-0.187943562908015,0.75));
#14102=CARTESIAN_POINT('',(-0.303151606371353,-0.220735369967,0.));
#14103=CARTESIAN_POINT('',(-0.303151606371353,-0.220735369967,0.));
#14104=CARTESIAN_POINT('',(-0.286750770488711,-0.217655681350455,0.));
#14105=CARTESIAN_POINT('',(-0.128519326023135,-0.187943562908015,0.));
#14106=CARTESIAN_POINT('',(-0.286750770488711,-0.217655681350455,0.));
#14107=CARTESIAN_POINT('Origin',(-0.29412752112506,-0.232624163226496,0.));
#14108=CARTESIAN_POINT('',(-0.29412752112506,-0.232624163226496,0.75));
#14109=CARTESIAN_POINT('',(-0.219269973881493,-0.0807274956505512,0.75));
#14110=CARTESIAN_POINT('',(-0.29412752112506,-0.232624163226496,0.));
#14111=CARTESIAN_POINT('',(-0.219269973881493,-0.0807274956505512,0.));
#14112=CARTESIAN_POINT('',(-0.29412752112506,-0.232624163226496,0.));
#14113=CARTESIAN_POINT('Origin',(-0.295613715288134,-0.205456884366395,
0.));
#14114=CARTESIAN_POINT('',(-0.312129128825286,-0.20784707584849,0.75));
#14115=CARTESIAN_POINT('',(-0.295613715288134,-0.205456884366395,0.75));
#14116=CARTESIAN_POINT('',(-0.136276852299601,-0.182396873677463,0.75));
#14117=CARTESIAN_POINT('',(-0.312129128825286,-0.20784707584849,0.));
#14118=CARTESIAN_POINT('',(-0.312129128825286,-0.20784707584849,0.));
#14119=CARTESIAN_POINT('',(-0.295613715288134,-0.205456884366395,0.));
#14120=CARTESIAN_POINT('',(-0.136276852299601,-0.182396873677463,0.));
#14121=CARTESIAN_POINT('',(-0.295613715288134,-0.205456884366395,0.));
#14122=CARTESIAN_POINT('Origin',(-0.303610810224749,-0.220103330085374,
0.));
#14123=CARTESIAN_POINT('',(-0.303610810224749,-0.220103330085374,0.75));
#14124=CARTESIAN_POINT('',(-0.222458153514468,-0.0714746104216999,0.75));
#14125=CARTESIAN_POINT('',(-0.303610810224749,-0.220103330085374,0.));
#14126=CARTESIAN_POINT('',(-0.222458153514468,-0.0714746104216999,0.));
#14127=CARTESIAN_POINT('',(-0.303610810224749,-0.220103330085374,0.));
#14128=CARTESIAN_POINT('Origin',(-0.303958053180725,-0.192897646192439,
0.));
#14129=CARTESIAN_POINT('',(-0.320559070725069,-0.194594147332031,0.75));
#14130=CARTESIAN_POINT('',(-0.303958053180725,-0.192897646192439,0.75));
#14131=CARTESIAN_POINT('',(-0.143795302669947,-0.176530198351608,0.75));
#14132=CARTESIAN_POINT('',(-0.320559070725069,-0.194594147332031,0.));
#14133=CARTESIAN_POINT('',(-0.320559070725069,-0.194594147332031,0.));
#14134=CARTESIAN_POINT('',(-0.303958053180725,-0.192897646192439,0.));
#14135=CARTESIAN_POINT('',(-0.143795302669947,-0.176530198351608,0.));
#14136=CARTESIAN_POINT('',(-0.303958053180725,-0.192897646192439,0.));
#14137=CARTESIAN_POINT('Origin',(-0.312561462795658,-0.207196360911669,
0.));
#14138=CARTESIAN_POINT('',(-0.312561462795658,-0.207196360911669,0.75));
#14139=CARTESIAN_POINT('',(-0.22525606595439,-0.0620963344389332,0.75));
#14140=CARTESIAN_POINT('',(-0.312561462795658,-0.207196360911669,0.));
#14141=CARTESIAN_POINT('',(-0.22525606595439,-0.0620963344389332,0.));
#14142=CARTESIAN_POINT('',(-0.312561462795658,-0.207196360911669,0.));
#14143=CARTESIAN_POINT('Origin',(-0.311769145362398,-0.18,0.));
#14144=CARTESIAN_POINT('',(-0.328426643088096,-0.180999834557616,0.75));
#14145=CARTESIAN_POINT('',(-0.311769145362398,-0.18,0.75));
#14146=CARTESIAN_POINT('',(-0.151061487217439,-0.170353829072479,0.75));
#14147=CARTESIAN_POINT('',(-0.328426643088096,-0.180999834557616,0.));
#14148=CARTESIAN_POINT('',(-0.328426643088096,-0.180999834557616,0.));
#14149=CARTESIAN_POINT('',(-0.311769145362398,-0.18,0.));
#14150=CARTESIAN_POINT('',(-0.151061487217439,-0.170353829072479,0.));
#14151=CARTESIAN_POINT('',(-0.311769145362398,-0.18,0.));
#14152=CARTESIAN_POINT('Origin',(-0.320963776351724,-0.193925898915128,
0.));
#14153=CARTESIAN_POINT('',(-0.320963776351724,-0.193925898915128,0.75));
#14154=CARTESIAN_POINT('',(-0.227658802712102,-0.0526091203850844,0.75));
#14155=CARTESIAN_POINT('',(-0.320963776351724,-0.193925898915128,0.));
#14156=CARTESIAN_POINT('',(-0.227658802712102,-0.0526091203850844,0.));
#14157=CARTESIAN_POINT('',(-0.320963776351724,-0.193925898915128,0.));
#14158=CARTESIAN_POINT('Origin',(-0.319033288523237,-0.16678657264315,0.));
#14159=CARTESIAN_POINT('',(-0.335718043519023,-0.16708798656923,0.75));
#14160=CARTESIAN_POINT('',(-0.319033288523237,-0.16678657264315,0.75));
#14161=CARTESIAN_POINT('',(-0.158062658585312,-0.163878601290537,0.75));
#14162=CARTESIAN_POINT('',(-0.335718043519023,-0.16708798656923,0.));
#14163=CARTESIAN_POINT('',(-0.335718043519023,-0.16708798656923,0.));
#14164=CARTESIAN_POINT('',(-0.319033288523237,-0.16678657264315,0.));
#14165=CARTESIAN_POINT('',(-0.158062658585312,-0.163878601290537,0.));
#14166=CARTESIAN_POINT('',(-0.319033288523237,-0.16678657264315,0.));
#14167=CARTESIAN_POINT('Origin',(-0.328803010379845,-0.180315224995427,
0.));
#14168=CARTESIAN_POINT('',(-0.328803010379845,-0.180315224995427,0.75));
#14169=CARTESIAN_POINT('',(-0.229662148570877,-0.0430296120573808,0.75));
#14170=CARTESIAN_POINT('',(-0.328803010379845,-0.180315224995427,0.));
#14171=CARTESIAN_POINT('',(-0.229662148570877,-0.0430296120573808,0.));
#14172=CARTESIAN_POINT('',(-0.328803010379845,-0.180315224995427,0.));
#14173=CARTESIAN_POINT('Origin',(-0.325737738887767,-0.153280544963426,
0.));
#14174=CARTESIAN_POINT('',(-0.342420480423861,-0.152883009475522,0.75));
#14175=CARTESIAN_POINT('',(-0.325737738887767,-0.153280544963426,0.75));
#14176=CARTESIAN_POINT('',(-0.164786534339975,-0.157115874755609,0.75));
#14177=CARTESIAN_POINT('',(-0.342420480423861,-0.152883009475522,0.));
#14178=CARTESIAN_POINT('',(-0.342420480423861,-0.152883009475522,0.));
#14179=CARTESIAN_POINT('',(-0.325737738887767,-0.153280544963426,0.));
#14180=CARTESIAN_POINT('',(-0.164786534339975,-0.157115874755609,0.));
#14181=CARTESIAN_POINT('',(-0.325737738887767,-0.153280544963426,0.));
#14182=CARTESIAN_POINT('Origin',(-0.336065412199747,-0.166388216899558,
0.));
#14183=CARTESIAN_POINT('',(-0.336065412199747,-0.166388216899558,0.75));
#14184=CARTESIAN_POINT('',(-0.231262588981336,-0.0333746151685682,0.75));
#14185=CARTESIAN_POINT('',(-0.336065412199747,-0.166388216899558,0.));
#14186=CARTESIAN_POINT('',(-0.231262588981336,-0.0333746151685682,0.));
#14187=CARTESIAN_POINT('',(-0.336065412199747,-0.166388216899558,0.));
#14188=CARTESIAN_POINT('Origin',(-0.33187073457186,-0.139505611122757,0.));
#14189=CARTESIAN_POINT('',(-0.348522195450773,-0.138409823633198,0.75));
#14190=CARTESIAN_POINT('',(-0.33187073457186,-0.139505611122757,0.75));
#14191=CARTESIAN_POINT('',(-0.171221318518565,-0.150077513588026,0.75));
#14192=CARTESIAN_POINT('',(-0.348522195450773,-0.138409823633198,0.));
#14193=CARTESIAN_POINT('',(-0.348522195450773,-0.138409823633198,0.));
#14194=CARTESIAN_POINT('',(-0.33187073457186,-0.139505611122757,0.));
#14195=CARTESIAN_POINT('',(-0.171221318518565,-0.150077513588026,0.));
#14196=CARTESIAN_POINT('',(-0.33187073457186,-0.139505611122757,0.));
#14197=CARTESIAN_POINT('Origin',(-0.342738241090855,-0.152169307332152,
0.));
#14198=CARTESIAN_POINT('',(-0.342738241090855,-0.152169307332152,0.75));
#14199=CARTESIAN_POINT('',(-0.232457316227165,-0.0236610678639796,0.75));
#14200=CARTESIAN_POINT('',(-0.342738241090855,-0.152169307332152,0.));
#14201=CARTESIAN_POINT('',(-0.232457316227165,-0.0236610678639796,0.));
#14202=CARTESIAN_POINT('',(-0.342738241090855,-0.152169307332152,0.));
#14203=CARTESIAN_POINT('Origin',(-0.337421516217081,-0.125485937035853,
0.));
#14204=CARTESIAN_POINT('',(-0.354012484118227,-0.123693819928248,0.75));
#14205=CARTESIAN_POINT('',(-0.337421516217081,-0.125485937035853,0.75));
#14206=CARTESIAN_POINT('',(-0.177355722323078,-0.142775865464928,0.75));
#14207=CARTESIAN_POINT('',(-0.354012484118227,-0.123693819928248,0.));
#14208=CARTESIAN_POINT('',(-0.354012484118227,-0.123693819928248,0.));
#14209=CARTESIAN_POINT('',(-0.337421516217081,-0.125485937035853,0.));
#14210=CARTESIAN_POINT('',(-0.177355722323078,-0.142775865464928,0.));
#14211=CARTESIAN_POINT('',(-0.337421516217081,-0.125485937035853,0.));
#14212=CARTESIAN_POINT('Origin',(-0.348809790643853,-0.137683441092207,
0.));
#14213=CARTESIAN_POINT('',(-0.348809790643853,-0.137683441092207,0.75));
#14214=CARTESIAN_POINT('',(-0.233244234350806,-0.0139060110062726,0.75));
#14215=CARTESIAN_POINT('',(-0.348809790643853,-0.137683441092207,0.));
#14216=CARTESIAN_POINT('',(-0.233244234350806,-0.0139060110062726,0.));
#14217=CARTESIAN_POINT('',(-0.348809790643853,-0.137683441092207,0.));
#14218=CARTESIAN_POINT('Origin',(-0.342380345866255,-0.111246117974981,
0.));
#14219=CARTESIAN_POINT('',(-0.358881714594288,-0.108760815231701,0.75));
#14220=CARTESIAN_POINT('',(-0.342380345866255,-0.111246117974981,0.75));
#14221=CARTESIAN_POINT('',(-0.183178983924757,-0.135223739958239,0.75));
#14222=CARTESIAN_POINT('',(-0.358881714594288,-0.108760815231701,0.));
#14223=CARTESIAN_POINT('',(-0.358881714594288,-0.108760815231701,0.));
#14224=CARTESIAN_POINT('',(-0.342380345866255,-0.111246117974981,0.));
#14225=CARTESIAN_POINT('',(-0.183178983924757,-0.135223739958239,0.));
#14226=CARTESIAN_POINT('',(-0.342380345866255,-0.111246117974981,0.));
#14227=CARTESIAN_POINT('Origin',(-0.354269409297699,-0.122956031311439,
0.));
#14228=CARTESIAN_POINT('',(-0.354269409297699,-0.122956031311439,0.75));
#14229=CARTESIAN_POINT('',(-0.233621962830472,-0.00412655827996631,0.75));
#14230=CARTESIAN_POINT('',(-0.354269409297699,-0.122956031311439,0.));
#14231=CARTESIAN_POINT('',(-0.233621962830472,-0.00412655827996631,0.));
#14232=CARTESIAN_POINT('',(-0.354269409297699,-0.122956031311439,0.));
#14233=CARTESIAN_POINT('Origin',(-0.346738524047157,-0.0968111354214956,
0.));
#14234=CARTESIAN_POINT('',(-0.363121344594124,-0.0936370071080642,0.75));
#14235=CARTESIAN_POINT('',(-0.346738524047157,-0.0968111354214956,0.75));
#14236=CARTESIAN_POINT('',(-0.188680887343995,-0.127434386062328,0.75));
#14237=CARTESIAN_POINT('',(-0.363121344594124,-0.0936370071080642,0.));
#14238=CARTESIAN_POINT('',(-0.363121344594124,-0.0936370071080642,0.));
#14239=CARTESIAN_POINT('',(-0.346738524047157,-0.0968111354214956,0.));
#14240=CARTESIAN_POINT('',(-0.188680887343995,-0.127434386062328,0.));
#14241=CARTESIAN_POINT('',(-0.346738524047157,-0.0968111354214956,0.));
#14242=CARTESIAN_POINT('Origin',(-0.359107519026082,-0.10801291487101,0.));
#14243=CARTESIAN_POINT('',(-0.359107519026082,-0.10801291487101,0.75));
#14244=CARTESIAN_POINT('',(-0.233589839002056,0.00566013383177692,0.75));
#14245=CARTESIAN_POINT('',(-0.359107519026082,-0.10801291487101,0.));
#14246=CARTESIAN_POINT('',(-0.233589839002056,0.00566013383177692,0.));
#14247=CARTESIAN_POINT('',(-0.359107519026082,-0.10801291487101,0.));
#14248=CARTESIAN_POINT('Origin',(-0.350488405034338,-0.082206313239836,
0.));
#14249=CARTESIAN_POINT('',(-0.36672393636608,-0.0783489278558911,0.75));
#14250=CARTESIAN_POINT('',(-0.350488405034338,-0.082206313239836,0.75));
#14251=CARTESIAN_POINT('',(-0.193851780372635,-0.119421468950769,0.75));
#14252=CARTESIAN_POINT('',(-0.36672393636608,-0.0783489278558911,0.));
#14253=CARTESIAN_POINT('',(-0.36672393636608,-0.0783489278558911,0.));
#14254=CARTESIAN_POINT('',(-0.350488405034338,-0.082206313239836,0.));
#14255=CARTESIAN_POINT('',(-0.193851780372635,-0.119421468950769,0.));
#14256=CARTESIAN_POINT('',(-0.350488405034338,-0.082206313239836,0.));
#14257=CARTESIAN_POINT('Origin',(-0.363315632140539,-0.0928803070748626,
0.));
#14258=CARTESIAN_POINT('',(-0.363315632140539,-0.0928803070748626,0.75));
#14259=CARTESIAN_POINT('',(-0.233147919221671,0.0154368961454528,0.75));
#14260=CARTESIAN_POINT('',(-0.363315632140539,-0.0928803070748625,0.));
#14261=CARTESIAN_POINT('',(-0.233147919221671,0.0154368961454528,0.));
#14262=CARTESIAN_POINT('',(-0.363315632140539,-0.0928803070748626,0.));
#14263=CARTESIAN_POINT('Origin',(-0.353623410262328,-0.0674572732508607,
0.));
#14264=CARTESIAN_POINT('',(-0.369683169740018,-0.0629233979611142,0.75));
#14265=CARTESIAN_POINT('',(-0.353623410262328,-0.0674572732508607,0.75));
#14266=CARTESIAN_POINT('',(-0.198682591507224,-0.111199046002982,0.75));
#14267=CARTESIAN_POINT('',(-0.369683169740018,-0.0629233979611142,0.));
#14268=CARTESIAN_POINT('',(-0.369683169740018,-0.0629233979611142,0.));
#14269=CARTESIAN_POINT('',(-0.353623410262328,-0.0674572732508607,0.));
#14270=CARTESIAN_POINT('',(-0.198682591507224,-0.111199046002982,0.));
#14271=CARTESIAN_POINT('',(-0.353623410262328,-0.0674572732508607,0.));
#14272=CARTESIAN_POINT('Origin',(-0.366886366180739,-0.0775847556591652,
0.));
#14273=CARTESIAN_POINT('',(-0.366886366180739,-0.0775847556591652,0.75));
#14274=CARTESIAN_POINT('',(-0.232296978766775,0.0251865768977971,0.75));
#14275=CARTESIAN_POINT('',(-0.366886366180739,-0.0775847556591652,0.));
#14276=CARTESIAN_POINT('',(-0.232296978766775,0.0251865768977971,0.));
#14277=CARTESIAN_POINT('',(-0.366886366180739,-0.0775847556591653,0.));
#14278=CARTESIAN_POINT('Origin',(-0.356138039866676,-0.052589890282468,
0.));
#14279=CARTESIAN_POINT('',(-0.371993853215048,-0.0473874790447992,0.75));
#14280=CARTESIAN_POINT('',(-0.356138039866676,-0.052589890282468,0.75));
#14281=CARTESIAN_POINT('',(-0.203164845863512,-0.102781542142816,0.75));
#14282=CARTESIAN_POINT('',(-0.371993853215048,-0.0473874790447992,0.));
#14283=CARTESIAN_POINT('',(-0.371993853215048,-0.0473874790447992,0.));
#14284=CARTESIAN_POINT('',(-0.356138039866676,-0.052589890282468,0.));
#14285=CARTESIAN_POINT('',(-0.203164845863512,-0.102781542142816,0.));
#14286=CARTESIAN_POINT('',(-0.356138039866676,-0.052589890282468,0.));
#14287=CARTESIAN_POINT('Origin',(-0.369813456865834,-0.0621530942185645,
0.));
#14288=CARTESIAN_POINT('',(-0.369813456865834,-0.0621530942185646,0.75));
#14289=CARTESIAN_POINT('',(-0.231038510476079,0.0348920718358063,0.75));
#14290=CARTESIAN_POINT('',(-0.369813456865834,-0.0621530942185645,0.));
#14291=CARTESIAN_POINT('',(-0.231038510476079,0.0348920718358063,0.));
#14292=CARTESIAN_POINT('',(-0.369813456865834,-0.0621530942185646,0.));
#14293=CARTESIAN_POINT('Origin',(-0.358027882332578,-0.0376302467763552,
0.));
#14294=CARTESIAN_POINT('',(-0.373651933067178,-0.0317684263878661,0.75));
#14295=CARTESIAN_POINT('',(-0.358027882332578,-0.0376302467763552,0.75));
#14296=CARTESIAN_POINT('',(-0.207290680044276,-0.0941837245323285,0.75));
#14297=CARTESIAN_POINT('',(-0.373651933067178,-0.0317684263878661,0.));
#14298=CARTESIAN_POINT('',(-0.373651933067178,-0.0317684263878661,0.));
#14299=CARTESIAN_POINT('',(-0.358027882332578,-0.0376302467763552,0.));
#14300=CARTESIAN_POINT('',(-0.207290680044276,-0.0941837245323285,0.));
#14301=CARTESIAN_POINT('',(-0.358027882332578,-0.0376302467763552,0.));
#14302=CARTESIAN_POINT('Origin',(-0.372091769084129,-0.0466123951309413,
0.));
#14303=CARTESIAN_POINT('',(-0.372091769084129,-0.0466123951309413,0.75));
#14304=CARTESIAN_POINT('',(-0.229374722130594,0.0445363542234097,0.75));
#14305=CARTESIAN_POINT('',(-0.372091769084129,-0.0466123951309413,0.));
#14306=CARTESIAN_POINT('',(-0.229374722130594,0.0445363542234097,0.));
#14307=CARTESIAN_POINT('',(-0.372091769084129,-0.0466123951309413,0.));
#14308=CARTESIAN_POINT('Origin',(-0.359289622234178,-0.0226045870305527,
0.));
#14309=CARTESIAN_POINT('',(-0.374654500460928,-0.0160936411160648,0.75));
#14310=CARTESIAN_POINT('',(-0.359289622234178,-0.0226045870305527,0.75));
#14311=CARTESIAN_POINT('',(-0.211052855934396,-0.0854206766651669,0.75));
#14312=CARTESIAN_POINT('',(-0.374654500460928,-0.0160936411160648,0.));
#14313=CARTESIAN_POINT('',(-0.374654500460928,-0.0160936411160649,0.));
#14314=CARTESIAN_POINT('',(-0.359289622234178,-0.0226045870305527,0.));
#14315=CARTESIAN_POINT('',(-0.211052855934396,-0.0854206766651669,0.));
#14316=CARTESIAN_POINT('',(-0.359289622234178,-0.0226045870305527,0.));
#14317=CARTESIAN_POINT('Origin',(-0.373717305901818,-0.03098992206326,0.));
#14318=CARTESIAN_POINT('',(-0.373717305901818,-0.03098992206326,0.75));
#14319=CARTESIAN_POINT('',(-0.227308532580438,0.0541025047121505,0.75));
#14320=CARTESIAN_POINT('',(-0.373717305901818,-0.0309899220632599,0.));
#14321=CARTESIAN_POINT('',(-0.227308532580438,0.0541025047121505,0.));
#14322=CARTESIAN_POINT('',(-0.373717305901818,-0.03098992206326,0.));
#14323=CARTESIAN_POINT('Origin',(-0.359921046050944,-0.00753927115800837,
0.));
#14324=CARTESIAN_POINT('',(-0.374999796552414,-0.000390622129089931,0.75));
#14325=CARTESIAN_POINT('',(-0.359921046050944,-0.00753927115800837,0.75));
#14326=CARTESIAN_POINT('',(-0.214444773398965,-0.0765077719049936,0.75));
#14327=CARTESIAN_POINT('',(-0.374999796552414,-0.000390622129089942,0.));
#14328=CARTESIAN_POINT('',(-0.374999796552414,-0.00039062212908998,0.));
#14329=CARTESIAN_POINT('',(-0.359921046050944,-0.00753927115800837,0.));
#14330=CARTESIAN_POINT('',(-0.214444773398965,-0.0765077719049936,0.));
#14331=CARTESIAN_POINT('',(-0.359921046050944,-0.00753927115800837,0.));
#14332=CARTESIAN_POINT('Origin',(-0.374687215574961,-0.0153130821418334,
0.));
#14333=CARTESIAN_POINT('',(-0.374687215574961,-0.0153130821418334,0.75));
#14334=CARTESIAN_POINT('',(-0.224843566624177,0.0635737410234716,0.75));
#14335=CARTESIAN_POINT('',(-0.374687215574961,-0.0153130821418334,0.));
#14336=CARTESIAN_POINT('',(-0.224843566624177,0.0635737410234716,0.));
#14337=CARTESIAN_POINT('',(-0.374687215574961,-0.0153130821418334,0.));
#14338=CARTESIAN_POINT('Origin',(-0.359921046050944,0.00753927115800858,
0.));
#14339=CARTESIAN_POINT('',(-0.374687215574961,0.0153130821418336,0.75));
#14340=CARTESIAN_POINT('',(-0.359921046050944,0.00753927115800858,0.75));
#14341=CARTESIAN_POINT('',(-0.217460481862168,-0.0674606465153835,0.75));
#14342=CARTESIAN_POINT('',(-0.374687215574961,0.0153130821418336,0.));
#14343=CARTESIAN_POINT('',(-0.374687215574961,0.0153130821418336,0.));
#14344=CARTESIAN_POINT('',(-0.359921046050944,0.00753927115800858,0.));
#14345=CARTESIAN_POINT('',(-0.217460481862168,-0.0674606465153835,0.));
#14346=CARTESIAN_POINT('',(-0.359921046050944,0.00753927115800858,0.));
#14347=CARTESIAN_POINT('Origin',(-0.374999796552414,0.000390622129090089,
0.));
#14348=CARTESIAN_POINT('',(-0.374999796552414,0.000390622129090084,0.75));
#14349=CARTESIAN_POINT('',(-0.2219841486497,0.072933447390535,0.75));
#14350=CARTESIAN_POINT('',(-0.374999796552414,0.000390622129090108,0.));
#14351=CARTESIAN_POINT('',(-0.2219841486497,0.072933447390535,0.));
#14352=CARTESIAN_POINT('',(-0.374999796552414,0.000390622129090089,0.));
#14353=CARTESIAN_POINT('Origin',(-0.359289622234178,0.0226045870305529,
0.));
#14354=CARTESIAN_POINT('',(-0.373717305901818,0.0309899220632601,0.75));
#14355=CARTESIAN_POINT('',(-0.359289622234178,0.0226045870305529,0.75));
#14356=CARTESIAN_POINT('',(-0.220094690746617,-0.0582951722285035,0.75));
#14357=CARTESIAN_POINT('',(-0.373717305901818,0.0309899220632601,0.));
#14358=CARTESIAN_POINT('',(-0.373717305901818,0.0309899220632601,0.));
#14359=CARTESIAN_POINT('',(-0.359289622234178,0.0226045870305529,0.));
#14360=CARTESIAN_POINT('',(-0.220094690746617,-0.0582951722285035,0.));
#14361=CARTESIAN_POINT('',(-0.359289622234178,0.0226045870305529,0.));
#14362=CARTESIAN_POINT('Origin',(-0.374654500460928,0.016093641116065,0.));
#14363=CARTESIAN_POINT('',(-0.374654500460928,0.016093641116065,0.75));
#14364=CARTESIAN_POINT('',(-0.218735295047771,0.0821652037079236,0.75));
#14365=CARTESIAN_POINT('',(-0.374654500460928,0.016093641116065,0.));
#14366=CARTESIAN_POINT('',(-0.218735295047771,0.0821652037079236,0.));
#14367=CARTESIAN_POINT('',(-0.374654500460928,0.016093641116065,0.));
#14368=CARTESIAN_POINT('Origin',(-0.358027882332578,0.0376302467763554,
0.));
#14369=CARTESIAN_POINT('',(-0.372091769084129,0.0466123951309415,0.75));
#14370=CARTESIAN_POINT('',(-0.358027882332578,0.0376302467763554,0.75));
#14371=CARTESIAN_POINT('',(-0.222342778754818,-0.0490274284007022,0.75));
#14372=CARTESIAN_POINT('',(-0.372091769084129,0.0466123951309414,0.));
#14373=CARTESIAN_POINT('',(-0.372091769084129,0.0466123951309414,0.));
#14374=CARTESIAN_POINT('',(-0.358027882332578,0.0376302467763554,0.));
#14375=CARTESIAN_POINT('',(-0.222342778754818,-0.0490274284007022,0.));
#14376=CARTESIAN_POINT('',(-0.358027882332578,0.0376302467763554,0.));
#14377=CARTESIAN_POINT('Origin',(-0.373651933067178,0.0317684263878663,
0.));
#14378=CARTESIAN_POINT('',(-0.373651933067178,0.0317684263878663,0.75));
#14379=CARTESIAN_POINT('',(-0.215102705411576,0.0912528143380846,0.75));
#14380=CARTESIAN_POINT('',(-0.373651933067178,0.0317684263878663,0.));
#14381=CARTESIAN_POINT('',(-0.215102705411576,0.0912528143380846,0.));
#14382=CARTESIAN_POINT('',(-0.373651933067178,0.0317684263878662,0.));
#14383=CARTESIAN_POINT('Origin',(-0.356138039866676,0.0525898902824683,
0.));
#14384=CARTESIAN_POINT('',(-0.369813456865834,0.0621530942185648,0.75));
#14385=CARTESIAN_POINT('',(-0.356138039866676,0.0525898902824683,0.75));
#14386=CARTESIAN_POINT('',(-0.224200801976499,-0.039673673803854,0.75));
#14387=CARTESIAN_POINT('',(-0.369813456865834,0.0621530942185648,0.));
#14388=CARTESIAN_POINT('',(-0.369813456865834,0.0621530942185648,0.));
#14389=CARTESIAN_POINT('',(-0.356138039866676,0.0525898902824683,0.));
#14390=CARTESIAN_POINT('',(-0.224200801976499,-0.039673673803854,0.));
#14391=CARTESIAN_POINT('',(-0.356138039866676,0.0525898902824683,0.));
#14392=CARTESIAN_POINT('Origin',(-0.371993853215048,0.0473874790447994,
0.));
#14393=CARTESIAN_POINT('',(-0.371993853215048,0.0473874790447994,0.75));
#14394=CARTESIAN_POINT('',(-0.211092752537698,0.100180336523982,0.75));
#14395=CARTESIAN_POINT('',(-0.371993853215048,0.0473874790447995,0.));
#14396=CARTESIAN_POINT('',(-0.211092752537698,0.100180336523982,0.));
#14397=CARTESIAN_POINT('',(-0.371993853215048,0.0473874790447995,0.));
#14398=CARTESIAN_POINT('Origin',(-0.353623410262328,0.067457273250861,0.));
#14399=CARTESIAN_POINT('',(-0.366886366180739,0.0775847556591654,0.75));
#14400=CARTESIAN_POINT('',(-0.353623410262328,0.067457273250861,0.75));
#14401=CARTESIAN_POINT('',(-0.225665500807569,-0.0302503181019488,0.75));
#14402=CARTESIAN_POINT('',(-0.366886366180739,0.0775847556591654,0.));
#14403=CARTESIAN_POINT('',(-0.366886366180739,0.0775847556591654,0.));
#14404=CARTESIAN_POINT('',(-0.353623410262328,0.067457273250861,0.));
#14405=CARTESIAN_POINT('',(-0.225665500807569,-0.0302503181019488,0.));
#14406=CARTESIAN_POINT('',(-0.353623410262328,0.067457273250861,0.));
#14407=CARTESIAN_POINT('Origin',(-0.369683169740018,0.0629233979611144,
0.));
#14408=CARTESIAN_POINT('',(-0.369683169740018,0.0629233979611144,0.75));
#14409=CARTESIAN_POINT('',(-0.20671247124607,0.108932108358109,0.75));
#14410=CARTESIAN_POINT('',(-0.369683169740018,0.0629233979611144,0.));
#14411=CARTESIAN_POINT('',(-0.20671247124607,0.108932108358109,0.));
#14412=CARTESIAN_POINT('',(-0.369683169740018,0.0629233979611144,0.));
#14413=CARTESIAN_POINT('Origin',(-0.350488405034338,0.0822063132398362,
0.));
#14414=CARTESIAN_POINT('',(-0.363315632140539,0.0928803070748627,0.75));
#14415=CARTESIAN_POINT('',(-0.350488405034338,0.0822063132398362,0.75));
#14416=CARTESIAN_POINT('',(-0.226734305668569,-0.0207738930629657,0.75));
#14417=CARTESIAN_POINT('',(-0.363315632140539,0.0928803070748627,0.));
#14418=CARTESIAN_POINT('',(-0.363315632140539,0.0928803070748627,0.));
#14419=CARTESIAN_POINT('',(-0.350488405034338,0.0822063132398362,0.));
#14420=CARTESIAN_POINT('',(-0.226734305668569,-0.0207738930629657,0.));
#14421=CARTESIAN_POINT('',(-0.350488405034338,0.0822063132398362,0.));
#14422=CARTESIAN_POINT('Origin',(-0.36672393636608,0.0783489278558913,0.));
#14423=CARTESIAN_POINT('',(-0.36672393636608,0.0783489278558913,0.75));
#14424=CARTESIAN_POINT('',(-0.201969546038507,0.117492776258797,0.75));
#14425=CARTESIAN_POINT('',(-0.36672393636608,0.0783489278558913,0.));
#14426=CARTESIAN_POINT('',(-0.201969546038507,0.117492776258797,0.));
#14427=CARTESIAN_POINT('',(-0.36672393636608,0.0783489278558913,0.));
#14428=CARTESIAN_POINT('Origin',(-0.346738524047157,0.0968111354214957,
0.));
#14429=CARTESIAN_POINT('',(-0.359107519026082,0.10801291487101,0.75));
#14430=CARTESIAN_POINT('',(-0.346738524047157,0.0968111354214957,0.75));
#14431=CARTESIAN_POINT('',(-0.227405341512593,-0.0112610235565338,0.75));
#14432=CARTESIAN_POINT('',(-0.359107519026082,0.10801291487101,0.));
#14433=CARTESIAN_POINT('',(-0.359107519026082,0.10801291487101,0.));
#14434=CARTESIAN_POINT('',(-0.346738524047157,0.0968111354214957,0.));
#14435=CARTESIAN_POINT('',(-0.227405341512593,-0.0112610235565338,0.));
#14436=CARTESIAN_POINT('',(-0.346738524047157,0.0968111354214957,0.));
#14437=CARTESIAN_POINT('Origin',(-0.363121344594124,0.0936370071080644,
0.));
#14438=CARTESIAN_POINT('',(-0.363121344594124,0.0936370071080644,0.75));
#14439=CARTESIAN_POINT('',(-0.196872297617479,0.125847321905613,0.75));
#14440=CARTESIAN_POINT('',(-0.363121344594124,0.0936370071080644,0.));
#14441=CARTESIAN_POINT('',(-0.196872297617479,0.125847321905613,0.));
#14442=CARTESIAN_POINT('',(-0.363121344594124,0.0936370071080644,0.));
#14443=CARTESIAN_POINT('Origin',(-0.342380345866255,0.111246117974981,0.));
#14444=CARTESIAN_POINT('',(-0.354269409297699,0.122956031311439,0.75));
#14445=CARTESIAN_POINT('',(-0.342380345866255,0.111246117974981,0.75));
#14446=CARTESIAN_POINT('',(-0.227677431114749,-0.00172839838826224,0.75));
#14447=CARTESIAN_POINT('',(-0.354269409297699,0.122956031311439,0.));
#14448=CARTESIAN_POINT('',(-0.354269409297699,0.122956031311439,0.));
#14449=CARTESIAN_POINT('',(-0.342380345866255,0.111246117974981,0.));
#14450=CARTESIAN_POINT('',(-0.227677431114749,-0.00172839838826224,0.));
#14451=CARTESIAN_POINT('',(-0.342380345866255,0.111246117974981,0.));
#14452=CARTESIAN_POINT('Origin',(-0.358881714594288,0.108760815231701,0.));
#14453=CARTESIAN_POINT('',(-0.358881714594288,0.108760815231701,0.75));
#14454=CARTESIAN_POINT('',(-0.191429668288773,0.1339810885866,0.75));
#14455=CARTESIAN_POINT('',(-0.358881714594288,0.108760815231701,0.));
#14456=CARTESIAN_POINT('',(-0.191429668288773,0.1339810885866,0.));
#14457=CARTESIAN_POINT('',(-0.358881714594288,0.108760815231701,0.));
#14458=CARTESIAN_POINT('Origin',(-0.337421516217081,0.125485937035854,0.));
#14459=CARTESIAN_POINT('',(-0.348809790643853,0.137683441092207,0.75));
#14460=CARTESIAN_POINT('',(-0.337421516217081,0.125485937035854,0.75));
#14461=CARTESIAN_POINT('',(-0.227550097137419,0.00780725897809605,0.75));
#14462=CARTESIAN_POINT('',(-0.348809790643853,0.137683441092207,0.));
#14463=CARTESIAN_POINT('',(-0.348809790643853,0.137683441092207,0.));
#14464=CARTESIAN_POINT('',(-0.337421516217081,0.125485937035854,0.));
#14465=CARTESIAN_POINT('',(-0.227550097137419,0.00780725897809605,0.));
#14466=CARTESIAN_POINT('',(-0.337421516217081,0.125485937035854,0.));
#14467=CARTESIAN_POINT('Origin',(-0.354012484118227,0.123693819928248,0.));
#14468=CARTESIAN_POINT('',(-0.354012484118227,0.123693819928248,0.75));
#14469=CARTESIAN_POINT('',(-0.185651206273651,0.141879806911126,0.75));
#14470=CARTESIAN_POINT('',(-0.354012484118227,0.123693819928248,0.));
#14471=CARTESIAN_POINT('',(-0.185651206273651,0.141879806911126,0.));
#14472=CARTESIAN_POINT('',(-0.354012484118227,0.123693819928248,0.));
#14473=CARTESIAN_POINT('Origin',(-0.33187073457186,0.139505611122757,0.));
#14474=CARTESIAN_POINT('',(-0.342738241090855,0.152169307332152,0.75));
#14475=CARTESIAN_POINT('',(-0.33187073457186,0.139505611122757,0.75));
#14476=CARTESIAN_POINT('',(-0.227023562967667,0.0173292197592824,0.75));
#14477=CARTESIAN_POINT('',(-0.342738241090855,0.152169307332152,0.));
#14478=CARTESIAN_POINT('',(-0.342738241090855,0.152169307332152,0.));
#14479=CARTESIAN_POINT('',(-0.33187073457186,0.139505611122757,0.));
#14480=CARTESIAN_POINT('',(-0.227023562967667,0.0173292197592824,0.));
#14481=CARTESIAN_POINT('',(-0.33187073457186,0.139505611122757,0.));
#14482=CARTESIAN_POINT('Origin',(-0.348522195450773,0.138409823633198,0.));
#14483=CARTESIAN_POINT('',(-0.348522195450773,0.138409823633198,0.75));
#14484=CARTESIAN_POINT('',(-0.179547048958021,0.149529619843247,0.75));
#14485=CARTESIAN_POINT('',(-0.348522195450773,0.138409823633198,0.));
#14486=CARTESIAN_POINT('',(-0.179547048958021,0.149529619843247,0.));
#14487=CARTESIAN_POINT('',(-0.348522195450773,0.138409823633198,0.));
#14488=CARTESIAN_POINT('Origin',(-0.325737738887767,0.153280544963426,0.));
#14489=CARTESIAN_POINT('',(-0.336065412199746,0.166388216899559,0.75));
#14490=CARTESIAN_POINT('',(-0.325737738887767,0.153280544963426,0.75));
#14491=CARTESIAN_POINT('',(-0.226098752325345,0.0268207792005024,0.75));
#14492=CARTESIAN_POINT('',(-0.336065412199746,0.166388216899559,0.));
#14493=CARTESIAN_POINT('',(-0.336065412199747,0.166388216899559,0.));
#14494=CARTESIAN_POINT('',(-0.325737738887767,0.153280544963426,0.));
#14495=CARTESIAN_POINT('',(-0.226098752325345,0.0268207792005024,0.));
#14496=CARTESIAN_POINT('',(-0.325737738887767,0.153280544963426,0.));
#14497=CARTESIAN_POINT('Origin',(-0.34242048042386,0.152883009475522,0.));
#14498=CARTESIAN_POINT('',(-0.342420480423861,0.152883009475522,0.75));
#14499=CARTESIAN_POINT('',(-0.173127905108022,0.156917107011657,0.75));
#14500=CARTESIAN_POINT('',(-0.34242048042386,0.152883009475522,0.));
#14501=CARTESIAN_POINT('',(-0.173127905108022,0.156917107011657,0.));
#14502=CARTESIAN_POINT('',(-0.34242048042386,0.152883009475522,0.));
#14503=CARTESIAN_POINT('Origin',(-0.319033288523237,0.16678657264315,0.));
#14504=CARTESIAN_POINT('',(-0.328803010379845,0.180315224995427,0.75));
#14505=CARTESIAN_POINT('',(-0.319033288523237,0.16678657264315,0.75));
#14506=CARTESIAN_POINT('',(-0.224777287642572,0.0362652858812428,0.75));
#14507=CARTESIAN_POINT('',(-0.328803010379845,0.180315224995427,0.));
#14508=CARTESIAN_POINT('',(-0.328803010379845,0.180315224995427,0.));
#14509=CARTESIAN_POINT('',(-0.319033288523237,0.16678657264315,0.));
#14510=CARTESIAN_POINT('',(-0.224777287642572,0.0362652858812428,0.));
#14511=CARTESIAN_POINT('',(-0.319033288523237,0.16678657264315,0.));
#14512=CARTESIAN_POINT('Origin',(-0.335718043519023,0.16708798656923,0.));
#14513=CARTESIAN_POINT('',(-0.335718043519023,0.16708798656923,0.75));
#14514=CARTESIAN_POINT('',(-0.166405036083206,0.164029308253578,0.75));
#14515=CARTESIAN_POINT('',(-0.335718043519023,0.16708798656923,0.));
#14516=CARTESIAN_POINT('',(-0.166405036083206,0.164029308253578,0.));
#14517=CARTESIAN_POINT('',(-0.335718043519023,0.16708798656923,0.));
#14518=CARTESIAN_POINT('Origin',(-0.311769145362398,0.18,0.));
#14519=CARTESIAN_POINT('',(-0.320963776351724,0.193925898915128,0.75));
#14520=CARTESIAN_POINT('',(-0.311769145362398,0.18,0.75));
#14521=CARTESIAN_POINT('',(-0.223061487217438,0.0456461709275205,0.75));
#14522=CARTESIAN_POINT('',(-0.320963776351724,0.193925898915128,0.));
#14523=CARTESIAN_POINT('',(-0.320963776351724,0.193925898915128,0.));
#14524=CARTESIAN_POINT('',(-0.311769145362398,0.18,0.));
#14525=CARTESIAN_POINT('',(-0.223061487217438,0.0456461709275205,0.));
#14526=CARTESIAN_POINT('',(-0.311769145362398,0.18,0.));
#14527=CARTESIAN_POINT('Origin',(-0.328426643088096,0.180999834557616,0.));
#14528=CARTESIAN_POINT('',(-0.328426643088096,0.180999834557616,0.75));
#14529=CARTESIAN_POINT('',(-0.159390236080288,0.170853746351288,0.75));
#14530=CARTESIAN_POINT('',(-0.328426643088096,0.180999834557616,0.));
#14531=CARTESIAN_POINT('',(-0.159390236080288,0.170853746351288,0.));
#14532=CARTESIAN_POINT('',(-0.328426643088096,0.180999834557616,0.));
#14533=CARTESIAN_POINT('Origin',(-0.303958053180725,0.192897646192439,0.));
#14534=CARTESIAN_POINT('',(-0.312561462795658,0.207196360911669,0.75));
#14535=CARTESIAN_POINT('',(-0.303958053180725,0.192897646192439,0.75));
#14536=CARTESIAN_POINT('',(-0.220954361146922,0.0549469770793183,0.75));
#14537=CARTESIAN_POINT('',(-0.312561462795658,0.207196360911669,0.));
#14538=CARTESIAN_POINT('',(-0.312561462795658,0.207196360911669,0.));
#14539=CARTESIAN_POINT('',(-0.303958053180725,0.192897646192439,0.));
#14540=CARTESIAN_POINT('',(-0.220954361146922,0.0549469770793183,0.));
#14541=CARTESIAN_POINT('',(-0.303958053180725,0.192897646192439,0.));
#14542=CARTESIAN_POINT('Origin',(-0.320559070725069,0.194594147332031,0.));
#14543=CARTESIAN_POINT('',(-0.320559070725069,0.194594147332031,0.75));
#14544=CARTESIAN_POINT('',(-0.152095811442119,0.177378448921405,0.75));
#14545=CARTESIAN_POINT('',(-0.320559070725069,0.194594147332031,0.));
#14546=CARTESIAN_POINT('',(-0.152095811442119,0.177378448921405,0.));
#14547=CARTESIAN_POINT('',(-0.320559070725069,0.194594147332031,0.));
#14548=CARTESIAN_POINT('Origin',(-0.295613715288133,0.205456884366396,0.));
#14549=CARTESIAN_POINT('',(-0.303610810224749,0.220103330085374,0.75));
#14550=CARTESIAN_POINT('',(-0.295613715288133,0.205456884366396,0.75));
#14551=CARTESIAN_POINT('',(-0.218459606046159,0.0641513875622107,0.75));
#14552=CARTESIAN_POINT('',(-0.303610810224749,0.220103330085374,0.));
#14553=CARTESIAN_POINT('',(-0.303610810224749,0.220103330085374,0.));
#14554=CARTESIAN_POINT('',(-0.295613715288133,0.205456884366396,0.));
#14555=CARTESIAN_POINT('',(-0.218459606046159,0.0641513875622107,0.));
#14556=CARTESIAN_POINT('',(-0.295613715288133,0.205456884366396,0.));
#14557=CARTESIAN_POINT('Origin',(-0.312129128825286,0.20784707584849,0.));
#14558=CARTESIAN_POINT('',(-0.312129128825286,0.20784707584849,0.75));
#14559=CARTESIAN_POINT('',(-0.144534559068177,0.183591969418512,0.75));
#14560=CARTESIAN_POINT('',(-0.312129128825286,0.20784707584849,0.));
#14561=CARTESIAN_POINT('',(-0.144534559068177,0.183591969418512,0.));
#14562=CARTESIAN_POINT('',(-0.312129128825286,0.20784707584849,0.));
#14563=CARTESIAN_POINT('Origin',(-0.286750770488711,0.217655681350455,0.));
#14564=CARTESIAN_POINT('',(-0.29412752112506,0.232624163226496,0.75));
#14565=CARTESIAN_POINT('',(-0.286750770488711,0.217655681350455,0.75));
#14566=CARTESIAN_POINT('',(-0.215581598563317,0.0732432547125309,0.75));
#14567=CARTESIAN_POINT('',(-0.29412752112506,0.232624163226496,0.));
#14568=CARTESIAN_POINT('',(-0.29412752112506,0.232624163226496,0.));
#14569=CARTESIAN_POINT('',(-0.286750770488711,0.217655681350455,0.));
#14570=CARTESIAN_POINT('',(-0.215581598563317,0.0732432547125309,0.));
#14571=CARTESIAN_POINT('',(-0.286750770488711,0.217655681350455,0.));
#14572=CARTESIAN_POINT('Origin',(-0.303151606371353,0.220735369967,0.));
#14573=CARTESIAN_POINT('',(-0.303151606371353,0.220735369967,0.75));
#14574=CARTESIAN_POINT('',(-0.136719743964457,0.189483407216288,0.75));
#14575=CARTESIAN_POINT('',(-0.303151606371353,0.220735369967,0.));
#14576=CARTESIAN_POINT('',(-0.136719743964457,0.189483407216288,0.));
#14577=CARTESIAN_POINT('',(-0.303151606371353,0.220735369967,0.));
#14578=CARTESIAN_POINT('Origin',(-0.277384767399284,0.229472636309528,0.));
#14579=CARTESIAN_POINT('',(-0.284128232408114,0.244736894539096,0.75));
#14580=CARTESIAN_POINT('',(-0.277384767399284,0.229472636309528,0.75));
#14581=CARTESIAN_POINT('',(-0.212325387701476,0.0822066283058602,0.75));
#14582=CARTESIAN_POINT('',(-0.284128232408114,0.244736894539096,0.));
#14583=CARTESIAN_POINT('',(-0.284128232408114,0.244736894539096,0.));
#14584=CARTESIAN_POINT('',(-0.277384767399284,0.229472636309528,0.));
#14585=CARTESIAN_POINT('',(-0.212325387701476,0.0822066283058602,0.));
#14586=CARTESIAN_POINT('',(-0.277384767399284,0.229472636309528,0.));
#14587=CARTESIAN_POINT('Origin',(-0.293642252988236,0.233236419240205,0.));
#14588=CARTESIAN_POINT('',(-0.293642252988236,0.233236419240205,0.75));
#14589=CARTESIAN_POINT('',(-0.128665075972141,0.195042426730912,0.75));
#14590=CARTESIAN_POINT('',(-0.293642252988236,0.233236419240205,0.));
#14591=CARTESIAN_POINT('',(-0.128665075972141,0.195042426730912,0.));
#14592=CARTESIAN_POINT('',(-0.293642252988236,0.233236419240205,0.));
#14593=CARTESIAN_POINT('Origin',(-0.267532137171862,0.240887018289189,0.));
#14594=CARTESIAN_POINT('',(-0.273630486224103,0.256420274176519,0.75));
#14595=CARTESIAN_POINT('',(-0.267532137171862,0.240887018289189,0.75));
#14596=CARTESIAN_POINT('',(-0.208696685960954,0.091025783539141,0.75));
#14597=CARTESIAN_POINT('',(-0.273630486224102,0.256420274176519,0.));
#14598=CARTESIAN_POINT('',(-0.273630486224102,0.256420274176519,0.));
#14599=CARTESIAN_POINT('',(-0.267532137171862,0.240887018289189,0.));
#14600=CARTESIAN_POINT('',(-0.208696685960954,0.091025783539141,0.));
#14601=CARTESIAN_POINT('',(-0.267532137171862,0.240887018289189,0.));
#14602=CARTESIAN_POINT('Origin',(-0.28361775131307,0.245328292579795,0.));
#14603=CARTESIAN_POINT('',(-0.28361775131307,0.245328292579795,0.75));
#14604=CARTESIAN_POINT('',(-0.120384685715884,0.200259275553189,0.75));
#14605=CARTESIAN_POINT('',(-0.28361775131307,0.245328292579795,0.));
#14606=CARTESIAN_POINT('',(-0.120384685715884,0.200259275553189,0.));
#14607=CARTESIAN_POINT('',(-0.28361775131307,0.245328292579795,0.));
#14608=CARTESIAN_POINT('Origin',(-0.257210164667809,0.251878802584812,0.));
#14609=CARTESIAN_POINT('',(-0.26265269918699,0.267653805520842,0.75));
#14610=CARTESIAN_POINT('',(-0.257210164667809,0.251878802584812,0.75));
#14611=CARTESIAN_POINT('',(-0.204701859317647,0.0996852486173251,0.75));
#14612=CARTESIAN_POINT('',(-0.26265269918699,0.267653805520842,0.));
#14613=CARTESIAN_POINT('',(-0.26265269918699,0.267653805520842,0.));
#14614=CARTESIAN_POINT('',(-0.257210164667809,0.251878802584812,0.));
#14615=CARTESIAN_POINT('',(-0.204701859317647,0.0996852486173251,0.));
#14616=CARTESIAN_POINT('',(-0.257210164667809,0.251878802584812,0.));
#14617=CARTESIAN_POINT('Origin',(-0.273095687728142,0.256989776731086,0.));
#14618=CARTESIAN_POINT('',(-0.273095687728142,0.256989776731086,0.75));
#14619=CARTESIAN_POINT('',(-0.11189309981389,0.205124801557586,0.75));
#14620=CARTESIAN_POINT('',(-0.273095687728142,0.256989776731086,0.));
#14621=CARTESIAN_POINT('',(-0.11189309981389,0.205124801557586,0.));
#14622=CARTESIAN_POINT('',(-0.273095687728142,0.256989776731086,0.));
#14623=CARTESIAN_POINT('Origin',(-0.246436958134328,0.262428705871708,0.));
#14624=CARTESIAN_POINT('',(-0.251214130065516,0.278417781140907,0.75));
#14625=CARTESIAN_POINT('',(-0.246436958134328,0.262428705871708,0.75));
#14626=CARTESIAN_POINT('',(-0.200347916054938,0.108169831896159,0.75));
#14627=CARTESIAN_POINT('',(-0.251214130065516,0.278417781140907,0.));
#14628=CARTESIAN_POINT('',(-0.251214130065516,0.278417781140907,0.));
#14629=CARTESIAN_POINT('',(-0.246436958134328,0.262428705871708,0.));
#14630=CARTESIAN_POINT('',(-0.200347916054938,0.108169831896159,0.));
#14631=CARTESIAN_POINT('',(-0.246436958134328,0.262428705871708,0.));
#14632=CARTESIAN_POINT('Origin',(-0.2620945215084,0.268200413488277,0.));
#14633=CARTESIAN_POINT('',(-0.2620945215084,0.268200413488277,0.75));
#14634=CARTESIAN_POINT('',(-0.103205215393291,0.209630468958175,0.75));
#14635=CARTESIAN_POINT('',(-0.2620945215084,0.268200413488277,0.));
#14636=CARTESIAN_POINT('',(-0.103205215393291,0.209630468958175,0.));
#14637=CARTESIAN_POINT('',(-0.2620945215084,0.268200413488277,0.));
#14638=CARTESIAN_POINT('Origin',(-0.235231417436438,0.272518220034632,0.));
#14639=CARTESIAN_POINT('',(-0.239334845996772,0.288693317365854,0.75));
#14640=CARTESIAN_POINT('',(-0.235231417436438,0.272518220034632,0.75));
#14641=CARTESIAN_POINT('',(-0.195642494468789,0.116464648533492,0.75));
#14642=CARTESIAN_POINT('',(-0.239334845996772,0.288693317365854,0.));
#14643=CARTESIAN_POINT('',(-0.239334845996772,0.288693317365854,0.));
#14644=CARTESIAN_POINT('',(-0.235231417436438,0.272518220034632,0.));
#14645=CARTESIAN_POINT('',(-0.195642494468789,0.116464648533492,0.));
#14646=CARTESIAN_POINT('',(-0.235231417436438,0.272518220034632,0.));
#14647=CARTESIAN_POINT('Origin',(-0.250633552437615,0.278940535585098,0.));
#14648=CARTESIAN_POINT('',(-0.250633552437615,0.278940535585098,0.75));
#14649=CARTESIAN_POINT('',(-0.094336273955525,0.2137683732833,0.75));
#14650=CARTESIAN_POINT('',(-0.250633552437615,0.278940535585098,0.));
#14651=CARTESIAN_POINT('',(-0.094336273955525,0.2137683732833,0.));
#14652=CARTESIAN_POINT('',(-0.250633552437615,0.278940535585098,0.));
#14653=CARTESIAN_POINT('Origin',(-0.223613200900192,0.282129644637302,0.));
#14654=CARTESIAN_POINT('',(-0.227035687281623,0.298462387413492,0.75));
#14655=CARTESIAN_POINT('',(-0.223613200900192,0.282129644637302,0.75));
#14656=CARTESIAN_POINT('',(-0.190593849467575,0.124555146602343,0.75));
#14657=CARTESIAN_POINT('',(-0.227035687281623,0.298462387413492,0.));
#14658=CARTESIAN_POINT('',(-0.227035687281623,0.298462387413492,0.));
#14659=CARTESIAN_POINT('',(-0.223613200900192,0.282129644637302,0.));
#14660=CARTESIAN_POINT('',(-0.190593849467575,0.124555146602343,0.));
#14661=CARTESIAN_POINT('',(-0.223613200900192,0.282129644637302,0.));
#14662=CARTESIAN_POINT('Origin',(-0.238732886950002,0.289191301197871,0.));
#14663=CARTESIAN_POINT('',(-0.238732886950002,0.289191301197871,0.75));
#14664=CARTESIAN_POINT('',(-0.0853018346375596,0.217531255242704,0.75));
#14665=CARTESIAN_POINT('',(-0.238732886950002,0.289191301197871,0.));
#14666=CARTESIAN_POINT('',(-0.0853018346375596,0.217531255242704,0.));
#14667=CARTESIAN_POINT('',(-0.238732886950002,0.289191301197871,0.));
#14668=CARTESIAN_POINT('Origin',(-0.21160269082529,0.291246117974981,0.));
#14669=CARTESIAN_POINT('',(-0.214338230823737,0.307707853015406,0.75));
#14670=CARTESIAN_POINT('',(-0.21160269082529,0.291246117974981,0.75));
#14671=CARTESIAN_POINT('',(-0.18521083809017,0.13242713261993,0.75));
#14672=CARTESIAN_POINT('',(-0.214338230823737,0.307707853015406,0.));
#14673=CARTESIAN_POINT('',(-0.214338230823737,0.307707853015406,0.));
#14674=CARTESIAN_POINT('',(-0.21160269082529,0.291246117974981,0.));
#14675=CARTESIAN_POINT('',(-0.18521083809017,0.13242713261993,0.));
#14676=CARTESIAN_POINT('',(-0.21160269082529,0.291246117974981,0.));
#14677=CARTESIAN_POINT('Origin',(-0.226413402856698,0.298934727000479,0.));
#14678=CARTESIAN_POINT('',(-0.226413402856698,0.298934727000479,0.75));
#14679=CARTESIAN_POINT('',(-0.0761177469158817,0.220912513462796,0.75));
#14680=CARTESIAN_POINT('',(-0.226413402856698,0.298934727000479,0.));
#14681=CARTESIAN_POINT('',(-0.0761177469158817,0.220912513462796,0.));
#14682=CARTESIAN_POINT('',(-0.226413402856698,0.298934727000479,0.));
#14683=CARTESIAN_POINT('Origin',(-0.199220957727604,0.299851646655636,0.));
#14684=CARTESIAN_POINT('',(-0.201264752276366,0.3164134944833,0.75));
#14685=CARTESIAN_POINT('',(-0.199220957727604,0.299851646655636,0.75));
#14686=CARTESIAN_POINT('',(-0.179502903967689,0.140066796447861,0.75));
#14687=CARTESIAN_POINT('',(-0.201264752276366,0.3164134944833,0.));
#14688=CARTESIAN_POINT('',(-0.201264752276366,0.3164134944833,0.));
#14689=CARTESIAN_POINT('',(-0.199220957727604,0.299851646655636,0.));
#14690=CARTESIAN_POINT('',(-0.179502903967689,0.140066796447861,0.));
#14691=CARTESIAN_POINT('',(-0.199220957727604,0.299851646655636,0.));
#14692=CARTESIAN_POINT('Origin',(-0.213696712718992,0.308153719713225,0.));
#14693=CARTESIAN_POINT('',(-0.213696712718992,0.308153719713225,0.75));
#14694=CARTESIAN_POINT('',(-0.0668001228011292,0.223906216067697,0.75));
#14695=CARTESIAN_POINT('',(-0.213696712718992,0.308153719713225,0.));
#14696=CARTESIAN_POINT('',(-0.0668001228011292,0.223906216067697,0.));
#14697=CARTESIAN_POINT('',(-0.213696712718992,0.308153719713225,0.));
#14698=CARTESIAN_POINT('Origin',(-0.186489723374327,0.307931133657782,0.));
#14699=CARTESIAN_POINT('',(-0.18783818696328,0.324564039163842,0.75));
#14700=CARTESIAN_POINT('',(-0.186489723374327,0.307931133657782,0.75));
#14701=CARTESIAN_POINT('',(-0.173480060756152,0.147460735519804,0.75));
#14702=CARTESIAN_POINT('',(-0.18783818696328,0.324564039163842,0.));
#14703=CARTESIAN_POINT('',(-0.18783818696328,0.324564039163842,0.));
#14704=CARTESIAN_POINT('',(-0.186489723374327,0.307931133657782,0.));
#14705=CARTESIAN_POINT('',(-0.173480060756152,0.147460735519804,0.));
#14706=CARTESIAN_POINT('',(-0.186489723374327,0.307931133657782,0.));
#14707=CARTESIAN_POINT('Origin',(-0.200605125932546,0.316832106090256,0.));
#14708=CARTESIAN_POINT('',(-0.200605125932546,0.316832106090256,0.75));
#14709=CARTESIAN_POINT('',(-0.0573653085721493,0.226507111085772,0.75));
#14710=CARTESIAN_POINT('',(-0.200605125932546,0.316832106090256,0.));
#14711=CARTESIAN_POINT('',(-0.0573653085721493,0.226507111085772,0.));
#14712=CARTESIAN_POINT('',(-0.200605125932546,0.316832106090256,0.));
#14713=CARTESIAN_POINT('Origin',(-0.173431322676617,0.315470404815791,0.));
#14714=CARTESIAN_POINT('',(-0.174082089642415,0.33214518823209,0.75));
#14715=CARTESIAN_POINT('',(-0.173431322676617,0.315470404815791,0.75));
#14716=CARTESIAN_POINT('',(-0.167152874569128,0.154595978354151,0.75));
#14717=CARTESIAN_POINT('',(-0.174082089642415,0.33214518823209,0.));
#14718=CARTESIAN_POINT('',(-0.174082089642415,0.33214518823209,0.));
#14719=CARTESIAN_POINT('',(-0.173431322676617,0.315470404815791,0.));
#14720=CARTESIAN_POINT('',(-0.167152874569128,0.154595978354151,0.));
#14721=CARTESIAN_POINT('',(-0.173431322676617,0.315470404815791,0.));
#14722=CARTESIAN_POINT('Origin',(-0.187161609589135,0.324954661292932,0.));
#14723=CARTESIAN_POINT('',(-0.187161609589135,0.324954661292932,0.75));
#14724=CARTESIAN_POINT('',(-0.0478298560990709,0.228710635663369,0.75));
#14725=CARTESIAN_POINT('',(-0.187161609589135,0.324954661292932,0.));
#14726=CARTESIAN_POINT('',(-0.0478298560990709,0.228710635663369,0.));
#14727=CARTESIAN_POINT('',(-0.187161609589135,0.324954661292932,0.));
#14728=CARTESIAN_POINT('Origin',(-0.160068664506574,0.322456233686189,0.));
#14729=CARTESIAN_POINT('',(-0.160020593182826,0.339143641776485,0.75));
#14730=CARTESIAN_POINT('',(-0.160068664506574,0.322456233686189,0.75));
#14731=CARTESIAN_POINT('',(-0.160532445441182,0.161460007310398,0.75));
#14732=CARTESIAN_POINT('',(-0.160020593182826,0.339143641776485,0.));
#14733=CARTESIAN_POINT('',(-0.160020593182826,0.339143641776485,0.));
#14734=CARTESIAN_POINT('',(-0.160068664506574,0.322456233686189,0.));
#14735=CARTESIAN_POINT('',(-0.160532445441182,0.161460007310398,0.));
#14736=CARTESIAN_POINT('',(-0.160068664506574,0.322456233686189,0.));
#14737=CARTESIAN_POINT('Origin',(-0.173389748184562,0.332507135599365,0.));
#14738=CARTESIAN_POINT('',(-0.173389748184562,0.332507135599365,0.75));
#14739=CARTESIAN_POINT('',(-0.0382104938057005,0.230512924069616,0.75));
#14740=CARTESIAN_POINT('',(-0.173389748184562,0.332507135599365,0.));
#14741=CARTESIAN_POINT('',(-0.0382104938057005,0.230512924069616,0.));
#14742=CARTESIAN_POINT('',(-0.173389748184562,0.332507135599365,0.));
#14743=CARTESIAN_POINT('Origin',(-0.146425191507288,0.328876364751336,0.));
#14744=CARTESIAN_POINT('',(-0.145678366227431,0.34554712213142,0.75));
#14745=CARTESIAN_POINT('',(-0.146425191507288,0.328876364751336,0.75));
#14746=CARTESIAN_POINT('',(-0.15363038785464,0.168040780549344,0.75));
#14747=CARTESIAN_POINT('',(-0.145678366227431,0.34554712213142,0.));
#14748=CARTESIAN_POINT('',(-0.145678366227431,0.34554712213142,0.));
#14749=CARTESIAN_POINT('',(-0.146425191507288,0.328876364751336,0.));
#14750=CARTESIAN_POINT('',(-0.15363038785464,0.168040780549344,0.));
#14751=CARTESIAN_POINT('',(-0.146425191507288,0.328876364751336,0.));
#14752=CARTESIAN_POINT('Origin',(-0.159313702243441,0.339476279403272,0.));
#14753=CARTESIAN_POINT('',(-0.159313702243441,0.339476279403272,0.75));
#14754=CARTESIAN_POINT('',(-0.0285240973221818,0.231910814478228,0.75));
#14755=CARTESIAN_POINT('',(-0.159313702243441,0.339476279403272,0.));
#14756=CARTESIAN_POINT('',(-0.0285240973221818,0.231910814478228,0.));
#14757=CARTESIAN_POINT('',(-0.159313702243441,0.339476279403272,0.));
#14758=CARTESIAN_POINT('Origin',(-0.132524838966484,0.334719534919771,0.));
#14759=CARTESIAN_POINT('',(-0.131080569915832,0.351344395416436,0.75));
#14760=CARTESIAN_POINT('',(-0.132524838966484,0.334719534919771,0.75));
#14761=CARTESIAN_POINT('',(-0.146458810363844,0.174326753158565,0.75));
#14762=CARTESIAN_POINT('',(-0.131080569915832,0.351344395416436,0.));
#14763=CARTESIAN_POINT('',(-0.131080569915832,0.351344395416436,0.));
#14764=CARTESIAN_POINT('',(-0.132524838966484,0.334719534919771,0.));
#14765=CARTESIAN_POINT('',(-0.146458810363844,0.174326753158565,0.));
#14766=CARTESIAN_POINT('',(-0.132524838966484,0.334719534919771,0.));
#14767=CARTESIAN_POINT('Origin',(-0.144958165933425,0.345849866458291,0.));
#14768=CARTESIAN_POINT('',(-0.144958165933425,0.345849866458291,0.75));
#14769=CARTESIAN_POINT('',(-0.0187876598794067,0.23290185451442,0.75));
#14770=CARTESIAN_POINT('',(-0.144958165933425,0.345849866458291,0.));
#14771=CARTESIAN_POINT('',(-0.0187876598794067,0.23290185451442,0.));
#14772=CARTESIAN_POINT('',(-0.144958165933425,0.345849866458291,0.));
#14773=CARTESIAN_POINT('Origin',(-0.11839199282589,0.339975493285493,0.));
#14774=CARTESIAN_POINT('',(-0.116252813743124,0.356525291244263,0.75));
#14775=CARTESIAN_POINT('',(-0.11839199282589,0.339975493285493,0.75));
#14776=CARTESIAN_POINT('',(-0.139030294352632,0.180306897406118,0.75));
#14777=CARTESIAN_POINT('',(-0.116252813743124,0.356525291244263,0.));
#14778=CARTESIAN_POINT('',(-0.116252813743124,0.356525291244263,0.));
#14779=CARTESIAN_POINT('',(-0.11839199282589,0.339975493285493,0.));
#14780=CARTESIAN_POINT('',(-0.139030294352632,0.180306897406118,0.));
#14781=CARTESIAN_POINT('',(-0.11839199282589,0.339975493285493,0.));
#14782=CARTESIAN_POINT('Origin',(-0.130348323743246,0.351616715326968,0.));
#14783=CARTESIAN_POINT('',(-0.130348323743246,0.351616715326968,0.75));
#14784=CARTESIAN_POINT('',(-0.00901826249711332,0.233484305557212,0.75));
#14785=CARTESIAN_POINT('',(-0.130348323743246,0.351616715326968,0.));
#14786=CARTESIAN_POINT('',(-0.00901826249711332,0.233484305557212,0.));
#14787=CARTESIAN_POINT('',(-0.130348323743246,0.351616715326968,0.));
#14788=CARTESIAN_POINT('Origin',(-0.10405144690001,0.344635019111544,0.));
#14789=CARTESIAN_POINT('',(-0.101221110632139,0.36108072056314,0.75));
#14790=CARTESIAN_POINT('',(-0.10405144690001,0.344635019111544,0.75));
#14791=CARTESIAN_POINT('',(-0.131357871962314,0.185970722086924,0.75));
#14792=CARTESIAN_POINT('',(-0.101221110632139,0.36108072056314,0.));
#14793=CARTESIAN_POINT('',(-0.101221110632139,0.36108072056314,0.));
#14794=CARTESIAN_POINT('',(-0.10405144690001,0.344635019111544,0.));
#14795=CARTESIAN_POINT('',(-0.131357871962314,0.185970722086924,0.));
#14796=CARTESIAN_POINT('',(-0.10405144690001,0.344635019111544,0.));
#14797=CARTESIAN_POINT('Origin',(-0.115509806300564,0.356766708996798,0.));
#14798=CARTESIAN_POINT('',(-0.115509806300564,0.356766708996798,0.75));
#14799=CARTESIAN_POINT('',(0.000766955982026162,0.233657145789556,0.75));
#14800=CARTESIAN_POINT('',(-0.115509806300564,0.356766708996798,0.));
#14801=CARTESIAN_POINT('',(0.000766955982026162,0.233657145789556,0.));
#14802=CARTESIAN_POINT('',(-0.115509806300564,0.356766708996798,0.));
#14803=CARTESIAN_POINT('Origin',(-0.0895283593793477,0.348689938006307,
0.));
#14804=CARTESIAN_POINT('',(-0.0860118312979402,0.365002691602096,0.75));
#14805=CARTESIAN_POINT('',(-0.0895283593793477,0.348689938006307,0.75));
#14806=CARTESIAN_POINT('',(-0.12345500322887,0.191308290927915,0.75));
#14807=CARTESIAN_POINT('',(-0.0860118312979402,0.365002691602096,0.));
#14808=CARTESIAN_POINT('',(-0.0860118312979402,0.365002691602096,0.));
#14809=CARTESIAN_POINT('',(-0.0895283593793477,0.348689938006307,0.));
#14810=CARTESIAN_POINT('',(-0.12345500322887,0.191308290927915,0.));
#14811=CARTESIAN_POINT('',(-0.0895283593793477,0.348689938006307,0.));
#14812=CARTESIAN_POINT('Origin',(-0.100468645407134,0.361290812628906,0.));
#14813=CARTESIAN_POINT('',(-0.100468645407134,0.361290812628906,0.75));
#14814=CARTESIAN_POINT('',(0.0105508289597598,0.233420071990954,0.75));
#14815=CARTESIAN_POINT('',(-0.100468645407134,0.361290812628906,0.));
#14816=CARTESIAN_POINT('',(0.0105508289597598,0.233420071990954,0.));
#14817=CARTESIAN_POINT('',(-0.100468645407134,0.361290812628906,0.));
#14818=CARTESIAN_POINT('Origin',(-0.0748482086943933,0.35213313626417,0.));
#14819=CARTESIAN_POINT('',(-0.0706516579846283,0.368284323891234,0.75));
#14820=CARTESIAN_POINT('',(-0.0748482086943933,0.35213313626417,0.75));
#14821=CARTESIAN_POINT('',(-0.11533555246947,0.196310240019623,0.75));
#14822=CARTESIAN_POINT('',(-0.0706516579846283,0.368284323891234,0.));
#14823=CARTESIAN_POINT('',(-0.0706516579846283,0.368284323891234,0.));
#14824=CARTESIAN_POINT('',(-0.0748482086943933,0.35213313626417,0.));
#14825=CARTESIAN_POINT('',(-0.11533555246947,0.196310240019623,0.));
#14826=CARTESIAN_POINT('',(-0.0748482086943933,0.35213313626417,0.));
#14827=CARTESIAN_POINT('Origin',(-0.0852512283701853,0.36518108940822,0.));
#14828=CARTESIAN_POINT('',(-0.0852512283701853,0.36518108940822,0.75));
#14829=CARTESIAN_POINT('',(0.0203161921983022,0.232773500069406,0.75));
#14830=CARTESIAN_POINT('',(-0.0852512283701852,0.36518108940822,0.));
#14831=CARTESIAN_POINT('',(0.0203161921983022,0.232773500069406,0.));
#14832=CARTESIAN_POINT('',(-0.0852512283701852,0.36518108940822,0.));
#14833=CARTESIAN_POINT('Origin',(-0.0600367488177968,0.354958573345382,
0.));
#14834=CARTESIAN_POINT('',(-0.0551675376556168,0.370919860332412,0.75));
#14835=CARTESIAN_POINT('',(-0.0600367488177968,0.354958573345382,0.75));
#14836=CARTESIAN_POINT('',(-0.107013763959754,0.200967794243669,0.75));
#14837=CARTESIAN_POINT('',(-0.0551675376556168,0.370919860332412,0.));
#14838=CARTESIAN_POINT('',(-0.0551675376556168,0.370919860332412,0.));
#14839=CARTESIAN_POINT('',(-0.0600367488177968,0.354958573345382,0.));
#14840=CARTESIAN_POINT('',(-0.107013763959754,0.200967794243669,0.));
#14841=CARTESIAN_POINT('',(-0.0600367488177968,0.354958573345382,0.));
#14842=CARTESIAN_POINT('Origin',(-0.069884251710113,0.368430714467344,0.));
#14843=CARTESIAN_POINT('',(-0.0698842517101131,0.368430714467344,0.75));
#14844=CARTESIAN_POINT('',(0.0300459139322404,0.23171856433177,0.75));
#14845=CARTESIAN_POINT('',(-0.069884251710113,0.368430714467344,0.));
#14846=CARTESIAN_POINT('',(0.0300459139322404,0.23171856433177,0.));
#14847=CARTESIAN_POINT('',(-0.069884251710113,0.368430714467344,0.));
#14848=CARTESIAN_POINT('Origin',(-0.0451199640831495,0.357161292473212,
0.));
#14849=CARTESIAN_POINT('',(-0.039586634719502,0.372904677299152,0.75));
#14850=CARTESIAN_POINT('',(-0.0451199640831495,0.357161292473212,0.75));
#14851=CARTESIAN_POINT('',(-0.0985042369445318,0.205272782667297,0.75));
#14852=CARTESIAN_POINT('',(-0.039586634719502,0.372904677299152,0.));
#14853=CARTESIAN_POINT('',(-0.039586634719502,0.372904677299152,0.));
#14854=CARTESIAN_POINT('',(-0.0451199640831495,0.357161292473212,0.));
#14855=CARTESIAN_POINT('',(-0.0985042369445318,0.205272782667297,0.));
#14856=CARTESIAN_POINT('',(-0.0451199640831495,0.357161292473212,0.));
#14857=CARTESIAN_POINT('Origin',(-0.054394674325713,0.371033986859694,0.));
#14858=CARTESIAN_POINT('',(-0.054394674325713,0.371033986859694,0.75));
#14859=CARTESIAN_POINT('',(0.0397229249234712,0.230257115493798,0.75));
#14860=CARTESIAN_POINT('',(-0.054394674325713,0.371033986859694,0.));
#14861=CARTESIAN_POINT('',(0.0397229249234712,0.230257115493798,0.));
#14862=CARTESIAN_POINT('',(-0.054394674325713,0.371033986859694,0.));
#14863=CARTESIAN_POINT('Origin',(-0.0301240235996335,0.358737429329822,
0.));
#14864=CARTESIAN_POINT('',(-0.0239362833744603,0.374235292748049,0.75));
#14865=CARTESIAN_POINT('',(-0.0301240235996335,0.358737429329822,0.75));
#14866=CARTESIAN_POINT('',(-0.0898219000257442,0.209217652877966,0.75));
#14867=CARTESIAN_POINT('',(-0.0239362833744603,0.374235292748049,0.));
#14868=CARTESIAN_POINT('',(-0.0239362833744603,0.374235292748049,0.));
#14869=CARTESIAN_POINT('',(-0.0301240235996335,0.358737429329822,0.));
#14870=CARTESIAN_POINT('',(-0.0898219000257442,0.209217652877966,0.));
#14871=CARTESIAN_POINT('',(-0.0301240235996335,0.358737429329822,0.));
#14872=CARTESIAN_POINT('Origin',(-0.0388096701991111,0.372986339560896,
0.));
#14873=CARTESIAN_POINT('',(-0.0388096701991112,0.372986339560896,0.75));
#14874=CARTESIAN_POINT('',(0.0493302484064456,0.228391717433357,0.75));
#14875=CARTESIAN_POINT('',(-0.0388096701991111,0.372986339560896,0.));
#14876=CARTESIAN_POINT('',(0.0493302484064456,0.228391717433357,0.));
#14877=CARTESIAN_POINT('',(-0.0388096701991112,0.372986339560896,0.));
#14878=CARTESIAN_POINT('Origin',(-0.0150752353425118,0.359684218835589,
0.));
#14879=CARTESIAN_POINT('',(-0.00824393965477612,0.374909372327458,0.75));
#14880=CARTESIAN_POINT('',(-0.0150752353425118,0.359684218835589,0.75));
#14881=CARTESIAN_POINT('',(-0.0809819849726246,0.212795484232851,0.75));
#14882=CARTESIAN_POINT('',(-0.00824393965477613,0.374909372327458,0.));
#14883=CARTESIAN_POINT('',(-0.00824393965477614,0.374909372327458,0.));
#14884=CARTESIAN_POINT('',(-0.0150752353425118,0.359684218835589,0.));
#14885=CARTESIAN_POINT('',(-0.0809819849726246,0.212795484232851,0.));
#14886=CARTESIAN_POINT('',(-0.0150752353425118,0.359684218835589,0.));
#14887=CARTESIAN_POINT('Origin',(-0.0231565807233655,0.374284347480899,
0.));
#14888=CARTESIAN_POINT('',(-0.0231565807233655,0.374284347480899,0.75));
#14889=CARTESIAN_POINT('',(0.0588510298711841,0.226125642692511,0.75));
#14890=CARTESIAN_POINT('',(-0.0231565807233655,0.374284347480899,0.));
#14891=CARTESIAN_POINT('',(0.0588510298711841,0.226125642692511,0.));
#14892=CARTESIAN_POINT('',(-0.0231565807233655,0.374284347480899,0.));
#14893=CARTESIAN_POINT('Origin',(0.,0.,0.));
#14894=CARTESIAN_POINT('Origin',(0.,0.,0.));
#14895=CARTESIAN_POINT('Origin',(0.,0.,0.));
#14896=CARTESIAN_POINT('Origin',(0.,0.,0.));
#14897=CARTESIAN_POINT('Origin',(0.,0.,0.));
#14898=CARTESIAN_POINT('Origin',(0.,0.,0.));
#14899=CARTESIAN_POINT('Origin',(0.,0.,0.));
#14900=CARTESIAN_POINT('Origin',(0.,0.,0.));
#14901=CARTESIAN_POINT('Origin',(0.,0.,0.));
#14902=CARTESIAN_POINT('Origin',(0.,0.,0.));
#14903=CARTESIAN_POINT('Origin',(0.,0.,0.));
#14904=CARTESIAN_POINT('Origin',(0.,0.,0.));
#14905=CARTESIAN_POINT('Origin',(0.,0.,0.));
#14906=CARTESIAN_POINT('Origin',(0.,0.,0.));
#14907=CARTESIAN_POINT('Origin',(0.,0.,0.));
#14908=CARTESIAN_POINT('Origin',(0.,0.,0.));
#14909=CARTESIAN_POINT('Origin',(0.,0.,0.));
#14910=CARTESIAN_POINT('Origin',(0.,0.,0.));
#14911=CARTESIAN_POINT('Origin',(0.,0.,0.));
#14912=CARTESIAN_POINT('Origin',(0.,0.,0.));
#14913=CARTESIAN_POINT('Origin',(0.,0.,0.));
#14914=CARTESIAN_POINT('Origin',(0.,0.,0.));
#14915=CARTESIAN_POINT('Origin',(0.,0.,0.));
#14916=CARTESIAN_POINT('Origin',(0.,0.,0.));
#14917=CARTESIAN_POINT('Origin',(0.,0.,0.));
#14918=CARTESIAN_POINT('Origin',(0.,0.,0.));
#14919=CARTESIAN_POINT('Origin',(0.,0.,0.));
#14920=CARTESIAN_POINT('Origin',(0.,0.,0.));
#14921=CARTESIAN_POINT('Origin',(0.,0.,0.));
#14922=CARTESIAN_POINT('Origin',(0.,0.,0.));
#14923=CARTESIAN_POINT('Origin',(0.,0.,0.));
#14924=CARTESIAN_POINT('Origin',(0.,0.,0.));
#14925=CARTESIAN_POINT('Origin',(0.,0.,0.));
#14926=CARTESIAN_POINT('Origin',(0.,0.,0.));
#14927=CARTESIAN_POINT('Origin',(0.,0.,0.));
#14928=CARTESIAN_POINT('Origin',(0.,0.,0.));
#14929=CARTESIAN_POINT('Origin',(0.,0.,0.));
#14930=CARTESIAN_POINT('Origin',(0.,0.,0.));
#14931=CARTESIAN_POINT('Origin',(0.,0.,0.));
#14932=CARTESIAN_POINT('Origin',(0.,0.,0.));
#14933=CARTESIAN_POINT('Origin',(0.,0.,0.));
#14934=CARTESIAN_POINT('Origin',(0.,0.,0.));
#14935=CARTESIAN_POINT('Origin',(0.,0.,0.));
#14936=CARTESIAN_POINT('Origin',(0.,0.,0.));
#14937=CARTESIAN_POINT('Origin',(0.,0.,0.));
#14938=CARTESIAN_POINT('Origin',(0.,0.,0.));
#14939=CARTESIAN_POINT('Origin',(0.,0.,0.));
#14940=CARTESIAN_POINT('Origin',(0.,0.,0.));
#14941=CARTESIAN_POINT('Origin',(0.,0.,0.));
#14942=CARTESIAN_POINT('Origin',(0.,0.,0.));
#14943=CARTESIAN_POINT('Origin',(0.,0.,0.));
#14944=CARTESIAN_POINT('Origin',(0.,0.,0.));
#14945=CARTESIAN_POINT('Origin',(0.,0.,0.));
#14946=CARTESIAN_POINT('Origin',(0.,0.,0.));
#14947=CARTESIAN_POINT('Origin',(0.,0.,0.));
#14948=CARTESIAN_POINT('Origin',(0.,0.,0.));
#14949=CARTESIAN_POINT('Origin',(0.,0.,0.));
#14950=CARTESIAN_POINT('Origin',(0.,0.,0.));
#14951=CARTESIAN_POINT('Origin',(0.,0.,0.));
#14952=CARTESIAN_POINT('Origin',(0.,0.,0.));
#14953=CARTESIAN_POINT('Origin',(0.,0.,0.));
#14954=CARTESIAN_POINT('Origin',(0.,0.,0.));
#14955=CARTESIAN_POINT('Origin',(0.,0.,0.));
#14956=CARTESIAN_POINT('Origin',(0.,0.,0.));
#14957=CARTESIAN_POINT('Origin',(0.,0.,0.));
#14958=CARTESIAN_POINT('Origin',(0.,0.,0.));
#14959=CARTESIAN_POINT('Origin',(0.,0.,0.));
#14960=CARTESIAN_POINT('Origin',(0.,0.,0.));
#14961=CARTESIAN_POINT('Origin',(0.,0.,0.));
#14962=CARTESIAN_POINT('Origin',(0.,0.,0.));
#14963=CARTESIAN_POINT('Origin',(0.,0.,0.));
#14964=CARTESIAN_POINT('Origin',(0.,0.,0.));
#14965=CARTESIAN_POINT('Origin',(0.,0.,0.));
#14966=CARTESIAN_POINT('Origin',(0.,0.,0.));
#14967=CARTESIAN_POINT('Origin',(0.,0.,0.));
#14968=CARTESIAN_POINT('Origin',(0.,0.,0.));
#14969=CARTESIAN_POINT('Origin',(0.,0.,0.));
#14970=CARTESIAN_POINT('Origin',(0.,0.,0.));
#14971=CARTESIAN_POINT('Origin',(0.,0.,0.));
#14972=CARTESIAN_POINT('Origin',(0.,0.,0.));
#14973=CARTESIAN_POINT('Origin',(0.,0.,0.));
#14974=CARTESIAN_POINT('Origin',(0.,0.,0.));
#14975=CARTESIAN_POINT('Origin',(0.,0.,0.));
#14976=CARTESIAN_POINT('Origin',(0.,0.,0.));
#14977=CARTESIAN_POINT('Origin',(0.,0.,0.));
#14978=CARTESIAN_POINT('Origin',(0.,0.,0.));
#14979=CARTESIAN_POINT('Origin',(0.,0.,0.));
#14980=CARTESIAN_POINT('Origin',(0.,0.,0.));
#14981=CARTESIAN_POINT('Origin',(0.,0.,0.));
#14982=CARTESIAN_POINT('Origin',(0.,0.,0.));
#14983=CARTESIAN_POINT('Origin',(0.,0.,0.));
#14984=CARTESIAN_POINT('Origin',(0.,0.,0.));
#14985=CARTESIAN_POINT('Origin',(0.,0.,0.));
#14986=CARTESIAN_POINT('Origin',(0.,0.,0.));
#14987=CARTESIAN_POINT('Origin',(0.,0.,0.));
#14988=CARTESIAN_POINT('Origin',(0.,0.,0.));
#14989=CARTESIAN_POINT('Origin',(0.,0.,0.));
#14990=CARTESIAN_POINT('Origin',(0.,0.,0.));
#14991=CARTESIAN_POINT('Origin',(0.,0.,0.));
#14992=CARTESIAN_POINT('Origin',(0.,0.,0.));
#14993=CARTESIAN_POINT('Origin',(0.,0.,0.));
#14994=CARTESIAN_POINT('Origin',(0.,0.,0.));
#14995=CARTESIAN_POINT('Origin',(0.,0.,0.));
#14996=CARTESIAN_POINT('Origin',(0.,0.,0.));
#14997=CARTESIAN_POINT('Origin',(0.,0.,0.));
#14998=CARTESIAN_POINT('Origin',(0.,0.,0.));
#14999=CARTESIAN_POINT('Origin',(0.,0.,0.));
#15000=CARTESIAN_POINT('Origin',(0.,0.,0.));
#15001=CARTESIAN_POINT('Origin',(0.,0.,0.));
#15002=CARTESIAN_POINT('Origin',(0.,0.,0.));
#15003=CARTESIAN_POINT('Origin',(0.,0.,0.));
#15004=CARTESIAN_POINT('Origin',(0.,0.,0.));
#15005=CARTESIAN_POINT('Origin',(0.,0.,0.));
#15006=CARTESIAN_POINT('Origin',(0.,0.,0.));
#15007=CARTESIAN_POINT('Origin',(0.,0.,0.));
#15008=CARTESIAN_POINT('Origin',(0.,0.,0.));
#15009=CARTESIAN_POINT('Origin',(0.,0.,0.));
#15010=CARTESIAN_POINT('Origin',(0.,0.,0.));
#15011=CARTESIAN_POINT('Origin',(0.,0.,0.));
#15012=CARTESIAN_POINT('Origin',(0.,0.,0.));
#15013=CARTESIAN_POINT('Origin',(0.,0.,0.));
#15014=CARTESIAN_POINT('Origin',(0.,0.,0.));
#15015=CARTESIAN_POINT('Origin',(0.,0.,0.));
#15016=CARTESIAN_POINT('Origin',(0.,0.,0.));
#15017=CARTESIAN_POINT('Origin',(0.,0.,0.));
#15018=CARTESIAN_POINT('Origin',(0.,0.,0.));
#15019=CARTESIAN_POINT('Origin',(0.,0.,0.));
#15020=CARTESIAN_POINT('Origin',(0.,0.,0.));
#15021=CARTESIAN_POINT('Origin',(0.,0.,0.));
#15022=CARTESIAN_POINT('Origin',(0.,0.,0.));
#15023=CARTESIAN_POINT('Origin',(0.,0.,0.));
#15024=CARTESIAN_POINT('Origin',(0.,0.,0.));
#15025=CARTESIAN_POINT('Origin',(0.,0.,0.));
#15026=CARTESIAN_POINT('Origin',(0.,0.,0.));
#15027=CARTESIAN_POINT('Origin',(0.,0.,0.));
#15028=CARTESIAN_POINT('Origin',(0.,0.,0.));
#15029=CARTESIAN_POINT('Origin',(0.,0.,0.));
#15030=CARTESIAN_POINT('Origin',(0.,0.,0.));
#15031=CARTESIAN_POINT('Origin',(0.,0.,0.));
#15032=CARTESIAN_POINT('Origin',(0.,0.,0.));
#15033=CARTESIAN_POINT('Origin',(0.,0.,0.));
#15034=CARTESIAN_POINT('Origin',(0.,0.,0.));
#15035=CARTESIAN_POINT('Origin',(0.,0.,0.));
#15036=CARTESIAN_POINT('Origin',(0.,0.,0.));
#15037=CARTESIAN_POINT('Origin',(0.,0.,0.));
#15038=CARTESIAN_POINT('Origin',(0.,0.,0.));
#15039=CARTESIAN_POINT('Origin',(0.,0.,0.));
#15040=CARTESIAN_POINT('Origin',(0.,0.,0.));
#15041=CARTESIAN_POINT('Origin',(0.,0.,0.));
#15042=CARTESIAN_POINT('',(-0.00746286673637202,0.374925733472744,0.));
#15043=CARTESIAN_POINT('Origin',(0.,0.,0.));
#15044=CARTESIAN_POINT('',(4.40872847693047E-17,0.36,0.));
#15045=CARTESIAN_POINT('',(0.0682685666318142,0.223462866736372,0.));
#15046=CARTESIAN_POINT('',(0.00746286673637206,0.374925733472744,0.));
#15047=CARTESIAN_POINT('',(-0.0719999999999997,0.216,0.));
#15048=CARTESIAN_POINT('Origin',(0.,0.,0.));
#15049=CARTESIAN_POINT('Origin',(0.,0.,0.));
#15050=CARTESIAN_POINT('',(-0.00746286673637205,0.374925733472744,0.75));
#15051=CARTESIAN_POINT('Origin',(0.,0.,0.75));
#15052=CARTESIAN_POINT('',(-0.00746286673637205,0.374925733472744,0.));
#15053=CARTESIAN_POINT('Origin',(0.,0.,0.));
#15054=CARTESIAN_POINT('Origin',(0.,0.,0.75));
#15055=CARTESIAN_POINT('Origin',(0.,0.,0.));
#15056=CARTESIAN_POINT('Origin',(0.,0.,0.75));
#15057=CARTESIAN_POINT('Origin',(0.,0.,0.));
#15058=CARTESIAN_POINT('Origin',(0.,0.,0.75));
#15059=CARTESIAN_POINT('Origin',(0.,0.,0.));
#15060=CARTESIAN_POINT('Origin',(0.,0.,0.75));
#15061=CARTESIAN_POINT('Origin',(0.,0.,0.));
#15062=CARTESIAN_POINT('Origin',(0.,0.,0.75));
#15063=CARTESIAN_POINT('Origin',(0.,0.,0.));
#15064=CARTESIAN_POINT('Origin',(0.,0.,0.75));
#15065=CARTESIAN_POINT('Origin',(0.,0.,0.));
#15066=CARTESIAN_POINT('Origin',(0.,0.,0.75));
#15067=CARTESIAN_POINT('Origin',(0.,0.,0.));
#15068=CARTESIAN_POINT('Origin',(0.,0.,0.75));
#15069=CARTESIAN_POINT('Origin',(0.,0.,0.));
#15070=CARTESIAN_POINT('Origin',(0.,0.,0.75));
#15071=CARTESIAN_POINT('Origin',(0.,0.,0.));
#15072=CARTESIAN_POINT('Origin',(0.,0.,0.75));
#15073=CARTESIAN_POINT('Origin',(0.,0.,0.));
#15074=CARTESIAN_POINT('Origin',(0.,0.,0.75));
#15075=CARTESIAN_POINT('Origin',(0.,0.,0.));
#15076=CARTESIAN_POINT('Origin',(0.,0.,0.75));
#15077=CARTESIAN_POINT('Origin',(0.,0.,0.));
#15078=CARTESIAN_POINT('Origin',(0.,0.,0.75));
#15079=CARTESIAN_POINT('Origin',(0.,0.,0.));
#15080=CARTESIAN_POINT('Origin',(0.,0.,0.75));
#15081=CARTESIAN_POINT('Origin',(0.,0.,0.));
#15082=CARTESIAN_POINT('Origin',(0.,0.,0.75));
#15083=CARTESIAN_POINT('Origin',(0.,0.,0.));
#15084=CARTESIAN_POINT('Origin',(0.,0.,0.75));
#15085=CARTESIAN_POINT('Origin',(0.,0.,0.));
#15086=CARTESIAN_POINT('Origin',(0.,0.,0.75));
#15087=CARTESIAN_POINT('Origin',(0.,0.,0.));
#15088=CARTESIAN_POINT('Origin',(0.,0.,0.75));
#15089=CARTESIAN_POINT('Origin',(0.,0.,0.));
#15090=CARTESIAN_POINT('Origin',(0.,0.,0.75));
#15091=CARTESIAN_POINT('Origin',(0.,0.,0.));
#15092=CARTESIAN_POINT('Origin',(0.,0.,0.75));
#15093=CARTESIAN_POINT('Origin',(0.,0.,0.));
#15094=CARTESIAN_POINT('Origin',(0.,0.,0.75));
#15095=CARTESIAN_POINT('Origin',(0.,0.,0.));
#15096=CARTESIAN_POINT('Origin',(0.,0.,0.75));
#15097=CARTESIAN_POINT('Origin',(0.,0.,0.));
#15098=CARTESIAN_POINT('Origin',(0.,0.,0.75));
#15099=CARTESIAN_POINT('Origin',(0.,0.,0.));
#15100=CARTESIAN_POINT('Origin',(0.,0.,0.75));
#15101=CARTESIAN_POINT('Origin',(0.,0.,0.));
#15102=CARTESIAN_POINT('Origin',(0.,0.,0.75));
#15103=CARTESIAN_POINT('Origin',(0.,0.,0.));
#15104=CARTESIAN_POINT('Origin',(0.,0.,0.75));
#15105=CARTESIAN_POINT('Origin',(0.,0.,0.));
#15106=CARTESIAN_POINT('Origin',(0.,0.,0.75));
#15107=CARTESIAN_POINT('Origin',(0.,0.,0.));
#15108=CARTESIAN_POINT('Origin',(0.,0.,0.75));
#15109=CARTESIAN_POINT('Origin',(0.,0.,0.));
#15110=CARTESIAN_POINT('Origin',(0.,0.,0.75));
#15111=CARTESIAN_POINT('Origin',(0.,0.,0.));
#15112=CARTESIAN_POINT('Origin',(0.,0.,0.75));
#15113=CARTESIAN_POINT('Origin',(0.,0.,0.));
#15114=CARTESIAN_POINT('Origin',(0.,0.,0.75));
#15115=CARTESIAN_POINT('Origin',(0.,0.,0.));
#15116=CARTESIAN_POINT('Origin',(0.,0.,0.75));
#15117=CARTESIAN_POINT('Origin',(0.,0.,0.));
#15118=CARTESIAN_POINT('Origin',(0.,0.,0.75));
#15119=CARTESIAN_POINT('Origin',(0.,0.,0.));
#15120=CARTESIAN_POINT('Origin',(0.,0.,0.75));
#15121=CARTESIAN_POINT('Origin',(0.,0.,0.));
#15122=CARTESIAN_POINT('Origin',(0.,0.,0.75));
#15123=CARTESIAN_POINT('Origin',(0.,0.,0.));
#15124=CARTESIAN_POINT('Origin',(0.,0.,0.75));
#15125=CARTESIAN_POINT('Origin',(0.,0.,0.));
#15126=CARTESIAN_POINT('Origin',(0.,0.,0.75));
#15127=CARTESIAN_POINT('Origin',(0.,0.,0.));
#15128=CARTESIAN_POINT('Origin',(0.,0.,0.75));
#15129=CARTESIAN_POINT('Origin',(0.,0.,0.));
#15130=CARTESIAN_POINT('Origin',(0.,0.,0.75));
#15131=CARTESIAN_POINT('Origin',(0.,0.,0.));
#15132=CARTESIAN_POINT('Origin',(0.,0.,0.75));
#15133=CARTESIAN_POINT('Origin',(0.,0.,0.));
#15134=CARTESIAN_POINT('Origin',(0.,0.,0.75));
#15135=CARTESIAN_POINT('Origin',(0.,0.,0.));
#15136=CARTESIAN_POINT('Origin',(0.,0.,0.75));
#15137=CARTESIAN_POINT('Origin',(0.,0.,0.));
#15138=CARTESIAN_POINT('Origin',(0.,0.,0.75));
#15139=CARTESIAN_POINT('Origin',(0.,0.,0.));
#15140=CARTESIAN_POINT('Origin',(0.,0.,0.75));
#15141=CARTESIAN_POINT('Origin',(0.,0.,0.));
#15142=CARTESIAN_POINT('Origin',(0.,0.,0.75));
#15143=CARTESIAN_POINT('Origin',(0.,0.,0.));
#15144=CARTESIAN_POINT('Origin',(0.,0.,0.75));
#15145=CARTESIAN_POINT('Origin',(0.,0.,0.));
#15146=CARTESIAN_POINT('Origin',(0.,0.,0.75));
#15147=CARTESIAN_POINT('Origin',(0.,0.,0.));
#15148=CARTESIAN_POINT('Origin',(0.,0.,0.75));
#15149=CARTESIAN_POINT('Origin',(0.,0.,0.));
#15150=CARTESIAN_POINT('Origin',(0.,0.,0.75));
#15151=CARTESIAN_POINT('Origin',(0.,0.,0.));
#15152=CARTESIAN_POINT('Origin',(0.,0.,0.75));
#15153=CARTESIAN_POINT('Origin',(0.,0.,0.));
#15154=CARTESIAN_POINT('Origin',(0.,0.,0.75));
#15155=CARTESIAN_POINT('Origin',(0.,0.,0.));
#15156=CARTESIAN_POINT('Origin',(0.,0.,0.75));
#15157=CARTESIAN_POINT('Origin',(0.,0.,0.));
#15158=CARTESIAN_POINT('Origin',(0.,0.,0.75));
#15159=CARTESIAN_POINT('Origin',(0.,0.,0.));
#15160=CARTESIAN_POINT('Origin',(0.,0.,0.75));
#15161=CARTESIAN_POINT('Origin',(0.,0.,0.));
#15162=CARTESIAN_POINT('Origin',(0.,0.,0.75));
#15163=CARTESIAN_POINT('Origin',(0.,0.,0.));
#15164=CARTESIAN_POINT('Origin',(0.,0.,0.75));
#15165=CARTESIAN_POINT('Origin',(0.,0.,0.));
#15166=CARTESIAN_POINT('Origin',(0.,0.,0.75));
#15167=CARTESIAN_POINT('Origin',(0.,0.,0.));
#15168=CARTESIAN_POINT('Origin',(0.,0.,0.75));
#15169=CARTESIAN_POINT('Origin',(0.,0.,0.));
#15170=CARTESIAN_POINT('Origin',(0.,0.,0.75));
#15171=CARTESIAN_POINT('Origin',(0.,0.,0.));
#15172=CARTESIAN_POINT('Origin',(0.,0.,0.75));
#15173=CARTESIAN_POINT('Origin',(0.,0.,0.));
#15174=CARTESIAN_POINT('Origin',(0.,0.,0.75));
#15175=CARTESIAN_POINT('Origin',(0.,0.,0.));
#15176=CARTESIAN_POINT('Origin',(0.,0.,0.75));
#15177=CARTESIAN_POINT('Origin',(0.,0.,0.));
#15178=CARTESIAN_POINT('Origin',(0.,0.,0.75));
#15179=CARTESIAN_POINT('Origin',(0.,0.,0.));
#15180=CARTESIAN_POINT('Origin',(0.,0.,0.75));
#15181=CARTESIAN_POINT('Origin',(0.,0.,0.));
#15182=CARTESIAN_POINT('Origin',(0.,0.,0.75));
#15183=CARTESIAN_POINT('Origin',(0.,0.,0.));
#15184=CARTESIAN_POINT('Origin',(0.,0.,0.75));
#15185=CARTESIAN_POINT('Origin',(0.,0.,0.));
#15186=CARTESIAN_POINT('Origin',(0.,0.,0.75));
#15187=CARTESIAN_POINT('Origin',(0.,0.,0.));
#15188=CARTESIAN_POINT('Origin',(0.,0.,0.75));
#15189=CARTESIAN_POINT('Origin',(0.,0.,0.));
#15190=CARTESIAN_POINT('Origin',(0.,0.,0.75));
#15191=CARTESIAN_POINT('Origin',(0.,0.,0.));
#15192=CARTESIAN_POINT('Origin',(0.,0.,0.75));
#15193=CARTESIAN_POINT('Origin',(0.,0.,0.));
#15194=CARTESIAN_POINT('Origin',(0.,0.,0.75));
#15195=CARTESIAN_POINT('Origin',(0.,0.,0.));
#15196=CARTESIAN_POINT('Origin',(0.,0.,0.75));
#15197=CARTESIAN_POINT('Origin',(0.,0.,0.));
#15198=CARTESIAN_POINT('Origin',(0.,0.,0.75));
#15199=CARTESIAN_POINT('Origin',(0.,0.,0.));
#15200=CARTESIAN_POINT('Origin',(0.,0.,0.75));
#15201=CARTESIAN_POINT('Origin',(0.,0.,0.));
#15202=CARTESIAN_POINT('Origin',(0.,0.,0.75));
#15203=CARTESIAN_POINT('Origin',(0.,0.,0.));
#15204=CARTESIAN_POINT('Origin',(0.,0.,0.75));
#15205=CARTESIAN_POINT('Origin',(0.,0.,0.));
#15206=CARTESIAN_POINT('Origin',(0.,0.,0.75));
#15207=CARTESIAN_POINT('Origin',(0.,0.,0.));
#15208=CARTESIAN_POINT('Origin',(0.,0.,0.75));
#15209=CARTESIAN_POINT('Origin',(0.,0.,0.));
#15210=CARTESIAN_POINT('Origin',(0.,0.,0.75));
#15211=CARTESIAN_POINT('Origin',(0.,0.,0.));
#15212=CARTESIAN_POINT('Origin',(0.,0.,0.75));
#15213=CARTESIAN_POINT('Origin',(0.,0.,0.));
#15214=CARTESIAN_POINT('Origin',(0.,0.,0.75));
#15215=CARTESIAN_POINT('Origin',(0.,0.,0.));
#15216=CARTESIAN_POINT('Origin',(0.,0.,0.75));
#15217=CARTESIAN_POINT('Origin',(0.,0.,0.));
#15218=CARTESIAN_POINT('Origin',(0.,0.,0.75));
#15219=CARTESIAN_POINT('Origin',(0.,0.,0.));
#15220=CARTESIAN_POINT('Origin',(0.,0.,0.75));
#15221=CARTESIAN_POINT('Origin',(0.,0.,0.));
#15222=CARTESIAN_POINT('Origin',(0.,0.,0.75));
#15223=CARTESIAN_POINT('Origin',(0.,0.,0.));
#15224=CARTESIAN_POINT('Origin',(0.,0.,0.75));
#15225=CARTESIAN_POINT('Origin',(0.,0.,0.));
#15226=CARTESIAN_POINT('Origin',(0.,0.,0.75));
#15227=CARTESIAN_POINT('Origin',(0.,0.,0.));
#15228=CARTESIAN_POINT('Origin',(0.,0.,0.75));
#15229=CARTESIAN_POINT('Origin',(0.,0.,0.));
#15230=CARTESIAN_POINT('Origin',(0.,0.,0.75));
#15231=CARTESIAN_POINT('Origin',(0.,0.,0.));
#15232=CARTESIAN_POINT('Origin',(0.,0.,0.75));
#15233=CARTESIAN_POINT('Origin',(0.,0.,0.));
#15234=CARTESIAN_POINT('Origin',(0.,0.,0.75));
#15235=CARTESIAN_POINT('Origin',(0.,0.,0.));
#15236=CARTESIAN_POINT('Origin',(0.,0.,0.75));
#15237=CARTESIAN_POINT('Origin',(0.,0.,0.));
#15238=CARTESIAN_POINT('Origin',(0.,0.,0.75));
#15239=CARTESIAN_POINT('Origin',(0.,0.,0.));
#15240=CARTESIAN_POINT('Origin',(0.,0.,0.75));
#15241=CARTESIAN_POINT('Origin',(0.,0.,0.));
#15242=CARTESIAN_POINT('Origin',(0.,0.,0.75));
#15243=CARTESIAN_POINT('Origin',(0.,0.,0.));
#15244=CARTESIAN_POINT('Origin',(0.,0.,0.75));
#15245=CARTESIAN_POINT('Origin',(0.,0.,0.));
#15246=CARTESIAN_POINT('Origin',(0.,0.,0.75));
#15247=CARTESIAN_POINT('Origin',(0.,0.,0.));
#15248=CARTESIAN_POINT('Origin',(0.,0.,0.75));
#15249=CARTESIAN_POINT('Origin',(0.,0.,0.));
#15250=CARTESIAN_POINT('Origin',(0.,0.,0.75));
#15251=CARTESIAN_POINT('Origin',(0.,0.,0.));
#15252=CARTESIAN_POINT('Origin',(0.,0.,0.75));
#15253=CARTESIAN_POINT('Origin',(0.,0.,0.));
#15254=CARTESIAN_POINT('Origin',(0.,0.,0.75));
#15255=CARTESIAN_POINT('Origin',(0.,0.,0.));
#15256=CARTESIAN_POINT('Origin',(0.,0.,0.75));
#15257=CARTESIAN_POINT('Origin',(0.,0.,0.));
#15258=CARTESIAN_POINT('Origin',(0.,0.,0.75));
#15259=CARTESIAN_POINT('Origin',(0.,0.,0.));
#15260=CARTESIAN_POINT('Origin',(0.,0.,0.75));
#15261=CARTESIAN_POINT('Origin',(0.,0.,0.));
#15262=CARTESIAN_POINT('Origin',(0.,0.,0.75));
#15263=CARTESIAN_POINT('Origin',(0.,0.,0.));
#15264=CARTESIAN_POINT('Origin',(0.,0.,0.75));
#15265=CARTESIAN_POINT('Origin',(0.,0.,0.));
#15266=CARTESIAN_POINT('Origin',(0.,0.,0.75));
#15267=CARTESIAN_POINT('Origin',(0.,0.,0.));
#15268=CARTESIAN_POINT('Origin',(0.,0.,0.75));
#15269=CARTESIAN_POINT('Origin',(0.,0.,0.));
#15270=CARTESIAN_POINT('Origin',(0.,0.,0.75));
#15271=CARTESIAN_POINT('Origin',(0.,0.,0.));
#15272=CARTESIAN_POINT('Origin',(0.,0.,0.75));
#15273=CARTESIAN_POINT('Origin',(0.,0.,0.));
#15274=CARTESIAN_POINT('Origin',(0.,0.,0.75));
#15275=CARTESIAN_POINT('Origin',(0.,0.,0.));
#15276=CARTESIAN_POINT('Origin',(0.,0.,0.75));
#15277=CARTESIAN_POINT('Origin',(0.,0.,0.));
#15278=CARTESIAN_POINT('Origin',(0.,0.,0.75));
#15279=CARTESIAN_POINT('Origin',(0.,0.,0.));
#15280=CARTESIAN_POINT('Origin',(0.,0.,0.75));
#15281=CARTESIAN_POINT('Origin',(0.,0.,0.));
#15282=CARTESIAN_POINT('Origin',(0.,0.,0.75));
#15283=CARTESIAN_POINT('Origin',(0.,0.,0.));
#15284=CARTESIAN_POINT('Origin',(0.,0.,0.75));
#15285=CARTESIAN_POINT('Origin',(0.,0.,0.));
#15286=CARTESIAN_POINT('Origin',(0.,0.,0.75));
#15287=CARTESIAN_POINT('Origin',(0.,0.,0.));
#15288=CARTESIAN_POINT('Origin',(0.,0.,0.75));
#15289=CARTESIAN_POINT('Origin',(0.,0.,0.));
#15290=CARTESIAN_POINT('Origin',(0.,0.,0.75));
#15291=CARTESIAN_POINT('Origin',(0.,0.,0.));
#15292=CARTESIAN_POINT('Origin',(0.,0.,0.75));
#15293=CARTESIAN_POINT('Origin',(0.,0.,0.));
#15294=CARTESIAN_POINT('Origin',(0.,0.,0.75));
#15295=CARTESIAN_POINT('Origin',(0.,0.,0.));
#15296=CARTESIAN_POINT('Origin',(0.,0.,0.75));
#15297=CARTESIAN_POINT('Origin',(0.,0.,0.));
#15298=CARTESIAN_POINT('Origin',(0.,0.,0.75));
#15299=CARTESIAN_POINT('Origin',(0.,0.,0.));
#15300=CARTESIAN_POINT('Origin',(0.,0.,0.75));
#15301=CARTESIAN_POINT('Origin',(0.,0.,0.));
#15302=CARTESIAN_POINT('Origin',(0.,0.,0.75));
#15303=CARTESIAN_POINT('Origin',(0.,0.,0.));
#15304=CARTESIAN_POINT('Origin',(0.,0.,0.75));
#15305=CARTESIAN_POINT('Origin',(0.,0.,0.));
#15306=CARTESIAN_POINT('Origin',(0.,0.,0.75));
#15307=CARTESIAN_POINT('Origin',(0.,0.,0.));
#15308=CARTESIAN_POINT('Origin',(0.,0.,0.75));
#15309=CARTESIAN_POINT('Origin',(0.,0.,0.));
#15310=CARTESIAN_POINT('Origin',(0.,0.,0.75));
#15311=CARTESIAN_POINT('Origin',(0.,0.,0.));
#15312=CARTESIAN_POINT('Origin',(0.,0.,0.75));
#15313=CARTESIAN_POINT('Origin',(0.,0.,0.));
#15314=CARTESIAN_POINT('Origin',(0.,0.,0.75));
#15315=CARTESIAN_POINT('Origin',(0.,0.,0.));
#15316=CARTESIAN_POINT('Origin',(0.,0.,0.75));
#15317=CARTESIAN_POINT('Origin',(0.,0.,0.));
#15318=CARTESIAN_POINT('Origin',(0.,0.,0.75));
#15319=CARTESIAN_POINT('Origin',(0.,0.,0.));
#15320=CARTESIAN_POINT('Origin',(0.,0.,0.75));
#15321=CARTESIAN_POINT('Origin',(0.,0.,0.));
#15322=CARTESIAN_POINT('Origin',(0.,0.,0.75));
#15323=CARTESIAN_POINT('Origin',(0.,0.,0.));
#15324=CARTESIAN_POINT('Origin',(0.,0.,0.75));
#15325=CARTESIAN_POINT('Origin',(0.,0.,0.));
#15326=CARTESIAN_POINT('Origin',(0.,0.,0.75));
#15327=CARTESIAN_POINT('Origin',(0.,0.,0.));
#15328=CARTESIAN_POINT('Origin',(0.,0.,0.75));
#15329=CARTESIAN_POINT('Origin',(0.,0.,0.));
#15330=CARTESIAN_POINT('Origin',(0.,0.,0.75));
#15331=CARTESIAN_POINT('Origin',(0.,0.,0.));
#15332=CARTESIAN_POINT('Origin',(0.,0.,0.75));
#15333=CARTESIAN_POINT('Origin',(0.,0.,0.));
#15334=CARTESIAN_POINT('Origin',(0.,0.,0.75));
#15335=CARTESIAN_POINT('Origin',(0.,0.,0.));
#15336=CARTESIAN_POINT('Origin',(0.,0.,0.75));
#15337=CARTESIAN_POINT('Origin',(0.,0.,0.));
#15338=CARTESIAN_POINT('Origin',(0.,0.,0.75));
#15339=CARTESIAN_POINT('Origin',(0.,0.,0.));
#15340=CARTESIAN_POINT('Origin',(0.,0.,0.75));
#15341=CARTESIAN_POINT('Origin',(0.,0.,0.));
#15342=CARTESIAN_POINT('Origin',(0.,0.,0.75));
#15343=CARTESIAN_POINT('Origin',(0.,0.,0.));
#15344=CARTESIAN_POINT('Origin',(0.,0.,0.75));
#15345=CARTESIAN_POINT('Origin',(0.,0.,0.));
#15346=CARTESIAN_POINT('Origin',(0.,0.,0.75));
#15347=CARTESIAN_POINT('Origin',(0.,0.,0.));
#15348=CARTESIAN_POINT('Origin',(0.,0.,0.75));
#15349=CARTESIAN_POINT('Origin',(4.23436439017961E-17,0.36,0.));
#15350=CARTESIAN_POINT('',(0.00746286673637207,0.374925733472744,0.75));
#15351=CARTESIAN_POINT('',(4.40872847693047E-17,0.36,0.75));
#15352=CARTESIAN_POINT('',(-0.0719999999999997,0.216,0.75));
#15353=CARTESIAN_POINT('',(0.00746286673637207,0.374925733472744,0.));
#15354=CARTESIAN_POINT('',(4.40872847693047E-17,0.36,0.));
#15355=CARTESIAN_POINT('Origin',(-0.00746286673637205,0.374925733472744,
0.));
#15356=CARTESIAN_POINT('',(0.0682685666318142,0.223462866736372,0.75));
#15357=CARTESIAN_POINT('Origin',(0.,0.,0.75));
#15358=CARTESIAN_POINT('Origin',(0.,0.,0.75));
#15359=CARTESIAN_POINT('',(-0.225,-2.75545529808154E-17,0.75));
#15360=CARTESIAN_POINT('Origin',(0.,0.,0.75));
#15361=CARTESIAN_POINT('Origin',(0.,0.,0.75));
#15362=CARTESIAN_POINT('',(-0.225,-2.75545529808154E-17,0.75));
#15363=CARTESIAN_POINT('Origin',(0.,0.,0.));
#15364=UNCERTAINTY_MEASURE_WITH_UNIT(LENGTH_MEASURE(0.000393700787401575),
#15370,'DISTANCE_ACCURACY_VALUE',
'Maximum model space distance between geometric entities at asserted c
onnectivities');
#15365=UNCERTAINTY_MEASURE_WITH_UNIT(LENGTH_MEASURE(0.000393700787401575),
#15370,'DISTANCE_ACCURACY_VALUE',
'Maximum model space distance between geometric entities at asserted c
onnectivities');
#15366=(
GEOMETRIC_REPRESENTATION_CONTEXT(3)
GLOBAL_UNCERTAINTY_ASSIGNED_CONTEXT((#15364))
GLOBAL_UNIT_ASSIGNED_CONTEXT((#15370,#15374,#15375))
REPRESENTATION_CONTEXT('','3D')
);
#15367=(
GEOMETRIC_REPRESENTATION_CONTEXT(3)
GLOBAL_UNCERTAINTY_ASSIGNED_CONTEXT((#15365))
GLOBAL_UNIT_ASSIGNED_CONTEXT((#15370,#15374,#15375))
REPRESENTATION_CONTEXT('','3D')
);
#15368=DIMENSIONAL_EXPONENTS(1.,0.,0.,0.,0.,0.,0.);
#15369=DIMENSIONAL_EXPONENTS(0.,1.,0.,0.,0.,0.,0.);
#15370=(
CONVERSION_BASED_UNIT('inch',#15373)
LENGTH_UNIT()
NAMED_UNIT(#15368)
);
#15371=(
LENGTH_UNIT()
NAMED_UNIT(*)
SI_UNIT(.MILLI.,.METRE.)
);
#15372=(
LENGTH_UNIT()
NAMED_UNIT(*)
SI_UNIT(.CENTI.,.METRE.)
);
#15373=LENGTH_MEASURE_WITH_UNIT(LENGTH_MEASURE(25.4),#15371);
#15374=(
NAMED_UNIT(*)
PLANE_ANGLE_UNIT()
SI_UNIT($,.RADIAN.)
);
#15375=(
NAMED_UNIT(*)
SI_UNIT($,.STERADIAN.)
SOLID_ANGLE_UNIT()
);
#15376=SHAPE_DEFINITION_REPRESENTATION(#15377,#15378);
#15377=PRODUCT_DEFINITION_SHAPE('',$,#15380);
#15378=SHAPE_REPRESENTATION('',(#9284),#15366);
#15379=PRODUCT_DEFINITION_CONTEXT('part definition',#15384,'design');
#15380=PRODUCT_DEFINITION('Dial','Dial',#15381,#15379);
#15381=PRODUCT_DEFINITION_FORMATION('',$,#15386);
#15382=PRODUCT_RELATED_PRODUCT_CATEGORY('Dial','Dial',(#15386));
#15383=APPLICATION_PROTOCOL_DEFINITION('international standard',
'automotive_design',2009,#15384);
#15384=APPLICATION_CONTEXT(
'Core Data for Automotive Mechanical Design Process');
#15385=PRODUCT_CONTEXT('part definition',#15384,'mechanical');
#15386=PRODUCT('Dial','Dial',$,(#15385));
#15387=PRESENTATION_STYLE_ASSIGNMENT((#15388));
#15388=SURFACE_STYLE_USAGE(.BOTH.,#15391);
#15389=SURFACE_STYLE_RENDERING_WITH_PROPERTIES($,#15395,(#15390));
#15390=SURFACE_STYLE_TRANSPARENT(0.);
#15391=SURFACE_SIDE_STYLE('',(#15392,#15389));
#15392=SURFACE_STYLE_FILL_AREA(#15393);
#15393=FILL_AREA_STYLE('',(#15394));
#15394=FILL_AREA_STYLE_COLOUR('',#15395);
#15395=COLOUR_RGB('',0.749019607843137,0.749019607843137,0.749019607843137);
ENDSEC;
END-ISO-10303-21;
