ISO-10303-21;
HEADER;
/* Generated by software containing ST-Developer
 * from STEP Tools, Inc. (www.steptools.com) 
 */

FILE_DESCRIPTION(
/* description */ (''),
/* implementation_level */ '2;1');

FILE_NAME(
/* name */ 'Top_Shell.stp',
/* time_stamp */ '2026-04-22T17:53:43-05:00',
/* author */ ('kjedr'),
/* organization */ (''),
/* preprocessor_version */ 'ST-DEVELOPER v20.1',
/* originating_system */ 'Autodesk Inventor 2027',
/* authorisation */ '');

FILE_SCHEMA (('AUTOMOTIVE_DESIGN { 1 0 10303 214 3 1 1 }'));
ENDSEC;

DATA;
#10=MECHANICAL_DESIGN_GEOMETRIC_PRESENTATION_REPRESENTATION('',(#13),#4777);
#11=SHAPE_REPRESENTATION_RELATIONSHIP('SRR','None',#4788,#12);
#12=ADVANCED_BREP_SHAPE_REPRESENTATION('',(#14),#4776);
#13=STYLED_ITEM('',(#4797),#14);
#14=MANIFOLD_SOLID_BREP('Solid1',#2807);
#15=SPHERICAL_SURFACE('',#3103,0.125);
#16=SPHERICAL_SURFACE('',#3107,0.125);
#17=SPHERICAL_SURFACE('',#3111,0.125);
#18=SPHERICAL_SURFACE('',#3115,0.125);
#19=B_SPLINE_CURVE_WITH_KNOTS('',3,(#4308,#4309,#4310,#4311,#4312,#4313,
#4314,#4315,#4316,#4317),.UNSPECIFIED.,.F.,.F.,(4,2,2,2,4),(-0.173924905901986,
-0.130457663797014,-0.0869904216920413,-0.0434952108460207,0.),
 .UNSPECIFIED.);
#20=B_SPLINE_CURVE_WITH_KNOTS('',3,(#4320,#4321,#4322,#4323,#4324,#4325,
#4326,#4327,#4328,#4329),.UNSPECIFIED.,.F.,.F.,(4,2,2,2,4),(0.,0.0434952108460206,
0.0869904216920413,0.130457663797014,0.173924905901986),.UNSPECIFIED.);
#21=B_SPLINE_CURVE_WITH_KNOTS('',3,(#4337,#4338,#4339,#4340,#4341,#4342,
#4343,#4344,#4345,#4346),.UNSPECIFIED.,.F.,.F.,(4,2,2,2,4),(-0.173924905901986,
-0.130457663797014,-0.0869904216920413,-0.0434952108460206,0.),
 .UNSPECIFIED.);
#22=B_SPLINE_CURVE_WITH_KNOTS('',3,(#4349,#4350,#4351,#4352,#4353,#4354,
#4355,#4356,#4357,#4358),.UNSPECIFIED.,.F.,.F.,(4,2,2,2,4),(0.,0.0434952108460206,
0.0869904216920413,0.130457663797014,0.173924905901986),.UNSPECIFIED.);
#23=B_SPLINE_CURVE_WITH_KNOTS('',3,(#4377,#4378,#4379,#4380,#4381,#4382,
#4383,#4384,#4385,#4386,#4387,#4388,#4389,#4390,#4391,#4392,#4393,#4394,
#4395),.UNSPECIFIED.,.F.,.F.,(4,2,2,2,3,2,2,2,4),(-0.173924905901986,-0.130457663797014,
-0.0869904216920412,-0.0434952108460206,0.,0.0434952108460206,0.0869904216920412,
0.130457663797014,0.173924905901986),.UNSPECIFIED.);
#24=B_SPLINE_CURVE_WITH_KNOTS('',3,(#4406,#4407,#4408,#4409,#4410,#4411,
#4412,#4413,#4414,#4415,#4416,#4417,#4418,#4419,#4420,#4421,#4422,#4423,
#4424),.UNSPECIFIED.,.F.,.F.,(4,2,2,2,3,2,2,2,4),(-0.173924905901984,-0.130457663797012,
-0.0869904216920396,-0.0434952108460198,0.,0.0434952108460213,0.0869904216920426,
0.130457663797016,0.173924905901989),.UNSPECIFIED.);
#25=FACE_BOUND('',#354,.T.);
#26=FACE_BOUND('',#355,.T.);
#27=FACE_BOUND('',#363,.T.);
#28=FACE_BOUND('',#385,.T.);
#29=FACE_BOUND('',#386,.T.);
#30=FACE_BOUND('',#387,.T.);
#31=FACE_BOUND('',#388,.T.);
#32=FACE_BOUND('',#389,.T.);
#33=FACE_BOUND('',#390,.T.);
#34=FACE_BOUND('',#391,.T.);
#35=FACE_BOUND('',#392,.T.);
#36=FACE_BOUND('',#393,.T.);
#37=FACE_BOUND('',#394,.T.);
#38=FACE_BOUND('',#395,.T.);
#39=FACE_BOUND('',#396,.T.);
#40=FACE_BOUND('',#397,.T.);
#41=FACE_BOUND('',#398,.T.);
#42=FACE_BOUND('',#399,.T.);
#43=FACE_BOUND('',#400,.T.);
#44=FACE_BOUND('',#401,.T.);
#45=FACE_BOUND('',#402,.T.);
#46=FACE_BOUND('',#403,.T.);
#47=FACE_BOUND('',#404,.T.);
#48=FACE_BOUND('',#405,.T.);
#49=FACE_BOUND('',#406,.T.);
#50=FACE_BOUND('',#407,.T.);
#51=FACE_BOUND('',#408,.T.);
#52=FACE_BOUND('',#409,.T.);
#53=FACE_BOUND('',#410,.T.);
#54=FACE_BOUND('',#411,.T.);
#55=FACE_BOUND('',#412,.T.);
#56=FACE_BOUND('',#413,.T.);
#57=FACE_BOUND('',#414,.T.);
#58=FACE_BOUND('',#415,.T.);
#59=FACE_BOUND('',#416,.T.);
#60=FACE_BOUND('',#417,.T.);
#61=FACE_BOUND('',#418,.T.);
#62=FACE_BOUND('',#419,.T.);
#63=FACE_BOUND('',#420,.T.);
#64=FACE_BOUND('',#421,.T.);
#65=FACE_BOUND('',#422,.T.);
#66=FACE_BOUND('',#423,.T.);
#67=FACE_BOUND('',#424,.T.);
#68=FACE_BOUND('',#425,.T.);
#69=FACE_BOUND('',#426,.T.);
#70=FACE_BOUND('',#427,.T.);
#71=FACE_BOUND('',#428,.T.);
#72=FACE_BOUND('',#429,.T.);
#73=FACE_BOUND('',#430,.T.);
#74=FACE_BOUND('',#431,.T.);
#75=FACE_BOUND('',#432,.T.);
#76=FACE_BOUND('',#433,.T.);
#77=FACE_BOUND('',#434,.T.);
#78=FACE_BOUND('',#435,.T.);
#79=FACE_BOUND('',#436,.T.);
#80=FACE_BOUND('',#437,.T.);
#81=FACE_BOUND('',#438,.T.);
#82=FACE_BOUND('',#439,.T.);
#83=FACE_BOUND('',#440,.T.);
#84=FACE_BOUND('',#441,.T.);
#85=FACE_BOUND('',#442,.T.);
#86=FACE_BOUND('',#443,.T.);
#87=FACE_BOUND('',#444,.T.);
#88=FACE_BOUND('',#445,.T.);
#89=FACE_BOUND('',#446,.T.);
#90=FACE_BOUND('',#447,.T.);
#91=FACE_BOUND('',#448,.T.);
#92=FACE_BOUND('',#449,.T.);
#93=FACE_BOUND('',#450,.T.);
#94=FACE_BOUND('',#451,.T.);
#95=FACE_BOUND('',#452,.T.);
#96=FACE_BOUND('',#453,.T.);
#97=FACE_BOUND('',#454,.T.);
#98=FACE_BOUND('',#455,.T.);
#99=FACE_BOUND('',#456,.T.);
#100=FACE_BOUND('',#457,.T.);
#101=FACE_BOUND('',#458,.T.);
#102=FACE_BOUND('',#559,.T.);
#103=FACE_BOUND('',#560,.T.);
#104=FACE_BOUND('',#561,.T.);
#105=FACE_BOUND('',#562,.T.);
#106=FACE_BOUND('',#563,.T.);
#107=FACE_BOUND('',#564,.T.);
#108=FACE_BOUND('',#565,.T.);
#109=FACE_BOUND('',#566,.T.);
#110=FACE_BOUND('',#567,.T.);
#111=FACE_BOUND('',#568,.T.);
#112=FACE_BOUND('',#569,.T.);
#113=FACE_BOUND('',#570,.T.);
#114=FACE_BOUND('',#571,.T.);
#115=FACE_BOUND('',#572,.T.);
#116=FACE_BOUND('',#573,.T.);
#117=FACE_BOUND('',#574,.T.);
#118=FACE_BOUND('',#575,.T.);
#119=FACE_BOUND('',#576,.T.);
#120=FACE_BOUND('',#577,.T.);
#121=FACE_BOUND('',#578,.T.);
#122=FACE_BOUND('',#579,.T.);
#123=FACE_BOUND('',#580,.T.);
#124=FACE_BOUND('',#581,.T.);
#125=FACE_BOUND('',#582,.T.);
#126=FACE_BOUND('',#583,.T.);
#127=FACE_BOUND('',#584,.T.);
#128=FACE_BOUND('',#585,.T.);
#129=FACE_BOUND('',#586,.T.);
#130=FACE_BOUND('',#587,.T.);
#131=FACE_BOUND('',#588,.T.);
#132=FACE_BOUND('',#589,.T.);
#133=FACE_BOUND('',#590,.T.);
#134=FACE_BOUND('',#591,.T.);
#135=FACE_BOUND('',#592,.T.);
#136=FACE_BOUND('',#593,.T.);
#137=FACE_BOUND('',#594,.T.);
#138=FACE_BOUND('',#595,.T.);
#139=FACE_BOUND('',#596,.T.);
#140=FACE_BOUND('',#597,.T.);
#141=FACE_BOUND('',#598,.T.);
#142=FACE_BOUND('',#599,.T.);
#143=FACE_BOUND('',#600,.T.);
#144=FACE_BOUND('',#601,.T.);
#145=FACE_BOUND('',#602,.T.);
#146=FACE_BOUND('',#603,.T.);
#147=FACE_BOUND('',#604,.T.);
#148=FACE_BOUND('',#605,.T.);
#149=FACE_BOUND('',#606,.T.);
#150=FACE_BOUND('',#607,.T.);
#151=FACE_BOUND('',#608,.T.);
#152=FACE_BOUND('',#609,.T.);
#153=FACE_BOUND('',#610,.T.);
#154=FACE_BOUND('',#611,.T.);
#155=FACE_BOUND('',#612,.T.);
#156=FACE_BOUND('',#613,.T.);
#157=FACE_BOUND('',#614,.T.);
#158=FACE_BOUND('',#615,.T.);
#159=FACE_BOUND('',#616,.T.);
#160=FACE_BOUND('',#617,.T.);
#161=FACE_BOUND('',#618,.T.);
#162=FACE_BOUND('',#619,.T.);
#163=FACE_BOUND('',#620,.T.);
#164=FACE_BOUND('',#621,.T.);
#165=FACE_BOUND('',#622,.T.);
#166=FACE_BOUND('',#623,.T.);
#167=FACE_BOUND('',#624,.T.);
#168=FACE_BOUND('',#625,.T.);
#169=FACE_BOUND('',#626,.T.);
#170=FACE_BOUND('',#627,.T.);
#171=FACE_BOUND('',#628,.T.);
#172=FACE_BOUND('',#629,.T.);
#173=FACE_BOUND('',#630,.T.);
#174=FACE_BOUND('',#631,.T.);
#175=FACE_BOUND('',#632,.T.);
#176=FACE_BOUND('',#633,.T.);
#177=FACE_BOUND('',#634,.T.);
#178=FACE_BOUND('',#635,.T.);
#179=FACE_BOUND('',#636,.T.);
#180=PLANE('',#2832);
#181=PLANE('',#2839);
#182=PLANE('',#2840);
#183=PLANE('',#2841);
#184=PLANE('',#2842);
#185=PLANE('',#2843);
#186=PLANE('',#2844);
#187=PLANE('',#2845);
#188=PLANE('',#2846);
#189=PLANE('',#2847);
#190=PLANE('',#2848);
#191=PLANE('',#2849);
#192=PLANE('',#2850);
#193=PLANE('',#2851);
#194=PLANE('',#2852);
#195=PLANE('',#2853);
#196=PLANE('',#2854);
#197=PLANE('',#2855);
#198=PLANE('',#2856);
#199=PLANE('',#2857);
#200=PLANE('',#2858);
#201=PLANE('',#2859);
#202=PLANE('',#2860);
#203=PLANE('',#2861);
#204=PLANE('',#2862);
#205=PLANE('',#2863);
#206=PLANE('',#2864);
#207=PLANE('',#2936);
#208=PLANE('',#2937);
#209=PLANE('',#2938);
#210=PLANE('',#2939);
#211=PLANE('',#2940);
#212=PLANE('',#2944);
#213=PLANE('',#2948);
#214=PLANE('',#2949);
#215=PLANE('',#2954);
#216=PLANE('',#2959);
#217=PLANE('',#2960);
#218=PLANE('',#3131);
#219=PLANE('',#3132);
#220=PLANE('',#3133);
#221=FACE_OUTER_BOUND('',#352,.T.);
#222=FACE_OUTER_BOUND('',#353,.T.);
#223=FACE_OUTER_BOUND('',#356,.T.);
#224=FACE_OUTER_BOUND('',#357,.T.);
#225=FACE_OUTER_BOUND('',#358,.T.);
#226=FACE_OUTER_BOUND('',#359,.T.);
#227=FACE_OUTER_BOUND('',#360,.T.);
#228=FACE_OUTER_BOUND('',#361,.T.);
#229=FACE_OUTER_BOUND('',#362,.T.);
#230=FACE_OUTER_BOUND('',#364,.T.);
#231=FACE_OUTER_BOUND('',#365,.T.);
#232=FACE_OUTER_BOUND('',#366,.T.);
#233=FACE_OUTER_BOUND('',#367,.T.);
#234=FACE_OUTER_BOUND('',#368,.T.);
#235=FACE_OUTER_BOUND('',#369,.T.);
#236=FACE_OUTER_BOUND('',#370,.T.);
#237=FACE_OUTER_BOUND('',#371,.T.);
#238=FACE_OUTER_BOUND('',#372,.T.);
#239=FACE_OUTER_BOUND('',#373,.T.);
#240=FACE_OUTER_BOUND('',#374,.T.);
#241=FACE_OUTER_BOUND('',#375,.T.);
#242=FACE_OUTER_BOUND('',#376,.T.);
#243=FACE_OUTER_BOUND('',#377,.T.);
#244=FACE_OUTER_BOUND('',#378,.T.);
#245=FACE_OUTER_BOUND('',#379,.T.);
#246=FACE_OUTER_BOUND('',#380,.T.);
#247=FACE_OUTER_BOUND('',#381,.T.);
#248=FACE_OUTER_BOUND('',#382,.T.);
#249=FACE_OUTER_BOUND('',#383,.T.);
#250=FACE_OUTER_BOUND('',#384,.T.);
#251=FACE_OUTER_BOUND('',#459,.T.);
#252=FACE_OUTER_BOUND('',#460,.T.);
#253=FACE_OUTER_BOUND('',#461,.T.);
#254=FACE_OUTER_BOUND('',#462,.T.);
#255=FACE_OUTER_BOUND('',#463,.T.);
#256=FACE_OUTER_BOUND('',#464,.T.);
#257=FACE_OUTER_BOUND('',#465,.T.);
#258=FACE_OUTER_BOUND('',#466,.T.);
#259=FACE_OUTER_BOUND('',#467,.T.);
#260=FACE_OUTER_BOUND('',#468,.T.);
#261=FACE_OUTER_BOUND('',#469,.T.);
#262=FACE_OUTER_BOUND('',#470,.T.);
#263=FACE_OUTER_BOUND('',#471,.T.);
#264=FACE_OUTER_BOUND('',#472,.T.);
#265=FACE_OUTER_BOUND('',#473,.T.);
#266=FACE_OUTER_BOUND('',#474,.T.);
#267=FACE_OUTER_BOUND('',#475,.T.);
#268=FACE_OUTER_BOUND('',#476,.T.);
#269=FACE_OUTER_BOUND('',#477,.T.);
#270=FACE_OUTER_BOUND('',#478,.T.);
#271=FACE_OUTER_BOUND('',#479,.T.);
#272=FACE_OUTER_BOUND('',#480,.T.);
#273=FACE_OUTER_BOUND('',#481,.T.);
#274=FACE_OUTER_BOUND('',#482,.T.);
#275=FACE_OUTER_BOUND('',#483,.T.);
#276=FACE_OUTER_BOUND('',#484,.T.);
#277=FACE_OUTER_BOUND('',#485,.T.);
#278=FACE_OUTER_BOUND('',#486,.T.);
#279=FACE_OUTER_BOUND('',#487,.T.);
#280=FACE_OUTER_BOUND('',#488,.T.);
#281=FACE_OUTER_BOUND('',#489,.T.);
#282=FACE_OUTER_BOUND('',#490,.T.);
#283=FACE_OUTER_BOUND('',#491,.T.);
#284=FACE_OUTER_BOUND('',#492,.T.);
#285=FACE_OUTER_BOUND('',#493,.T.);
#286=FACE_OUTER_BOUND('',#494,.T.);
#287=FACE_OUTER_BOUND('',#495,.T.);
#288=FACE_OUTER_BOUND('',#496,.T.);
#289=FACE_OUTER_BOUND('',#497,.T.);
#290=FACE_OUTER_BOUND('',#498,.T.);
#291=FACE_OUTER_BOUND('',#499,.T.);
#292=FACE_OUTER_BOUND('',#500,.T.);
#293=FACE_OUTER_BOUND('',#501,.T.);
#294=FACE_OUTER_BOUND('',#502,.T.);
#295=FACE_OUTER_BOUND('',#503,.T.);
#296=FACE_OUTER_BOUND('',#504,.T.);
#297=FACE_OUTER_BOUND('',#505,.T.);
#298=FACE_OUTER_BOUND('',#506,.T.);
#299=FACE_OUTER_BOUND('',#507,.T.);
#300=FACE_OUTER_BOUND('',#508,.T.);
#301=FACE_OUTER_BOUND('',#509,.T.);
#302=FACE_OUTER_BOUND('',#510,.T.);
#303=FACE_OUTER_BOUND('',#511,.T.);
#304=FACE_OUTER_BOUND('',#512,.T.);
#305=FACE_OUTER_BOUND('',#513,.T.);
#306=FACE_OUTER_BOUND('',#514,.T.);
#307=FACE_OUTER_BOUND('',#515,.T.);
#308=FACE_OUTER_BOUND('',#516,.T.);
#309=FACE_OUTER_BOUND('',#517,.T.);
#310=FACE_OUTER_BOUND('',#518,.T.);
#311=FACE_OUTER_BOUND('',#519,.T.);
#312=FACE_OUTER_BOUND('',#520,.T.);
#313=FACE_OUTER_BOUND('',#521,.T.);
#314=FACE_OUTER_BOUND('',#522,.T.);
#315=FACE_OUTER_BOUND('',#523,.T.);
#316=FACE_OUTER_BOUND('',#524,.T.);
#317=FACE_OUTER_BOUND('',#525,.T.);
#318=FACE_OUTER_BOUND('',#526,.T.);
#319=FACE_OUTER_BOUND('',#527,.T.);
#320=FACE_OUTER_BOUND('',#528,.T.);
#321=FACE_OUTER_BOUND('',#529,.T.);
#322=FACE_OUTER_BOUND('',#530,.T.);
#323=FACE_OUTER_BOUND('',#531,.T.);
#324=FACE_OUTER_BOUND('',#532,.T.);
#325=FACE_OUTER_BOUND('',#533,.T.);
#326=FACE_OUTER_BOUND('',#534,.T.);
#327=FACE_OUTER_BOUND('',#535,.T.);
#328=FACE_OUTER_BOUND('',#536,.T.);
#329=FACE_OUTER_BOUND('',#537,.T.);
#330=FACE_OUTER_BOUND('',#538,.T.);
#331=FACE_OUTER_BOUND('',#539,.T.);
#332=FACE_OUTER_BOUND('',#540,.T.);
#333=FACE_OUTER_BOUND('',#541,.T.);
#334=FACE_OUTER_BOUND('',#542,.T.);
#335=FACE_OUTER_BOUND('',#543,.T.);
#336=FACE_OUTER_BOUND('',#544,.T.);
#337=FACE_OUTER_BOUND('',#545,.T.);
#338=FACE_OUTER_BOUND('',#546,.T.);
#339=FACE_OUTER_BOUND('',#547,.T.);
#340=FACE_OUTER_BOUND('',#548,.T.);
#341=FACE_OUTER_BOUND('',#549,.T.);
#342=FACE_OUTER_BOUND('',#550,.T.);
#343=FACE_OUTER_BOUND('',#551,.T.);
#344=FACE_OUTER_BOUND('',#552,.T.);
#345=FACE_OUTER_BOUND('',#553,.T.);
#346=FACE_OUTER_BOUND('',#554,.T.);
#347=FACE_OUTER_BOUND('',#555,.T.);
#348=FACE_OUTER_BOUND('',#556,.T.);
#349=FACE_OUTER_BOUND('',#557,.T.);
#350=FACE_OUTER_BOUND('',#558,.T.);
#351=FACE_OUTER_BOUND('',#637,.T.);
#352=EDGE_LOOP('',(#1834,#1835,#1836,#1837));
#353=EDGE_LOOP('',(#1838));
#354=EDGE_LOOP('',(#1839));
#355=EDGE_LOOP('',(#1840));
#356=EDGE_LOOP('',(#1841,#1842,#1843,#1844));
#357=EDGE_LOOP('',(#1845,#1846,#1847,#1848));
#358=EDGE_LOOP('',(#1849,#1850,#1851,#1852));
#359=EDGE_LOOP('',(#1853,#1854,#1855,#1856));
#360=EDGE_LOOP('',(#1857,#1858,#1859,#1860));
#361=EDGE_LOOP('',(#1861,#1862,#1863,#1864));
#362=EDGE_LOOP('',(#1865,#1866,#1867,#1868));
#363=EDGE_LOOP('',(#1869,#1870,#1871,#1872));
#364=EDGE_LOOP('',(#1873,#1874,#1875,#1876));
#365=EDGE_LOOP('',(#1877,#1878,#1879,#1880));
#366=EDGE_LOOP('',(#1881,#1882,#1883,#1884));
#367=EDGE_LOOP('',(#1885,#1886,#1887,#1888));
#368=EDGE_LOOP('',(#1889,#1890,#1891,#1892));
#369=EDGE_LOOP('',(#1893,#1894,#1895,#1896));
#370=EDGE_LOOP('',(#1897,#1898,#1899,#1900,#1901,#1902));
#371=EDGE_LOOP('',(#1903,#1904,#1905,#1906,#1907,#1908));
#372=EDGE_LOOP('',(#1909,#1910,#1911,#1912));
#373=EDGE_LOOP('',(#1913,#1914,#1915,#1916));
#374=EDGE_LOOP('',(#1917,#1918,#1919,#1920,#1921,#1922));
#375=EDGE_LOOP('',(#1923,#1924,#1925,#1926,#1927,#1928));
#376=EDGE_LOOP('',(#1929,#1930,#1931,#1932));
#377=EDGE_LOOP('',(#1933,#1934,#1935,#1936));
#378=EDGE_LOOP('',(#1937,#1938,#1939,#1940,#1941,#1942));
#379=EDGE_LOOP('',(#1943,#1944,#1945,#1946,#1947,#1948));
#380=EDGE_LOOP('',(#1949,#1950,#1951,#1952));
#381=EDGE_LOOP('',(#1953,#1954,#1955,#1956,#1957,#1958));
#382=EDGE_LOOP('',(#1959,#1960,#1961,#1962));
#383=EDGE_LOOP('',(#1963,#1964,#1965,#1966,#1967,#1968));
#384=EDGE_LOOP('',(#1969,#1970,#1971,#1972));
#385=EDGE_LOOP('',(#1973));
#386=EDGE_LOOP('',(#1974,#1975,#1976,#1977));
#387=EDGE_LOOP('',(#1978));
#388=EDGE_LOOP('',(#1979));
#389=EDGE_LOOP('',(#1980));
#390=EDGE_LOOP('',(#1981));
#391=EDGE_LOOP('',(#1982));
#392=EDGE_LOOP('',(#1983));
#393=EDGE_LOOP('',(#1984));
#394=EDGE_LOOP('',(#1985));
#395=EDGE_LOOP('',(#1986));
#396=EDGE_LOOP('',(#1987));
#397=EDGE_LOOP('',(#1988));
#398=EDGE_LOOP('',(#1989));
#399=EDGE_LOOP('',(#1990));
#400=EDGE_LOOP('',(#1991));
#401=EDGE_LOOP('',(#1992));
#402=EDGE_LOOP('',(#1993));
#403=EDGE_LOOP('',(#1994));
#404=EDGE_LOOP('',(#1995));
#405=EDGE_LOOP('',(#1996));
#406=EDGE_LOOP('',(#1997));
#407=EDGE_LOOP('',(#1998));
#408=EDGE_LOOP('',(#1999));
#409=EDGE_LOOP('',(#2000));
#410=EDGE_LOOP('',(#2001));
#411=EDGE_LOOP('',(#2002));
#412=EDGE_LOOP('',(#2003));
#413=EDGE_LOOP('',(#2004));
#414=EDGE_LOOP('',(#2005));
#415=EDGE_LOOP('',(#2006));
#416=EDGE_LOOP('',(#2007));
#417=EDGE_LOOP('',(#2008));
#418=EDGE_LOOP('',(#2009));
#419=EDGE_LOOP('',(#2010));
#420=EDGE_LOOP('',(#2011));
#421=EDGE_LOOP('',(#2012));
#422=EDGE_LOOP('',(#2013));
#423=EDGE_LOOP('',(#2014));
#424=EDGE_LOOP('',(#2015));
#425=EDGE_LOOP('',(#2016));
#426=EDGE_LOOP('',(#2017));
#427=EDGE_LOOP('',(#2018));
#428=EDGE_LOOP('',(#2019));
#429=EDGE_LOOP('',(#2020));
#430=EDGE_LOOP('',(#2021));
#431=EDGE_LOOP('',(#2022));
#432=EDGE_LOOP('',(#2023));
#433=EDGE_LOOP('',(#2024));
#434=EDGE_LOOP('',(#2025));
#435=EDGE_LOOP('',(#2026));
#436=EDGE_LOOP('',(#2027));
#437=EDGE_LOOP('',(#2028));
#438=EDGE_LOOP('',(#2029));
#439=EDGE_LOOP('',(#2030));
#440=EDGE_LOOP('',(#2031));
#441=EDGE_LOOP('',(#2032));
#442=EDGE_LOOP('',(#2033));
#443=EDGE_LOOP('',(#2034));
#444=EDGE_LOOP('',(#2035));
#445=EDGE_LOOP('',(#2036));
#446=EDGE_LOOP('',(#2037));
#447=EDGE_LOOP('',(#2038));
#448=EDGE_LOOP('',(#2039));
#449=EDGE_LOOP('',(#2040));
#450=EDGE_LOOP('',(#2041));
#451=EDGE_LOOP('',(#2042));
#452=EDGE_LOOP('',(#2043));
#453=EDGE_LOOP('',(#2044));
#454=EDGE_LOOP('',(#2045));
#455=EDGE_LOOP('',(#2046));
#456=EDGE_LOOP('',(#2047));
#457=EDGE_LOOP('',(#2048));
#458=EDGE_LOOP('',(#2049,#2050,#2051,#2052,#2053,#2054,#2055,#2056,#2057,
#2058,#2059,#2060,#2061,#2062,#2063,#2064,#2065,#2066,#2067,#2068));
#459=EDGE_LOOP('',(#2069,#2070,#2071,#2072));
#460=EDGE_LOOP('',(#2073,#2074,#2075,#2076));
#461=EDGE_LOOP('',(#2077,#2078,#2079,#2080));
#462=EDGE_LOOP('',(#2081,#2082,#2083,#2084));
#463=EDGE_LOOP('',(#2085,#2086,#2087,#2088,#2089,#2090,#2091,#2092,#2093,
#2094,#2095,#2096));
#464=EDGE_LOOP('',(#2097,#2098,#2099,#2100,#2101,#2102));
#465=EDGE_LOOP('',(#2103));
#466=EDGE_LOOP('',(#2104,#2105,#2106,#2107,#2108,#2109));
#467=EDGE_LOOP('',(#2110));
#468=EDGE_LOOP('',(#2111,#2112,#2113,#2114,#2115,#2116,#2117,#2118));
#469=EDGE_LOOP('',(#2119,#2120,#2121,#2122,#2123,#2124));
#470=EDGE_LOOP('',(#2125));
#471=EDGE_LOOP('',(#2126,#2127,#2128,#2129,#2130,#2131));
#472=EDGE_LOOP('',(#2132));
#473=EDGE_LOOP('',(#2133,#2134,#2135,#2136,#2137,#2138,#2139,#2140,#2141,
#2142));
#474=EDGE_LOOP('',(#2143,#2144,#2145,#2146));
#475=EDGE_LOOP('',(#2147,#2148,#2149,#2150));
#476=EDGE_LOOP('',(#2151,#2152,#2153,#2154));
#477=EDGE_LOOP('',(#2155,#2156,#2157,#2158));
#478=EDGE_LOOP('',(#2159,#2160,#2161,#2162));
#479=EDGE_LOOP('',(#2163,#2164,#2165,#2166));
#480=EDGE_LOOP('',(#2167,#2168,#2169,#2170));
#481=EDGE_LOOP('',(#2171,#2172,#2173,#2174));
#482=EDGE_LOOP('',(#2175,#2176,#2177,#2178));
#483=EDGE_LOOP('',(#2179,#2180,#2181,#2182));
#484=EDGE_LOOP('',(#2183,#2184,#2185,#2186));
#485=EDGE_LOOP('',(#2187,#2188,#2189,#2190));
#486=EDGE_LOOP('',(#2191,#2192,#2193,#2194));
#487=EDGE_LOOP('',(#2195,#2196,#2197,#2198));
#488=EDGE_LOOP('',(#2199,#2200,#2201,#2202));
#489=EDGE_LOOP('',(#2203,#2204,#2205,#2206));
#490=EDGE_LOOP('',(#2207,#2208,#2209,#2210));
#491=EDGE_LOOP('',(#2211,#2212,#2213,#2214));
#492=EDGE_LOOP('',(#2215,#2216,#2217,#2218));
#493=EDGE_LOOP('',(#2219,#2220,#2221,#2222));
#494=EDGE_LOOP('',(#2223,#2224,#2225,#2226));
#495=EDGE_LOOP('',(#2227,#2228,#2229,#2230));
#496=EDGE_LOOP('',(#2231,#2232,#2233,#2234));
#497=EDGE_LOOP('',(#2235,#2236,#2237,#2238));
#498=EDGE_LOOP('',(#2239,#2240,#2241,#2242));
#499=EDGE_LOOP('',(#2243,#2244,#2245,#2246));
#500=EDGE_LOOP('',(#2247,#2248,#2249,#2250));
#501=EDGE_LOOP('',(#2251,#2252,#2253,#2254));
#502=EDGE_LOOP('',(#2255,#2256,#2257,#2258));
#503=EDGE_LOOP('',(#2259,#2260,#2261,#2262));
#504=EDGE_LOOP('',(#2263,#2264,#2265,#2266));
#505=EDGE_LOOP('',(#2267,#2268,#2269,#2270));
#506=EDGE_LOOP('',(#2271,#2272,#2273,#2274));
#507=EDGE_LOOP('',(#2275,#2276,#2277,#2278));
#508=EDGE_LOOP('',(#2279,#2280,#2281,#2282));
#509=EDGE_LOOP('',(#2283,#2284,#2285,#2286));
#510=EDGE_LOOP('',(#2287,#2288,#2289,#2290));
#511=EDGE_LOOP('',(#2291,#2292,#2293,#2294));
#512=EDGE_LOOP('',(#2295,#2296,#2297,#2298));
#513=EDGE_LOOP('',(#2299,#2300,#2301,#2302));
#514=EDGE_LOOP('',(#2303,#2304,#2305,#2306));
#515=EDGE_LOOP('',(#2307,#2308,#2309,#2310));
#516=EDGE_LOOP('',(#2311,#2312,#2313,#2314));
#517=EDGE_LOOP('',(#2315,#2316,#2317,#2318));
#518=EDGE_LOOP('',(#2319,#2320,#2321,#2322));
#519=EDGE_LOOP('',(#2323,#2324,#2325,#2326));
#520=EDGE_LOOP('',(#2327,#2328,#2329,#2330));
#521=EDGE_LOOP('',(#2331,#2332,#2333,#2334));
#522=EDGE_LOOP('',(#2335,#2336,#2337,#2338));
#523=EDGE_LOOP('',(#2339,#2340,#2341,#2342));
#524=EDGE_LOOP('',(#2343,#2344,#2345,#2346));
#525=EDGE_LOOP('',(#2347,#2348,#2349,#2350));
#526=EDGE_LOOP('',(#2351,#2352,#2353,#2354));
#527=EDGE_LOOP('',(#2355,#2356,#2357,#2358));
#528=EDGE_LOOP('',(#2359,#2360,#2361,#2362));
#529=EDGE_LOOP('',(#2363,#2364,#2365,#2366));
#530=EDGE_LOOP('',(#2367,#2368,#2369,#2370));
#531=EDGE_LOOP('',(#2371,#2372,#2373,#2374));
#532=EDGE_LOOP('',(#2375,#2376,#2377,#2378));
#533=EDGE_LOOP('',(#2379,#2380,#2381,#2382));
#534=EDGE_LOOP('',(#2383,#2384,#2385,#2386));
#535=EDGE_LOOP('',(#2387,#2388,#2389,#2390));
#536=EDGE_LOOP('',(#2391,#2392,#2393,#2394));
#537=EDGE_LOOP('',(#2395,#2396,#2397,#2398));
#538=EDGE_LOOP('',(#2399,#2400,#2401,#2402));
#539=EDGE_LOOP('',(#2403,#2404,#2405,#2406));
#540=EDGE_LOOP('',(#2407,#2408,#2409,#2410));
#541=EDGE_LOOP('',(#2411,#2412,#2413,#2414));
#542=EDGE_LOOP('',(#2415,#2416,#2417,#2418));
#543=EDGE_LOOP('',(#2419,#2420,#2421,#2422));
#544=EDGE_LOOP('',(#2423,#2424,#2425,#2426));
#545=EDGE_LOOP('',(#2427,#2428,#2429));
#546=EDGE_LOOP('',(#2430,#2431,#2432));
#547=EDGE_LOOP('',(#2433,#2434,#2435));
#548=EDGE_LOOP('',(#2436,#2437,#2438));
#549=EDGE_LOOP('',(#2439,#2440,#2441,#2442,#2443,#2444,#2445,#2446));
#550=EDGE_LOOP('',(#2447,#2448,#2449,#2450));
#551=EDGE_LOOP('',(#2451,#2452,#2453,#2454));
#552=EDGE_LOOP('',(#2455,#2456,#2457,#2458,#2459,#2460,#2461,#2462,#2463,
#2464));
#553=EDGE_LOOP('',(#2465,#2466,#2467,#2468));
#554=EDGE_LOOP('',(#2469,#2470,#2471,#2472));
#555=EDGE_LOOP('',(#2473,#2474,#2475,#2476));
#556=EDGE_LOOP('',(#2477,#2478,#2479,#2480));
#557=EDGE_LOOP('',(#2481,#2482,#2483,#2484));
#558=EDGE_LOOP('',(#2485,#2486,#2487,#2488,#2489,#2490,#2491,#2492));
#559=EDGE_LOOP('',(#2493));
#560=EDGE_LOOP('',(#2494));
#561=EDGE_LOOP('',(#2495,#2496,#2497,#2498));
#562=EDGE_LOOP('',(#2499,#2500,#2501,#2502));
#563=EDGE_LOOP('',(#2503,#2504,#2505,#2506));
#564=EDGE_LOOP('',(#2507,#2508,#2509,#2510));
#565=EDGE_LOOP('',(#2511,#2512,#2513,#2514));
#566=EDGE_LOOP('',(#2515));
#567=EDGE_LOOP('',(#2516));
#568=EDGE_LOOP('',(#2517));
#569=EDGE_LOOP('',(#2518));
#570=EDGE_LOOP('',(#2519));
#571=EDGE_LOOP('',(#2520));
#572=EDGE_LOOP('',(#2521));
#573=EDGE_LOOP('',(#2522));
#574=EDGE_LOOP('',(#2523));
#575=EDGE_LOOP('',(#2524));
#576=EDGE_LOOP('',(#2525));
#577=EDGE_LOOP('',(#2526));
#578=EDGE_LOOP('',(#2527));
#579=EDGE_LOOP('',(#2528));
#580=EDGE_LOOP('',(#2529));
#581=EDGE_LOOP('',(#2530));
#582=EDGE_LOOP('',(#2531));
#583=EDGE_LOOP('',(#2532));
#584=EDGE_LOOP('',(#2533));
#585=EDGE_LOOP('',(#2534));
#586=EDGE_LOOP('',(#2535));
#587=EDGE_LOOP('',(#2536));
#588=EDGE_LOOP('',(#2537));
#589=EDGE_LOOP('',(#2538));
#590=EDGE_LOOP('',(#2539));
#591=EDGE_LOOP('',(#2540));
#592=EDGE_LOOP('',(#2541));
#593=EDGE_LOOP('',(#2542));
#594=EDGE_LOOP('',(#2543));
#595=EDGE_LOOP('',(#2544));
#596=EDGE_LOOP('',(#2545));
#597=EDGE_LOOP('',(#2546));
#598=EDGE_LOOP('',(#2547));
#599=EDGE_LOOP('',(#2548));
#600=EDGE_LOOP('',(#2549));
#601=EDGE_LOOP('',(#2550));
#602=EDGE_LOOP('',(#2551));
#603=EDGE_LOOP('',(#2552));
#604=EDGE_LOOP('',(#2553));
#605=EDGE_LOOP('',(#2554));
#606=EDGE_LOOP('',(#2555));
#607=EDGE_LOOP('',(#2556));
#608=EDGE_LOOP('',(#2557));
#609=EDGE_LOOP('',(#2558));
#610=EDGE_LOOP('',(#2559));
#611=EDGE_LOOP('',(#2560));
#612=EDGE_LOOP('',(#2561));
#613=EDGE_LOOP('',(#2562));
#614=EDGE_LOOP('',(#2563));
#615=EDGE_LOOP('',(#2564));
#616=EDGE_LOOP('',(#2565));
#617=EDGE_LOOP('',(#2566));
#618=EDGE_LOOP('',(#2567));
#619=EDGE_LOOP('',(#2568));
#620=EDGE_LOOP('',(#2569));
#621=EDGE_LOOP('',(#2570));
#622=EDGE_LOOP('',(#2571));
#623=EDGE_LOOP('',(#2572));
#624=EDGE_LOOP('',(#2573));
#625=EDGE_LOOP('',(#2574));
#626=EDGE_LOOP('',(#2575));
#627=EDGE_LOOP('',(#2576));
#628=EDGE_LOOP('',(#2577));
#629=EDGE_LOOP('',(#2578));
#630=EDGE_LOOP('',(#2579));
#631=EDGE_LOOP('',(#2580));
#632=EDGE_LOOP('',(#2581));
#633=EDGE_LOOP('',(#2582));
#634=EDGE_LOOP('',(#2583));
#635=EDGE_LOOP('',(#2584));
#636=EDGE_LOOP('',(#2585));
#637=EDGE_LOOP('',(#2586,#2587,#2588,#2589));
#638=LINE('',#3949,#836);
#639=LINE('',#3958,#837);
#640=LINE('',#3962,#838);
#641=LINE('',#3967,#839);
#642=LINE('',#3969,#840);
#643=LINE('',#3971,#841);
#644=LINE('',#3972,#842);
#645=LINE('',#3975,#843);
#646=LINE('',#3977,#844);
#647=LINE('',#3978,#845);
#648=LINE('',#3981,#846);
#649=LINE('',#3983,#847);
#650=LINE('',#3984,#848);
#651=LINE('',#3986,#849);
#652=LINE('',#3987,#850);
#653=LINE('',#3991,#851);
#654=LINE('',#3993,#852);
#655=LINE('',#3995,#853);
#656=LINE('',#3996,#854);
#657=LINE('',#3999,#855);
#658=LINE('',#4001,#856);
#659=LINE('',#4002,#857);
#660=LINE('',#4005,#858);
#661=LINE('',#4006,#859);
#662=LINE('',#4009,#860);
#663=LINE('',#4010,#861);
#664=LINE('',#4012,#862);
#665=LINE('',#4016,#863);
#666=LINE('',#4018,#864);
#667=LINE('',#4020,#865);
#668=LINE('',#4021,#866);
#669=LINE('',#4024,#867);
#670=LINE('',#4026,#868);
#671=LINE('',#4027,#869);
#672=LINE('',#4030,#870);
#673=LINE('',#4032,#871);
#674=LINE('',#4034,#872);
#675=LINE('',#4036,#873);
#676=LINE('',#4037,#874);
#677=LINE('',#4039,#875);
#678=LINE('',#4041,#876);
#679=LINE('',#4043,#877);
#680=LINE('',#4044,#878);
#681=LINE('',#4048,#879);
#682=LINE('',#4050,#880);
#683=LINE('',#4052,#881);
#684=LINE('',#4053,#882);
#685=LINE('',#4056,#883);
#686=LINE('',#4058,#884);
#687=LINE('',#4059,#885);
#688=LINE('',#4062,#886);
#689=LINE('',#4064,#887);
#690=LINE('',#4066,#888);
#691=LINE('',#4068,#889);
#692=LINE('',#4069,#890);
#693=LINE('',#4071,#891);
#694=LINE('',#4073,#892);
#695=LINE('',#4075,#893);
#696=LINE('',#4076,#894);
#697=LINE('',#4080,#895);
#698=LINE('',#4082,#896);
#699=LINE('',#4084,#897);
#700=LINE('',#4085,#898);
#701=LINE('',#4088,#899);
#702=LINE('',#4090,#900);
#703=LINE('',#4091,#901);
#704=LINE('',#4094,#902);
#705=LINE('',#4096,#903);
#706=LINE('',#4098,#904);
#707=LINE('',#4100,#905);
#708=LINE('',#4101,#906);
#709=LINE('',#4103,#907);
#710=LINE('',#4105,#908);
#711=LINE('',#4107,#909);
#712=LINE('',#4108,#910);
#713=LINE('',#4112,#911);
#714=LINE('',#4114,#912);
#715=LINE('',#4116,#913);
#716=LINE('',#4117,#914);
#717=LINE('',#4120,#915);
#718=LINE('',#4122,#916);
#719=LINE('',#4124,#917);
#720=LINE('',#4126,#918);
#721=LINE('',#4127,#919);
#722=LINE('',#4130,#920);
#723=LINE('',#4132,#921);
#724=LINE('',#4133,#922);
#725=LINE('',#4135,#923);
#726=LINE('',#4137,#924);
#727=LINE('',#4139,#925);
#728=LINE('',#4140,#926);
#729=LINE('',#4144,#927);
#730=LINE('',#4146,#928);
#731=LINE('',#4148,#929);
#732=LINE('',#4149,#930);
#733=LINE('',#4292,#931);
#734=LINE('',#4293,#932);
#735=LINE('',#4294,#933);
#736=LINE('',#4295,#934);
#737=LINE('',#4297,#935);
#738=LINE('',#4299,#936);
#739=LINE('',#4301,#937);
#740=LINE('',#4303,#938);
#741=LINE('',#4331,#939);
#742=LINE('',#4360,#940);
#743=LINE('',#4364,#941);
#744=LINE('',#4366,#942);
#745=LINE('',#4368,#943);
#746=LINE('',#4370,#944);
#747=LINE('',#4372,#945);
#748=LINE('',#4373,#946);
#749=LINE('',#4399,#947);
#750=LINE('',#4428,#948);
#751=LINE('',#4433,#949);
#752=LINE('',#4435,#950);
#753=LINE('',#4437,#951);
#754=LINE('',#4439,#952);
#755=LINE('',#4441,#953);
#756=LINE('',#4442,#954);
#757=LINE('',#4445,#955);
#758=LINE('',#4449,#956);
#759=LINE('',#4453,#957);
#760=LINE('',#4457,#958);
#761=LINE('',#4461,#959);
#762=LINE('',#4465,#960);
#763=LINE('',#4469,#961);
#764=LINE('',#4473,#962);
#765=LINE('',#4477,#963);
#766=LINE('',#4481,#964);
#767=LINE('',#4485,#965);
#768=LINE('',#4489,#966);
#769=LINE('',#4493,#967);
#770=LINE('',#4497,#968);
#771=LINE('',#4501,#969);
#772=LINE('',#4505,#970);
#773=LINE('',#4509,#971);
#774=LINE('',#4513,#972);
#775=LINE('',#4517,#973);
#776=LINE('',#4521,#974);
#777=LINE('',#4525,#975);
#778=LINE('',#4529,#976);
#779=LINE('',#4533,#977);
#780=LINE('',#4537,#978);
#781=LINE('',#4541,#979);
#782=LINE('',#4545,#980);
#783=LINE('',#4549,#981);
#784=LINE('',#4553,#982);
#785=LINE('',#4557,#983);
#786=LINE('',#4561,#984);
#787=LINE('',#4565,#985);
#788=LINE('',#4569,#986);
#789=LINE('',#4573,#987);
#790=LINE('',#4577,#988);
#791=LINE('',#4581,#989);
#792=LINE('',#4585,#990);
#793=LINE('',#4589,#991);
#794=LINE('',#4593,#992);
#795=LINE('',#4597,#993);
#796=LINE('',#4601,#994);
#797=LINE('',#4605,#995);
#798=LINE('',#4609,#996);
#799=LINE('',#4613,#997);
#800=LINE('',#4617,#998);
#801=LINE('',#4621,#999);
#802=LINE('',#4625,#1000);
#803=LINE('',#4629,#1001);
#804=LINE('',#4633,#1002);
#805=LINE('',#4637,#1003);
#806=LINE('',#4641,#1004);
#807=LINE('',#4645,#1005);
#808=LINE('',#4649,#1006);
#809=LINE('',#4653,#1007);
#810=LINE('',#4657,#1008);
#811=LINE('',#4661,#1009);
#812=LINE('',#4665,#1010);
#813=LINE('',#4669,#1011);
#814=LINE('',#4673,#1012);
#815=LINE('',#4677,#1013);
#816=LINE('',#4681,#1014);
#817=LINE('',#4685,#1015);
#818=LINE('',#4689,#1016);
#819=LINE('',#4693,#1017);
#820=LINE('',#4697,#1018);
#821=LINE('',#4701,#1019);
#822=LINE('',#4705,#1020);
#823=LINE('',#4709,#1021);
#824=LINE('',#4713,#1022);
#825=LINE('',#4717,#1023);
#826=LINE('',#4721,#1024);
#827=LINE('',#4725,#1025);
#828=LINE('',#4749,#1026);
#829=LINE('',#4753,#1027);
#830=LINE('',#4758,#1028);
#831=LINE('',#4762,#1029);
#832=LINE('',#4764,#1030);
#833=LINE('',#4768,#1031);
#834=LINE('',#4770,#1032);
#835=LINE('',#4772,#1033);
#836=VECTOR('',#3140,0.118110236220473);
#837=VECTOR('',#3151,0.0275);
#838=VECTOR('',#3156,0.0275);
#839=VECTOR('',#3161,0.393700787401575);
#840=VECTOR('',#3162,0.393700787401575);
#841=VECTOR('',#3163,0.393700787401575);
#842=VECTOR('',#3164,0.393700787401575);
#843=VECTOR('',#3167,0.393700787401575);
#844=VECTOR('',#3168,0.393700787401575);
#845=VECTOR('',#3169,0.393700787401575);
#846=VECTOR('',#3172,0.393700787401575);
#847=VECTOR('',#3173,0.393700787401575);
#848=VECTOR('',#3174,0.393700787401575);
#849=VECTOR('',#3177,0.393700787401575);
#850=VECTOR('',#3178,0.393700787401575);
#851=VECTOR('',#3181,0.393700787401575);
#852=VECTOR('',#3182,0.393700787401575);
#853=VECTOR('',#3183,0.393700787401575);
#854=VECTOR('',#3184,0.393700787401575);
#855=VECTOR('',#3187,0.393700787401575);
#856=VECTOR('',#3188,0.393700787401575);
#857=VECTOR('',#3189,0.393700787401575);
#858=VECTOR('',#3192,0.393700787401575);
#859=VECTOR('',#3193,0.393700787401575);
#860=VECTOR('',#3196,0.393700787401575);
#861=VECTOR('',#3197,0.393700787401575);
#862=VECTOR('',#3200,0.393700787401575);
#863=VECTOR('',#3203,0.393700787401575);
#864=VECTOR('',#3204,0.393700787401575);
#865=VECTOR('',#3205,0.393700787401575);
#866=VECTOR('',#3206,0.393700787401575);
#867=VECTOR('',#3209,0.393700787401575);
#868=VECTOR('',#3210,0.393700787401575);
#869=VECTOR('',#3211,0.393700787401575);
#870=VECTOR('',#3214,0.393700787401575);
#871=VECTOR('',#3215,0.393700787401575);
#872=VECTOR('',#3216,0.393700787401575);
#873=VECTOR('',#3217,0.393700787401575);
#874=VECTOR('',#3218,0.393700787401575);
#875=VECTOR('',#3221,0.393700787401575);
#876=VECTOR('',#3222,0.393700787401575);
#877=VECTOR('',#3223,0.393700787401575);
#878=VECTOR('',#3224,0.393700787401575);
#879=VECTOR('',#3227,0.393700787401575);
#880=VECTOR('',#3228,0.393700787401575);
#881=VECTOR('',#3229,0.393700787401575);
#882=VECTOR('',#3230,0.393700787401575);
#883=VECTOR('',#3233,0.393700787401575);
#884=VECTOR('',#3234,0.393700787401575);
#885=VECTOR('',#3235,0.393700787401575);
#886=VECTOR('',#3238,0.393700787401575);
#887=VECTOR('',#3239,0.393700787401575);
#888=VECTOR('',#3240,0.393700787401575);
#889=VECTOR('',#3241,0.393700787401575);
#890=VECTOR('',#3242,0.393700787401575);
#891=VECTOR('',#3245,0.393700787401575);
#892=VECTOR('',#3246,0.393700787401575);
#893=VECTOR('',#3247,0.393700787401575);
#894=VECTOR('',#3248,0.393700787401575);
#895=VECTOR('',#3251,0.393700787401575);
#896=VECTOR('',#3252,0.393700787401575);
#897=VECTOR('',#3253,0.393700787401575);
#898=VECTOR('',#3254,0.393700787401575);
#899=VECTOR('',#3257,0.393700787401575);
#900=VECTOR('',#3258,0.393700787401575);
#901=VECTOR('',#3259,0.393700787401575);
#902=VECTOR('',#3262,0.393700787401575);
#903=VECTOR('',#3263,0.393700787401575);
#904=VECTOR('',#3264,0.393700787401575);
#905=VECTOR('',#3265,0.393700787401575);
#906=VECTOR('',#3266,0.393700787401575);
#907=VECTOR('',#3269,0.393700787401575);
#908=VECTOR('',#3270,0.393700787401575);
#909=VECTOR('',#3271,0.393700787401575);
#910=VECTOR('',#3272,0.393700787401575);
#911=VECTOR('',#3275,0.393700787401575);
#912=VECTOR('',#3276,0.393700787401575);
#913=VECTOR('',#3277,0.393700787401575);
#914=VECTOR('',#3278,0.393700787401575);
#915=VECTOR('',#3281,0.393700787401575);
#916=VECTOR('',#3282,0.393700787401575);
#917=VECTOR('',#3283,0.393700787401575);
#918=VECTOR('',#3284,0.393700787401575);
#919=VECTOR('',#3285,0.393700787401575);
#920=VECTOR('',#3288,0.393700787401575);
#921=VECTOR('',#3289,0.393700787401575);
#922=VECTOR('',#3290,0.393700787401575);
#923=VECTOR('',#3293,0.393700787401575);
#924=VECTOR('',#3294,0.393700787401575);
#925=VECTOR('',#3295,0.393700787401575);
#926=VECTOR('',#3296,0.393700787401575);
#927=VECTOR('',#3299,0.393700787401575);
#928=VECTOR('',#3300,0.393700787401575);
#929=VECTOR('',#3301,0.393700787401575);
#930=VECTOR('',#3302,0.393700787401575);
#931=VECTOR('',#3445,0.393700787401575);
#932=VECTOR('',#3446,0.393700787401575);
#933=VECTOR('',#3447,0.393700787401575);
#934=VECTOR('',#3448,0.393700787401575);
#935=VECTOR('',#3451,0.393700787401575);
#936=VECTOR('',#3454,0.393700787401575);
#937=VECTOR('',#3457,0.393700787401575);
#938=VECTOR('',#3460,0.393700787401575);
#939=VECTOR('',#3467,0.045);
#940=VECTOR('',#3476,0.045);
#941=VECTOR('',#3483,0.393700787401575);
#942=VECTOR('',#3484,0.393700787401575);
#943=VECTOR('',#3485,0.393700787401575);
#944=VECTOR('',#3486,0.393700787401575);
#945=VECTOR('',#3487,0.393700787401575);
#946=VECTOR('',#3488,0.393700787401575);
#947=VECTOR('',#3493,0.045);
#948=VECTOR('',#3504,0.045);
#949=VECTOR('',#3513,0.393700787401575);
#950=VECTOR('',#3514,0.393700787401575);
#951=VECTOR('',#3515,0.393700787401575);
#952=VECTOR('',#3516,0.393700787401575);
#953=VECTOR('',#3517,0.393700787401575);
#954=VECTOR('',#3518,0.393700787401575);
#955=VECTOR('',#3521,0.25);
#956=VECTOR('',#3526,0.25);
#957=VECTOR('',#3531,0.025);
#958=VECTOR('',#3536,0.025);
#959=VECTOR('',#3541,0.025);
#960=VECTOR('',#3546,0.025);
#961=VECTOR('',#3551,0.025);
#962=VECTOR('',#3556,0.025);
#963=VECTOR('',#3561,0.025);
#964=VECTOR('',#3566,0.025);
#965=VECTOR('',#3571,0.025);
#966=VECTOR('',#3576,0.025);
#967=VECTOR('',#3581,0.025);
#968=VECTOR('',#3586,0.025);
#969=VECTOR('',#3591,0.025);
#970=VECTOR('',#3596,0.025);
#971=VECTOR('',#3601,0.025);
#972=VECTOR('',#3606,0.025);
#973=VECTOR('',#3611,0.025);
#974=VECTOR('',#3616,0.025);
#975=VECTOR('',#3621,0.025);
#976=VECTOR('',#3626,0.025);
#977=VECTOR('',#3631,0.025);
#978=VECTOR('',#3636,0.025);
#979=VECTOR('',#3641,0.025);
#980=VECTOR('',#3646,0.025);
#981=VECTOR('',#3651,0.025);
#982=VECTOR('',#3656,0.025);
#983=VECTOR('',#3661,0.025);
#984=VECTOR('',#3666,0.025);
#985=VECTOR('',#3671,0.025);
#986=VECTOR('',#3676,0.025);
#987=VECTOR('',#3681,0.025);
#988=VECTOR('',#3686,0.025);
#989=VECTOR('',#3691,0.025);
#990=VECTOR('',#3696,0.025);
#991=VECTOR('',#3701,0.025);
#992=VECTOR('',#3706,0.025);
#993=VECTOR('',#3711,0.025);
#994=VECTOR('',#3716,0.025);
#995=VECTOR('',#3721,0.025);
#996=VECTOR('',#3726,0.025);
#997=VECTOR('',#3731,0.025);
#998=VECTOR('',#3736,0.025);
#999=VECTOR('',#3741,0.025);
#1000=VECTOR('',#3746,0.025);
#1001=VECTOR('',#3751,0.025);
#1002=VECTOR('',#3756,0.025);
#1003=VECTOR('',#3761,0.025);
#1004=VECTOR('',#3766,0.025);
#1005=VECTOR('',#3771,0.025);
#1006=VECTOR('',#3776,0.025);
#1007=VECTOR('',#3781,0.025);
#1008=VECTOR('',#3786,0.025);
#1009=VECTOR('',#3791,0.025);
#1010=VECTOR('',#3796,0.025);
#1011=VECTOR('',#3801,0.025);
#1012=VECTOR('',#3806,0.025);
#1013=VECTOR('',#3811,0.025);
#1014=VECTOR('',#3816,0.025);
#1015=VECTOR('',#3821,0.025);
#1016=VECTOR('',#3826,0.025);
#1017=VECTOR('',#3831,0.025);
#1018=VECTOR('',#3836,0.025);
#1019=VECTOR('',#3841,0.025);
#1020=VECTOR('',#3846,0.025);
#1021=VECTOR('',#3851,0.025);
#1022=VECTOR('',#3856,0.025);
#1023=VECTOR('',#3861,0.025);
#1024=VECTOR('',#3866,0.025);
#1025=VECTOR('',#3871,0.025);
#1026=VECTOR('',#3910,0.393700787401575);
#1027=VECTOR('',#3915,0.393700787401575);
#1028=VECTOR('',#3922,0.393700787401575);
#1029=VECTOR('',#3927,0.393700787401575);
#1030=VECTOR('',#3930,0.393700787401575);
#1031=VECTOR('',#3935,0.393700787401575);
#1032=VECTOR('',#3938,0.393700787401575);
#1033=VECTOR('',#3941,0.393700787401575);
#1034=CIRCLE('',#2830,0.118110236220473);
#1035=CIRCLE('',#2831,0.118110236220473);
#1036=CIRCLE('',#2833,0.0275);
#1037=CIRCLE('',#2834,0.0275);
#1038=CIRCLE('',#2836,0.0275);
#1039=CIRCLE('',#2838,0.0275);
#1040=CIRCLE('',#2865,0.025);
#1041=CIRCLE('',#2866,0.025);
#1042=CIRCLE('',#2867,0.025);
#1043=CIRCLE('',#2868,0.025);
#1044=CIRCLE('',#2869,0.025);
#1045=CIRCLE('',#2870,0.025);
#1046=CIRCLE('',#2871,0.025);
#1047=CIRCLE('',#2872,0.025);
#1048=CIRCLE('',#2873,0.025);
#1049=CIRCLE('',#2874,0.025);
#1050=CIRCLE('',#2875,0.025);
#1051=CIRCLE('',#2876,0.025);
#1052=CIRCLE('',#2877,0.025);
#1053=CIRCLE('',#2878,0.025);
#1054=CIRCLE('',#2879,0.025);
#1055=CIRCLE('',#2880,0.025);
#1056=CIRCLE('',#2881,0.025);
#1057=CIRCLE('',#2882,0.025);
#1058=CIRCLE('',#2883,0.025);
#1059=CIRCLE('',#2884,0.025);
#1060=CIRCLE('',#2885,0.025);
#1061=CIRCLE('',#2886,0.025);
#1062=CIRCLE('',#2887,0.025);
#1063=CIRCLE('',#2888,0.025);
#1064=CIRCLE('',#2889,0.025);
#1065=CIRCLE('',#2890,0.025);
#1066=CIRCLE('',#2891,0.025);
#1067=CIRCLE('',#2892,0.025);
#1068=CIRCLE('',#2893,0.025);
#1069=CIRCLE('',#2894,0.025);
#1070=CIRCLE('',#2895,0.025);
#1071=CIRCLE('',#2896,0.025);
#1072=CIRCLE('',#2897,0.025);
#1073=CIRCLE('',#2898,0.025);
#1074=CIRCLE('',#2899,0.025);
#1075=CIRCLE('',#2900,0.025);
#1076=CIRCLE('',#2901,0.025);
#1077=CIRCLE('',#2902,0.025);
#1078=CIRCLE('',#2903,0.025);
#1079=CIRCLE('',#2904,0.025);
#1080=CIRCLE('',#2905,0.025);
#1081=CIRCLE('',#2906,0.025);
#1082=CIRCLE('',#2907,0.025);
#1083=CIRCLE('',#2908,0.025);
#1084=CIRCLE('',#2909,0.025);
#1085=CIRCLE('',#2910,0.025);
#1086=CIRCLE('',#2911,0.025);
#1087=CIRCLE('',#2912,0.025);
#1088=CIRCLE('',#2913,0.025);
#1089=CIRCLE('',#2914,0.025);
#1090=CIRCLE('',#2915,0.025);
#1091=CIRCLE('',#2916,0.025);
#1092=CIRCLE('',#2917,0.025);
#1093=CIRCLE('',#2918,0.025);
#1094=CIRCLE('',#2919,0.025);
#1095=CIRCLE('',#2920,0.025);
#1096=CIRCLE('',#2921,0.025);
#1097=CIRCLE('',#2922,0.025);
#1098=CIRCLE('',#2923,0.025);
#1099=CIRCLE('',#2924,0.025);
#1100=CIRCLE('',#2925,0.025);
#1101=CIRCLE('',#2926,0.025);
#1102=CIRCLE('',#2927,0.025);
#1103=CIRCLE('',#2928,0.025);
#1104=CIRCLE('',#2929,0.025);
#1105=CIRCLE('',#2930,0.025);
#1106=CIRCLE('',#2931,0.025);
#1107=CIRCLE('',#2932,0.025);
#1108=CIRCLE('',#2933,0.025);
#1109=CIRCLE('',#2934,0.25);
#1110=CIRCLE('',#2935,0.25);
#1111=CIRCLE('',#2942,0.045);
#1112=CIRCLE('',#2943,0.045);
#1113=CIRCLE('',#2946,0.045);
#1114=CIRCLE('',#2947,0.045);
#1115=CIRCLE('',#2951,0.045);
#1116=CIRCLE('',#2952,0.045);
#1117=CIRCLE('',#2953,0.045);
#1118=CIRCLE('',#2956,0.045);
#1119=CIRCLE('',#2957,0.045);
#1120=CIRCLE('',#2958,0.045);
#1121=CIRCLE('',#2962,0.25);
#1122=CIRCLE('',#2964,0.25);
#1123=CIRCLE('',#2966,0.025);
#1124=CIRCLE('',#2968,0.025);
#1125=CIRCLE('',#2970,0.025);
#1126=CIRCLE('',#2972,0.025);
#1127=CIRCLE('',#2974,0.025);
#1128=CIRCLE('',#2976,0.025);
#1129=CIRCLE('',#2978,0.025);
#1130=CIRCLE('',#2980,0.025);
#1131=CIRCLE('',#2982,0.025);
#1132=CIRCLE('',#2984,0.025);
#1133=CIRCLE('',#2986,0.025);
#1134=CIRCLE('',#2988,0.025);
#1135=CIRCLE('',#2990,0.025);
#1136=CIRCLE('',#2992,0.025);
#1137=CIRCLE('',#2994,0.025);
#1138=CIRCLE('',#2996,0.025);
#1139=CIRCLE('',#2998,0.025);
#1140=CIRCLE('',#3000,0.025);
#1141=CIRCLE('',#3002,0.025);
#1142=CIRCLE('',#3004,0.025);
#1143=CIRCLE('',#3006,0.025);
#1144=CIRCLE('',#3008,0.025);
#1145=CIRCLE('',#3010,0.025);
#1146=CIRCLE('',#3012,0.025);
#1147=CIRCLE('',#3014,0.025);
#1148=CIRCLE('',#3016,0.025);
#1149=CIRCLE('',#3018,0.025);
#1150=CIRCLE('',#3020,0.025);
#1151=CIRCLE('',#3022,0.025);
#1152=CIRCLE('',#3024,0.025);
#1153=CIRCLE('',#3026,0.025);
#1154=CIRCLE('',#3028,0.025);
#1155=CIRCLE('',#3030,0.025);
#1156=CIRCLE('',#3032,0.025);
#1157=CIRCLE('',#3034,0.025);
#1158=CIRCLE('',#3036,0.025);
#1159=CIRCLE('',#3038,0.025);
#1160=CIRCLE('',#3040,0.025);
#1161=CIRCLE('',#3042,0.025);
#1162=CIRCLE('',#3044,0.025);
#1163=CIRCLE('',#3046,0.025);
#1164=CIRCLE('',#3048,0.025);
#1165=CIRCLE('',#3050,0.025);
#1166=CIRCLE('',#3052,0.025);
#1167=CIRCLE('',#3054,0.025);
#1168=CIRCLE('',#3056,0.025);
#1169=CIRCLE('',#3058,0.025);
#1170=CIRCLE('',#3060,0.025);
#1171=CIRCLE('',#3062,0.025);
#1172=CIRCLE('',#3064,0.025);
#1173=CIRCLE('',#3066,0.025);
#1174=CIRCLE('',#3068,0.025);
#1175=CIRCLE('',#3070,0.025);
#1176=CIRCLE('',#3072,0.025);
#1177=CIRCLE('',#3074,0.025);
#1178=CIRCLE('',#3076,0.025);
#1179=CIRCLE('',#3078,0.025);
#1180=CIRCLE('',#3080,0.025);
#1181=CIRCLE('',#3082,0.025);
#1182=CIRCLE('',#3084,0.025);
#1183=CIRCLE('',#3086,0.025);
#1184=CIRCLE('',#3088,0.025);
#1185=CIRCLE('',#3090,0.025);
#1186=CIRCLE('',#3092,0.025);
#1187=CIRCLE('',#3094,0.025);
#1188=CIRCLE('',#3096,0.025);
#1189=CIRCLE('',#3098,0.025);
#1190=CIRCLE('',#3100,0.025);
#1191=CIRCLE('',#3102,0.025);
#1192=CIRCLE('',#3104,0.125);
#1193=CIRCLE('',#3105,0.125);
#1194=CIRCLE('',#3106,0.125);
#1195=CIRCLE('',#3108,0.125);
#1196=CIRCLE('',#3109,0.125);
#1197=CIRCLE('',#3110,0.125);
#1198=CIRCLE('',#3112,0.125000000000001);
#1199=CIRCLE('',#3113,0.125);
#1200=CIRCLE('',#3114,0.125);
#1201=CIRCLE('',#3116,0.125);
#1202=CIRCLE('',#3117,0.125);
#1203=CIRCLE('',#3118,0.125);
#1204=CIRCLE('',#3122,0.125);
#1205=CIRCLE('',#3125,0.125);
#1206=CIRCLE('',#3127,0.125);
#1207=CIRCLE('',#3130,0.125);
#1208=VERTEX_POINT('',#3946);
#1209=VERTEX_POINT('',#3948);
#1210=VERTEX_POINT('',#3952);
#1211=VERTEX_POINT('',#3954);
#1212=VERTEX_POINT('',#3957);
#1213=VERTEX_POINT('',#3961);
#1214=VERTEX_POINT('',#3965);
#1215=VERTEX_POINT('',#3966);
#1216=VERTEX_POINT('',#3968);
#1217=VERTEX_POINT('',#3970);
#1218=VERTEX_POINT('',#3974);
#1219=VERTEX_POINT('',#3976);
#1220=VERTEX_POINT('',#3980);
#1221=VERTEX_POINT('',#3982);
#1222=VERTEX_POINT('',#3989);
#1223=VERTEX_POINT('',#3990);
#1224=VERTEX_POINT('',#3992);
#1225=VERTEX_POINT('',#3994);
#1226=VERTEX_POINT('',#3998);
#1227=VERTEX_POINT('',#4000);
#1228=VERTEX_POINT('',#4004);
#1229=VERTEX_POINT('',#4008);
#1230=VERTEX_POINT('',#4014);
#1231=VERTEX_POINT('',#4015);
#1232=VERTEX_POINT('',#4017);
#1233=VERTEX_POINT('',#4019);
#1234=VERTEX_POINT('',#4023);
#1235=VERTEX_POINT('',#4025);
#1236=VERTEX_POINT('',#4029);
#1237=VERTEX_POINT('',#4031);
#1238=VERTEX_POINT('',#4033);
#1239=VERTEX_POINT('',#4035);
#1240=VERTEX_POINT('',#4040);
#1241=VERTEX_POINT('',#4042);
#1242=VERTEX_POINT('',#4046);
#1243=VERTEX_POINT('',#4047);
#1244=VERTEX_POINT('',#4049);
#1245=VERTEX_POINT('',#4051);
#1246=VERTEX_POINT('',#4055);
#1247=VERTEX_POINT('',#4057);
#1248=VERTEX_POINT('',#4061);
#1249=VERTEX_POINT('',#4063);
#1250=VERTEX_POINT('',#4065);
#1251=VERTEX_POINT('',#4067);
#1252=VERTEX_POINT('',#4072);
#1253=VERTEX_POINT('',#4074);
#1254=VERTEX_POINT('',#4078);
#1255=VERTEX_POINT('',#4079);
#1256=VERTEX_POINT('',#4081);
#1257=VERTEX_POINT('',#4083);
#1258=VERTEX_POINT('',#4087);
#1259=VERTEX_POINT('',#4089);
#1260=VERTEX_POINT('',#4093);
#1261=VERTEX_POINT('',#4095);
#1262=VERTEX_POINT('',#4097);
#1263=VERTEX_POINT('',#4099);
#1264=VERTEX_POINT('',#4104);
#1265=VERTEX_POINT('',#4106);
#1266=VERTEX_POINT('',#4110);
#1267=VERTEX_POINT('',#4111);
#1268=VERTEX_POINT('',#4113);
#1269=VERTEX_POINT('',#4115);
#1270=VERTEX_POINT('',#4119);
#1271=VERTEX_POINT('',#4121);
#1272=VERTEX_POINT('',#4123);
#1273=VERTEX_POINT('',#4125);
#1274=VERTEX_POINT('',#4129);
#1275=VERTEX_POINT('',#4131);
#1276=VERTEX_POINT('',#4136);
#1277=VERTEX_POINT('',#4138);
#1278=VERTEX_POINT('',#4142);
#1279=VERTEX_POINT('',#4143);
#1280=VERTEX_POINT('',#4145);
#1281=VERTEX_POINT('',#4147);
#1282=VERTEX_POINT('',#4150);
#1283=VERTEX_POINT('',#4152);
#1284=VERTEX_POINT('',#4154);
#1285=VERTEX_POINT('',#4156);
#1286=VERTEX_POINT('',#4158);
#1287=VERTEX_POINT('',#4160);
#1288=VERTEX_POINT('',#4162);
#1289=VERTEX_POINT('',#4164);
#1290=VERTEX_POINT('',#4166);
#1291=VERTEX_POINT('',#4168);
#1292=VERTEX_POINT('',#4170);
#1293=VERTEX_POINT('',#4172);
#1294=VERTEX_POINT('',#4174);
#1295=VERTEX_POINT('',#4176);
#1296=VERTEX_POINT('',#4178);
#1297=VERTEX_POINT('',#4180);
#1298=VERTEX_POINT('',#4182);
#1299=VERTEX_POINT('',#4184);
#1300=VERTEX_POINT('',#4186);
#1301=VERTEX_POINT('',#4188);
#1302=VERTEX_POINT('',#4190);
#1303=VERTEX_POINT('',#4192);
#1304=VERTEX_POINT('',#4194);
#1305=VERTEX_POINT('',#4196);
#1306=VERTEX_POINT('',#4198);
#1307=VERTEX_POINT('',#4200);
#1308=VERTEX_POINT('',#4202);
#1309=VERTEX_POINT('',#4204);
#1310=VERTEX_POINT('',#4206);
#1311=VERTEX_POINT('',#4208);
#1312=VERTEX_POINT('',#4210);
#1313=VERTEX_POINT('',#4212);
#1314=VERTEX_POINT('',#4214);
#1315=VERTEX_POINT('',#4216);
#1316=VERTEX_POINT('',#4218);
#1317=VERTEX_POINT('',#4220);
#1318=VERTEX_POINT('',#4222);
#1319=VERTEX_POINT('',#4224);
#1320=VERTEX_POINT('',#4226);
#1321=VERTEX_POINT('',#4228);
#1322=VERTEX_POINT('',#4230);
#1323=VERTEX_POINT('',#4232);
#1324=VERTEX_POINT('',#4234);
#1325=VERTEX_POINT('',#4236);
#1326=VERTEX_POINT('',#4238);
#1327=VERTEX_POINT('',#4240);
#1328=VERTEX_POINT('',#4242);
#1329=VERTEX_POINT('',#4244);
#1330=VERTEX_POINT('',#4246);
#1331=VERTEX_POINT('',#4248);
#1332=VERTEX_POINT('',#4250);
#1333=VERTEX_POINT('',#4252);
#1334=VERTEX_POINT('',#4254);
#1335=VERTEX_POINT('',#4256);
#1336=VERTEX_POINT('',#4258);
#1337=VERTEX_POINT('',#4260);
#1338=VERTEX_POINT('',#4262);
#1339=VERTEX_POINT('',#4264);
#1340=VERTEX_POINT('',#4266);
#1341=VERTEX_POINT('',#4268);
#1342=VERTEX_POINT('',#4270);
#1343=VERTEX_POINT('',#4272);
#1344=VERTEX_POINT('',#4274);
#1345=VERTEX_POINT('',#4276);
#1346=VERTEX_POINT('',#4278);
#1347=VERTEX_POINT('',#4280);
#1348=VERTEX_POINT('',#4282);
#1349=VERTEX_POINT('',#4284);
#1350=VERTEX_POINT('',#4286);
#1351=VERTEX_POINT('',#4288);
#1352=VERTEX_POINT('',#4290);
#1353=VERTEX_POINT('',#4306);
#1354=VERTEX_POINT('',#4307);
#1355=VERTEX_POINT('',#4318);
#1356=VERTEX_POINT('',#4330);
#1357=VERTEX_POINT('',#4335);
#1358=VERTEX_POINT('',#4336);
#1359=VERTEX_POINT('',#4347);
#1360=VERTEX_POINT('',#4359);
#1361=VERTEX_POINT('',#4365);
#1362=VERTEX_POINT('',#4367);
#1363=VERTEX_POINT('',#4369);
#1364=VERTEX_POINT('',#4371);
#1365=VERTEX_POINT('',#4375);
#1366=VERTEX_POINT('',#4376);
#1367=VERTEX_POINT('',#4396);
#1368=VERTEX_POINT('',#4398);
#1369=VERTEX_POINT('',#4404);
#1370=VERTEX_POINT('',#4405);
#1371=VERTEX_POINT('',#4425);
#1372=VERTEX_POINT('',#4427);
#1373=VERTEX_POINT('',#4434);
#1374=VERTEX_POINT('',#4436);
#1375=VERTEX_POINT('',#4438);
#1376=VERTEX_POINT('',#4440);
#1377=VERTEX_POINT('',#4444);
#1378=VERTEX_POINT('',#4448);
#1379=VERTEX_POINT('',#4452);
#1380=VERTEX_POINT('',#4456);
#1381=VERTEX_POINT('',#4460);
#1382=VERTEX_POINT('',#4464);
#1383=VERTEX_POINT('',#4468);
#1384=VERTEX_POINT('',#4472);
#1385=VERTEX_POINT('',#4476);
#1386=VERTEX_POINT('',#4480);
#1387=VERTEX_POINT('',#4484);
#1388=VERTEX_POINT('',#4488);
#1389=VERTEX_POINT('',#4492);
#1390=VERTEX_POINT('',#4496);
#1391=VERTEX_POINT('',#4500);
#1392=VERTEX_POINT('',#4504);
#1393=VERTEX_POINT('',#4508);
#1394=VERTEX_POINT('',#4512);
#1395=VERTEX_POINT('',#4516);
#1396=VERTEX_POINT('',#4520);
#1397=VERTEX_POINT('',#4524);
#1398=VERTEX_POINT('',#4528);
#1399=VERTEX_POINT('',#4532);
#1400=VERTEX_POINT('',#4536);
#1401=VERTEX_POINT('',#4540);
#1402=VERTEX_POINT('',#4544);
#1403=VERTEX_POINT('',#4548);
#1404=VERTEX_POINT('',#4552);
#1405=VERTEX_POINT('',#4556);
#1406=VERTEX_POINT('',#4560);
#1407=VERTEX_POINT('',#4564);
#1408=VERTEX_POINT('',#4568);
#1409=VERTEX_POINT('',#4572);
#1410=VERTEX_POINT('',#4576);
#1411=VERTEX_POINT('',#4580);
#1412=VERTEX_POINT('',#4584);
#1413=VERTEX_POINT('',#4588);
#1414=VERTEX_POINT('',#4592);
#1415=VERTEX_POINT('',#4596);
#1416=VERTEX_POINT('',#4600);
#1417=VERTEX_POINT('',#4604);
#1418=VERTEX_POINT('',#4608);
#1419=VERTEX_POINT('',#4612);
#1420=VERTEX_POINT('',#4616);
#1421=VERTEX_POINT('',#4620);
#1422=VERTEX_POINT('',#4624);
#1423=VERTEX_POINT('',#4628);
#1424=VERTEX_POINT('',#4632);
#1425=VERTEX_POINT('',#4636);
#1426=VERTEX_POINT('',#4640);
#1427=VERTEX_POINT('',#4644);
#1428=VERTEX_POINT('',#4648);
#1429=VERTEX_POINT('',#4652);
#1430=VERTEX_POINT('',#4656);
#1431=VERTEX_POINT('',#4660);
#1432=VERTEX_POINT('',#4664);
#1433=VERTEX_POINT('',#4668);
#1434=VERTEX_POINT('',#4672);
#1435=VERTEX_POINT('',#4676);
#1436=VERTEX_POINT('',#4680);
#1437=VERTEX_POINT('',#4684);
#1438=VERTEX_POINT('',#4688);
#1439=VERTEX_POINT('',#4692);
#1440=VERTEX_POINT('',#4696);
#1441=VERTEX_POINT('',#4700);
#1442=VERTEX_POINT('',#4704);
#1443=VERTEX_POINT('',#4708);
#1444=VERTEX_POINT('',#4712);
#1445=VERTEX_POINT('',#4716);
#1446=VERTEX_POINT('',#4720);
#1447=VERTEX_POINT('',#4724);
#1448=VERTEX_POINT('',#4728);
#1449=VERTEX_POINT('',#4733);
#1450=VERTEX_POINT('',#4738);
#1451=VERTEX_POINT('',#4743);
#1452=VERTEX_POINT('',#4751);
#1453=VERTEX_POINT('',#4756);
#1454=VERTEX_POINT('',#4760);
#1455=VERTEX_POINT('',#4766);
#1456=EDGE_CURVE('',#1208,#1208,#1034,.T.);
#1457=EDGE_CURVE('',#1208,#1209,#638,.T.);
#1458=EDGE_CURVE('',#1209,#1209,#1035,.T.);
#1459=EDGE_CURVE('',#1210,#1210,#1036,.T.);
#1460=EDGE_CURVE('',#1211,#1211,#1037,.T.);
#1461=EDGE_CURVE('',#1210,#1212,#639,.T.);
#1462=EDGE_CURVE('',#1212,#1212,#1038,.T.);
#1463=EDGE_CURVE('',#1211,#1213,#640,.T.);
#1464=EDGE_CURVE('',#1213,#1213,#1039,.T.);
#1465=EDGE_CURVE('',#1214,#1215,#641,.T.);
#1466=EDGE_CURVE('',#1214,#1216,#642,.T.);
#1467=EDGE_CURVE('',#1216,#1217,#643,.T.);
#1468=EDGE_CURVE('',#1215,#1217,#644,.T.);
#1469=EDGE_CURVE('',#1218,#1214,#645,.T.);
#1470=EDGE_CURVE('',#1218,#1219,#646,.T.);
#1471=EDGE_CURVE('',#1219,#1216,#647,.T.);
#1472=EDGE_CURVE('',#1220,#1218,#648,.T.);
#1473=EDGE_CURVE('',#1220,#1221,#649,.T.);
#1474=EDGE_CURVE('',#1221,#1219,#650,.T.);
#1475=EDGE_CURVE('',#1215,#1220,#651,.T.);
#1476=EDGE_CURVE('',#1217,#1221,#652,.T.);
#1477=EDGE_CURVE('',#1222,#1223,#653,.T.);
#1478=EDGE_CURVE('',#1224,#1222,#654,.T.);
#1479=EDGE_CURVE('',#1225,#1224,#655,.T.);
#1480=EDGE_CURVE('',#1223,#1225,#656,.T.);
#1481=EDGE_CURVE('',#1222,#1226,#657,.T.);
#1482=EDGE_CURVE('',#1227,#1226,#658,.T.);
#1483=EDGE_CURVE('',#1224,#1227,#659,.T.);
#1484=EDGE_CURVE('',#1223,#1228,#660,.T.);
#1485=EDGE_CURVE('',#1226,#1228,#661,.T.);
#1486=EDGE_CURVE('',#1225,#1229,#662,.T.);
#1487=EDGE_CURVE('',#1228,#1229,#663,.T.);
#1488=EDGE_CURVE('',#1229,#1227,#664,.T.);
#1489=EDGE_CURVE('',#1230,#1231,#665,.T.);
#1490=EDGE_CURVE('',#1232,#1230,#666,.T.);
#1491=EDGE_CURVE('',#1233,#1232,#667,.T.);
#1492=EDGE_CURVE('',#1233,#1231,#668,.T.);
#1493=EDGE_CURVE('',#1231,#1234,#669,.T.);
#1494=EDGE_CURVE('',#1235,#1233,#670,.T.);
#1495=EDGE_CURVE('',#1235,#1234,#671,.T.);
#1496=EDGE_CURVE('',#1234,#1236,#672,.T.);
#1497=EDGE_CURVE('',#1237,#1235,#673,.T.);
#1498=EDGE_CURVE('',#1238,#1237,#674,.T.);
#1499=EDGE_CURVE('',#1239,#1238,#675,.T.);
#1500=EDGE_CURVE('',#1239,#1236,#676,.T.);
#1501=EDGE_CURVE('',#1236,#1230,#677,.T.);
#1502=EDGE_CURVE('',#1240,#1239,#678,.T.);
#1503=EDGE_CURVE('',#1241,#1240,#679,.T.);
#1504=EDGE_CURVE('',#1232,#1241,#680,.T.);
#1505=EDGE_CURVE('',#1242,#1243,#681,.T.);
#1506=EDGE_CURVE('',#1244,#1242,#682,.T.);
#1507=EDGE_CURVE('',#1245,#1244,#683,.T.);
#1508=EDGE_CURVE('',#1245,#1243,#684,.T.);
#1509=EDGE_CURVE('',#1243,#1246,#685,.T.);
#1510=EDGE_CURVE('',#1247,#1245,#686,.T.);
#1511=EDGE_CURVE('',#1247,#1246,#687,.T.);
#1512=EDGE_CURVE('',#1246,#1248,#688,.T.);
#1513=EDGE_CURVE('',#1249,#1247,#689,.T.);
#1514=EDGE_CURVE('',#1250,#1249,#690,.T.);
#1515=EDGE_CURVE('',#1251,#1250,#691,.T.);
#1516=EDGE_CURVE('',#1251,#1248,#692,.T.);
#1517=EDGE_CURVE('',#1248,#1242,#693,.T.);
#1518=EDGE_CURVE('',#1252,#1251,#694,.T.);
#1519=EDGE_CURVE('',#1253,#1252,#695,.T.);
#1520=EDGE_CURVE('',#1244,#1253,#696,.T.);
#1521=EDGE_CURVE('',#1254,#1255,#697,.T.);
#1522=EDGE_CURVE('',#1256,#1254,#698,.T.);
#1523=EDGE_CURVE('',#1257,#1256,#699,.T.);
#1524=EDGE_CURVE('',#1257,#1255,#700,.T.);
#1525=EDGE_CURVE('',#1255,#1258,#701,.T.);
#1526=EDGE_CURVE('',#1259,#1257,#702,.T.);
#1527=EDGE_CURVE('',#1259,#1258,#703,.T.);
#1528=EDGE_CURVE('',#1258,#1260,#704,.T.);
#1529=EDGE_CURVE('',#1261,#1259,#705,.T.);
#1530=EDGE_CURVE('',#1262,#1261,#706,.T.);
#1531=EDGE_CURVE('',#1263,#1262,#707,.T.);
#1532=EDGE_CURVE('',#1263,#1260,#708,.T.);
#1533=EDGE_CURVE('',#1260,#1254,#709,.T.);
#1534=EDGE_CURVE('',#1264,#1263,#710,.T.);
#1535=EDGE_CURVE('',#1265,#1264,#711,.T.);
#1536=EDGE_CURVE('',#1256,#1265,#712,.T.);
#1537=EDGE_CURVE('',#1266,#1267,#713,.T.);
#1538=EDGE_CURVE('',#1268,#1266,#714,.T.);
#1539=EDGE_CURVE('',#1269,#1268,#715,.T.);
#1540=EDGE_CURVE('',#1269,#1267,#716,.T.);
#1541=EDGE_CURVE('',#1270,#1266,#717,.T.);
#1542=EDGE_CURVE('',#1271,#1270,#718,.T.);
#1543=EDGE_CURVE('',#1272,#1271,#719,.T.);
#1544=EDGE_CURVE('',#1273,#1272,#720,.T.);
#1545=EDGE_CURVE('',#1268,#1273,#721,.T.);
#1546=EDGE_CURVE('',#1267,#1274,#722,.T.);
#1547=EDGE_CURVE('',#1275,#1269,#723,.T.);
#1548=EDGE_CURVE('',#1275,#1274,#724,.T.);
#1549=EDGE_CURVE('',#1274,#1270,#725,.T.);
#1550=EDGE_CURVE('',#1276,#1275,#726,.T.);
#1551=EDGE_CURVE('',#1277,#1276,#727,.T.);
#1552=EDGE_CURVE('',#1271,#1277,#728,.T.);
#1553=EDGE_CURVE('',#1278,#1279,#729,.T.);
#1554=EDGE_CURVE('',#1280,#1278,#730,.T.);
#1555=EDGE_CURVE('',#1281,#1280,#731,.T.);
#1556=EDGE_CURVE('',#1279,#1281,#732,.T.);
#1557=EDGE_CURVE('',#1282,#1282,#1040,.T.);
#1558=EDGE_CURVE('',#1283,#1283,#1041,.T.);
#1559=EDGE_CURVE('',#1284,#1284,#1042,.T.);
#1560=EDGE_CURVE('',#1285,#1285,#1043,.T.);
#1561=EDGE_CURVE('',#1286,#1286,#1044,.T.);
#1562=EDGE_CURVE('',#1287,#1287,#1045,.T.);
#1563=EDGE_CURVE('',#1288,#1288,#1046,.T.);
#1564=EDGE_CURVE('',#1289,#1289,#1047,.T.);
#1565=EDGE_CURVE('',#1290,#1290,#1048,.T.);
#1566=EDGE_CURVE('',#1291,#1291,#1049,.T.);
#1567=EDGE_CURVE('',#1292,#1292,#1050,.T.);
#1568=EDGE_CURVE('',#1293,#1293,#1051,.T.);
#1569=EDGE_CURVE('',#1294,#1294,#1052,.T.);
#1570=EDGE_CURVE('',#1295,#1295,#1053,.T.);
#1571=EDGE_CURVE('',#1296,#1296,#1054,.T.);
#1572=EDGE_CURVE('',#1297,#1297,#1055,.T.);
#1573=EDGE_CURVE('',#1298,#1298,#1056,.T.);
#1574=EDGE_CURVE('',#1299,#1299,#1057,.T.);
#1575=EDGE_CURVE('',#1300,#1300,#1058,.T.);
#1576=EDGE_CURVE('',#1301,#1301,#1059,.T.);
#1577=EDGE_CURVE('',#1302,#1302,#1060,.T.);
#1578=EDGE_CURVE('',#1303,#1303,#1061,.T.);
#1579=EDGE_CURVE('',#1304,#1304,#1062,.T.);
#1580=EDGE_CURVE('',#1305,#1305,#1063,.T.);
#1581=EDGE_CURVE('',#1306,#1306,#1064,.T.);
#1582=EDGE_CURVE('',#1307,#1307,#1065,.T.);
#1583=EDGE_CURVE('',#1308,#1308,#1066,.T.);
#1584=EDGE_CURVE('',#1309,#1309,#1067,.T.);
#1585=EDGE_CURVE('',#1310,#1310,#1068,.T.);
#1586=EDGE_CURVE('',#1311,#1311,#1069,.T.);
#1587=EDGE_CURVE('',#1312,#1312,#1070,.T.);
#1588=EDGE_CURVE('',#1313,#1313,#1071,.T.);
#1589=EDGE_CURVE('',#1314,#1314,#1072,.T.);
#1590=EDGE_CURVE('',#1315,#1315,#1073,.T.);
#1591=EDGE_CURVE('',#1316,#1316,#1074,.T.);
#1592=EDGE_CURVE('',#1317,#1317,#1075,.T.);
#1593=EDGE_CURVE('',#1318,#1318,#1076,.T.);
#1594=EDGE_CURVE('',#1319,#1319,#1077,.T.);
#1595=EDGE_CURVE('',#1320,#1320,#1078,.T.);
#1596=EDGE_CURVE('',#1321,#1321,#1079,.T.);
#1597=EDGE_CURVE('',#1322,#1322,#1080,.T.);
#1598=EDGE_CURVE('',#1323,#1323,#1081,.T.);
#1599=EDGE_CURVE('',#1324,#1324,#1082,.T.);
#1600=EDGE_CURVE('',#1325,#1325,#1083,.T.);
#1601=EDGE_CURVE('',#1326,#1326,#1084,.T.);
#1602=EDGE_CURVE('',#1327,#1327,#1085,.T.);
#1603=EDGE_CURVE('',#1328,#1328,#1086,.T.);
#1604=EDGE_CURVE('',#1329,#1329,#1087,.T.);
#1605=EDGE_CURVE('',#1330,#1330,#1088,.T.);
#1606=EDGE_CURVE('',#1331,#1331,#1089,.T.);
#1607=EDGE_CURVE('',#1332,#1332,#1090,.T.);
#1608=EDGE_CURVE('',#1333,#1333,#1091,.T.);
#1609=EDGE_CURVE('',#1334,#1334,#1092,.T.);
#1610=EDGE_CURVE('',#1335,#1335,#1093,.T.);
#1611=EDGE_CURVE('',#1336,#1336,#1094,.T.);
#1612=EDGE_CURVE('',#1337,#1337,#1095,.T.);
#1613=EDGE_CURVE('',#1338,#1338,#1096,.T.);
#1614=EDGE_CURVE('',#1339,#1339,#1097,.T.);
#1615=EDGE_CURVE('',#1340,#1340,#1098,.T.);
#1616=EDGE_CURVE('',#1341,#1341,#1099,.T.);
#1617=EDGE_CURVE('',#1342,#1342,#1100,.T.);
#1618=EDGE_CURVE('',#1343,#1343,#1101,.T.);
#1619=EDGE_CURVE('',#1344,#1344,#1102,.T.);
#1620=EDGE_CURVE('',#1345,#1345,#1103,.T.);
#1621=EDGE_CURVE('',#1346,#1346,#1104,.T.);
#1622=EDGE_CURVE('',#1347,#1347,#1105,.T.);
#1623=EDGE_CURVE('',#1348,#1348,#1106,.T.);
#1624=EDGE_CURVE('',#1349,#1349,#1107,.T.);
#1625=EDGE_CURVE('',#1350,#1350,#1108,.T.);
#1626=EDGE_CURVE('',#1351,#1351,#1109,.T.);
#1627=EDGE_CURVE('',#1352,#1352,#1110,.T.);
#1628=EDGE_CURVE('',#1241,#1249,#733,.T.);
#1629=EDGE_CURVE('',#1253,#1276,#734,.T.);
#1630=EDGE_CURVE('',#1273,#1261,#735,.T.);
#1631=EDGE_CURVE('',#1265,#1237,#736,.T.);
#1632=EDGE_CURVE('',#1272,#1262,#737,.T.);
#1633=EDGE_CURVE('',#1252,#1277,#738,.T.);
#1634=EDGE_CURVE('',#1240,#1250,#739,.T.);
#1635=EDGE_CURVE('',#1264,#1238,#740,.T.);
#1636=EDGE_CURVE('',#1353,#1354,#19,.T.);
#1637=EDGE_CURVE('',#1355,#1353,#1111,.T.);
#1638=EDGE_CURVE('',#1354,#1355,#20,.T.);
#1639=EDGE_CURVE('',#1354,#1356,#741,.T.);
#1640=EDGE_CURVE('',#1356,#1356,#1112,.T.);
#1641=EDGE_CURVE('',#1357,#1358,#21,.T.);
#1642=EDGE_CURVE('',#1359,#1357,#1113,.T.);
#1643=EDGE_CURVE('',#1358,#1359,#22,.T.);
#1644=EDGE_CURVE('',#1358,#1360,#742,.T.);
#1645=EDGE_CURVE('',#1360,#1360,#1114,.T.);
#1646=EDGE_CURVE('',#1359,#1353,#743,.T.);
#1647=EDGE_CURVE('',#1361,#1357,#744,.T.);
#1648=EDGE_CURVE('',#1362,#1361,#745,.T.);
#1649=EDGE_CURVE('',#1363,#1362,#746,.T.);
#1650=EDGE_CURVE('',#1364,#1363,#747,.T.);
#1651=EDGE_CURVE('',#1355,#1364,#748,.T.);
#1652=EDGE_CURVE('',#1365,#1366,#23,.T.);
#1653=EDGE_CURVE('',#1367,#1365,#1115,.T.);
#1654=EDGE_CURVE('',#1367,#1368,#749,.T.);
#1655=EDGE_CURVE('',#1368,#1368,#1116,.T.);
#1656=EDGE_CURVE('',#1366,#1367,#1117,.T.);
#1657=EDGE_CURVE('',#1369,#1370,#24,.T.);
#1658=EDGE_CURVE('',#1371,#1369,#1118,.T.);
#1659=EDGE_CURVE('',#1371,#1372,#750,.T.);
#1660=EDGE_CURVE('',#1372,#1372,#1119,.T.);
#1661=EDGE_CURVE('',#1370,#1371,#1120,.T.);
#1662=EDGE_CURVE('',#1370,#1365,#751,.T.);
#1663=EDGE_CURVE('',#1373,#1369,#752,.T.);
#1664=EDGE_CURVE('',#1374,#1373,#753,.T.);
#1665=EDGE_CURVE('',#1375,#1374,#754,.T.);
#1666=EDGE_CURVE('',#1376,#1375,#755,.T.);
#1667=EDGE_CURVE('',#1366,#1376,#756,.T.);
#1668=EDGE_CURVE('',#1352,#1377,#757,.T.);
#1669=EDGE_CURVE('',#1377,#1377,#1121,.T.);
#1670=EDGE_CURVE('',#1351,#1378,#758,.T.);
#1671=EDGE_CURVE('',#1378,#1378,#1122,.T.);
#1672=EDGE_CURVE('',#1350,#1379,#759,.T.);
#1673=EDGE_CURVE('',#1379,#1379,#1123,.T.);
#1674=EDGE_CURVE('',#1349,#1380,#760,.T.);
#1675=EDGE_CURVE('',#1380,#1380,#1124,.T.);
#1676=EDGE_CURVE('',#1348,#1381,#761,.T.);
#1677=EDGE_CURVE('',#1381,#1381,#1125,.T.);
#1678=EDGE_CURVE('',#1347,#1382,#762,.T.);
#1679=EDGE_CURVE('',#1382,#1382,#1126,.T.);
#1680=EDGE_CURVE('',#1346,#1383,#763,.T.);
#1681=EDGE_CURVE('',#1383,#1383,#1127,.T.);
#1682=EDGE_CURVE('',#1345,#1384,#764,.T.);
#1683=EDGE_CURVE('',#1384,#1384,#1128,.T.);
#1684=EDGE_CURVE('',#1344,#1385,#765,.T.);
#1685=EDGE_CURVE('',#1385,#1385,#1129,.T.);
#1686=EDGE_CURVE('',#1343,#1386,#766,.T.);
#1687=EDGE_CURVE('',#1386,#1386,#1130,.T.);
#1688=EDGE_CURVE('',#1342,#1387,#767,.T.);
#1689=EDGE_CURVE('',#1387,#1387,#1131,.T.);
#1690=EDGE_CURVE('',#1341,#1388,#768,.T.);
#1691=EDGE_CURVE('',#1388,#1388,#1132,.T.);
#1692=EDGE_CURVE('',#1340,#1389,#769,.T.);
#1693=EDGE_CURVE('',#1389,#1389,#1133,.T.);
#1694=EDGE_CURVE('',#1339,#1390,#770,.T.);
#1695=EDGE_CURVE('',#1390,#1390,#1134,.T.);
#1696=EDGE_CURVE('',#1338,#1391,#771,.T.);
#1697=EDGE_CURVE('',#1391,#1391,#1135,.T.);
#1698=EDGE_CURVE('',#1337,#1392,#772,.T.);
#1699=EDGE_CURVE('',#1392,#1392,#1136,.T.);
#1700=EDGE_CURVE('',#1336,#1393,#773,.T.);
#1701=EDGE_CURVE('',#1393,#1393,#1137,.T.);
#1702=EDGE_CURVE('',#1335,#1394,#774,.T.);
#1703=EDGE_CURVE('',#1394,#1394,#1138,.T.);
#1704=EDGE_CURVE('',#1334,#1395,#775,.T.);
#1705=EDGE_CURVE('',#1395,#1395,#1139,.T.);
#1706=EDGE_CURVE('',#1333,#1396,#776,.T.);
#1707=EDGE_CURVE('',#1396,#1396,#1140,.T.);
#1708=EDGE_CURVE('',#1332,#1397,#777,.T.);
#1709=EDGE_CURVE('',#1397,#1397,#1141,.T.);
#1710=EDGE_CURVE('',#1331,#1398,#778,.T.);
#1711=EDGE_CURVE('',#1398,#1398,#1142,.T.);
#1712=EDGE_CURVE('',#1330,#1399,#779,.T.);
#1713=EDGE_CURVE('',#1399,#1399,#1143,.T.);
#1714=EDGE_CURVE('',#1329,#1400,#780,.T.);
#1715=EDGE_CURVE('',#1400,#1400,#1144,.T.);
#1716=EDGE_CURVE('',#1328,#1401,#781,.T.);
#1717=EDGE_CURVE('',#1401,#1401,#1145,.T.);
#1718=EDGE_CURVE('',#1327,#1402,#782,.T.);
#1719=EDGE_CURVE('',#1402,#1402,#1146,.T.);
#1720=EDGE_CURVE('',#1326,#1403,#783,.T.);
#1721=EDGE_CURVE('',#1403,#1403,#1147,.T.);
#1722=EDGE_CURVE('',#1325,#1404,#784,.T.);
#1723=EDGE_CURVE('',#1404,#1404,#1148,.T.);
#1724=EDGE_CURVE('',#1324,#1405,#785,.T.);
#1725=EDGE_CURVE('',#1405,#1405,#1149,.T.);
#1726=EDGE_CURVE('',#1323,#1406,#786,.T.);
#1727=EDGE_CURVE('',#1406,#1406,#1150,.T.);
#1728=EDGE_CURVE('',#1322,#1407,#787,.T.);
#1729=EDGE_CURVE('',#1407,#1407,#1151,.T.);
#1730=EDGE_CURVE('',#1321,#1408,#788,.T.);
#1731=EDGE_CURVE('',#1408,#1408,#1152,.T.);
#1732=EDGE_CURVE('',#1320,#1409,#789,.T.);
#1733=EDGE_CURVE('',#1409,#1409,#1153,.T.);
#1734=EDGE_CURVE('',#1319,#1410,#790,.T.);
#1735=EDGE_CURVE('',#1410,#1410,#1154,.T.);
#1736=EDGE_CURVE('',#1318,#1411,#791,.T.);
#1737=EDGE_CURVE('',#1411,#1411,#1155,.T.);
#1738=EDGE_CURVE('',#1317,#1412,#792,.T.);
#1739=EDGE_CURVE('',#1412,#1412,#1156,.T.);
#1740=EDGE_CURVE('',#1316,#1413,#793,.T.);
#1741=EDGE_CURVE('',#1413,#1413,#1157,.T.);
#1742=EDGE_CURVE('',#1315,#1414,#794,.T.);
#1743=EDGE_CURVE('',#1414,#1414,#1158,.T.);
#1744=EDGE_CURVE('',#1314,#1415,#795,.T.);
#1745=EDGE_CURVE('',#1415,#1415,#1159,.T.);
#1746=EDGE_CURVE('',#1313,#1416,#796,.T.);
#1747=EDGE_CURVE('',#1416,#1416,#1160,.T.);
#1748=EDGE_CURVE('',#1312,#1417,#797,.T.);
#1749=EDGE_CURVE('',#1417,#1417,#1161,.T.);
#1750=EDGE_CURVE('',#1311,#1418,#798,.T.);
#1751=EDGE_CURVE('',#1418,#1418,#1162,.T.);
#1752=EDGE_CURVE('',#1310,#1419,#799,.T.);
#1753=EDGE_CURVE('',#1419,#1419,#1163,.T.);
#1754=EDGE_CURVE('',#1309,#1420,#800,.T.);
#1755=EDGE_CURVE('',#1420,#1420,#1164,.T.);
#1756=EDGE_CURVE('',#1308,#1421,#801,.T.);
#1757=EDGE_CURVE('',#1421,#1421,#1165,.T.);
#1758=EDGE_CURVE('',#1307,#1422,#802,.T.);
#1759=EDGE_CURVE('',#1422,#1422,#1166,.T.);
#1760=EDGE_CURVE('',#1306,#1423,#803,.T.);
#1761=EDGE_CURVE('',#1423,#1423,#1167,.T.);
#1762=EDGE_CURVE('',#1305,#1424,#804,.T.);
#1763=EDGE_CURVE('',#1424,#1424,#1168,.T.);
#1764=EDGE_CURVE('',#1304,#1425,#805,.T.);
#1765=EDGE_CURVE('',#1425,#1425,#1169,.T.);
#1766=EDGE_CURVE('',#1303,#1426,#806,.T.);
#1767=EDGE_CURVE('',#1426,#1426,#1170,.T.);
#1768=EDGE_CURVE('',#1302,#1427,#807,.T.);
#1769=EDGE_CURVE('',#1427,#1427,#1171,.T.);
#1770=EDGE_CURVE('',#1301,#1428,#808,.T.);
#1771=EDGE_CURVE('',#1428,#1428,#1172,.T.);
#1772=EDGE_CURVE('',#1300,#1429,#809,.T.);
#1773=EDGE_CURVE('',#1429,#1429,#1173,.T.);
#1774=EDGE_CURVE('',#1299,#1430,#810,.T.);
#1775=EDGE_CURVE('',#1430,#1430,#1174,.T.);
#1776=EDGE_CURVE('',#1298,#1431,#811,.T.);
#1777=EDGE_CURVE('',#1431,#1431,#1175,.T.);
#1778=EDGE_CURVE('',#1297,#1432,#812,.T.);
#1779=EDGE_CURVE('',#1432,#1432,#1176,.T.);
#1780=EDGE_CURVE('',#1296,#1433,#813,.T.);
#1781=EDGE_CURVE('',#1433,#1433,#1177,.T.);
#1782=EDGE_CURVE('',#1295,#1434,#814,.T.);
#1783=EDGE_CURVE('',#1434,#1434,#1178,.T.);
#1784=EDGE_CURVE('',#1294,#1435,#815,.T.);
#1785=EDGE_CURVE('',#1435,#1435,#1179,.T.);
#1786=EDGE_CURVE('',#1293,#1436,#816,.T.);
#1787=EDGE_CURVE('',#1436,#1436,#1180,.T.);
#1788=EDGE_CURVE('',#1292,#1437,#817,.T.);
#1789=EDGE_CURVE('',#1437,#1437,#1181,.T.);
#1790=EDGE_CURVE('',#1291,#1438,#818,.T.);
#1791=EDGE_CURVE('',#1438,#1438,#1182,.T.);
#1792=EDGE_CURVE('',#1290,#1439,#819,.T.);
#1793=EDGE_CURVE('',#1439,#1439,#1183,.T.);
#1794=EDGE_CURVE('',#1289,#1440,#820,.T.);
#1795=EDGE_CURVE('',#1440,#1440,#1184,.T.);
#1796=EDGE_CURVE('',#1288,#1441,#821,.T.);
#1797=EDGE_CURVE('',#1441,#1441,#1185,.T.);
#1798=EDGE_CURVE('',#1287,#1442,#822,.T.);
#1799=EDGE_CURVE('',#1442,#1442,#1186,.T.);
#1800=EDGE_CURVE('',#1286,#1443,#823,.T.);
#1801=EDGE_CURVE('',#1443,#1443,#1187,.T.);
#1802=EDGE_CURVE('',#1285,#1444,#824,.T.);
#1803=EDGE_CURVE('',#1444,#1444,#1188,.T.);
#1804=EDGE_CURVE('',#1284,#1445,#825,.T.);
#1805=EDGE_CURVE('',#1445,#1445,#1189,.T.);
#1806=EDGE_CURVE('',#1283,#1446,#826,.T.);
#1807=EDGE_CURVE('',#1446,#1446,#1190,.T.);
#1808=EDGE_CURVE('',#1282,#1447,#827,.T.);
#1809=EDGE_CURVE('',#1447,#1447,#1191,.T.);
#1810=EDGE_CURVE('',#1361,#1448,#1192,.F.);
#1811=EDGE_CURVE('',#1280,#1361,#1193,.F.);
#1812=EDGE_CURVE('',#1448,#1280,#1194,.F.);
#1813=EDGE_CURVE('',#1278,#1449,#1195,.F.);
#1814=EDGE_CURVE('',#1376,#1278,#1196,.F.);
#1815=EDGE_CURVE('',#1449,#1376,#1197,.F.);
#1816=EDGE_CURVE('',#1450,#1364,#1198,.F.);
#1817=EDGE_CURVE('',#1281,#1450,#1199,.F.);
#1818=EDGE_CURVE('',#1364,#1281,#1200,.F.);
#1819=EDGE_CURVE('',#1373,#1451,#1201,.F.);
#1820=EDGE_CURVE('',#1279,#1373,#1202,.F.);
#1821=EDGE_CURVE('',#1451,#1279,#1203,.F.);
#1822=EDGE_CURVE('',#1450,#1451,#828,.T.);
#1823=EDGE_CURVE('',#1452,#1374,#1204,.T.);
#1824=EDGE_CURVE('',#1451,#1452,#829,.T.);
#1825=EDGE_CURVE('',#1363,#1453,#1205,.T.);
#1826=EDGE_CURVE('',#1453,#1450,#830,.T.);
#1827=EDGE_CURVE('',#1375,#1454,#1206,.T.);
#1828=EDGE_CURVE('',#1454,#1449,#831,.T.);
#1829=EDGE_CURVE('',#1449,#1448,#832,.T.);
#1830=EDGE_CURVE('',#1455,#1362,#1207,.T.);
#1831=EDGE_CURVE('',#1448,#1455,#833,.T.);
#1832=EDGE_CURVE('',#1455,#1454,#834,.T.);
#1833=EDGE_CURVE('',#1452,#1453,#835,.T.);
#1834=ORIENTED_EDGE('',*,*,#1456,.F.);
#1835=ORIENTED_EDGE('',*,*,#1457,.T.);
#1836=ORIENTED_EDGE('',*,*,#1458,.T.);
#1837=ORIENTED_EDGE('',*,*,#1457,.F.);
#1838=ORIENTED_EDGE('',*,*,#1458,.F.);
#1839=ORIENTED_EDGE('',*,*,#1459,.F.);
#1840=ORIENTED_EDGE('',*,*,#1460,.F.);
#1841=ORIENTED_EDGE('',*,*,#1459,.T.);
#1842=ORIENTED_EDGE('',*,*,#1461,.T.);
#1843=ORIENTED_EDGE('',*,*,#1462,.F.);
#1844=ORIENTED_EDGE('',*,*,#1461,.F.);
#1845=ORIENTED_EDGE('',*,*,#1460,.T.);
#1846=ORIENTED_EDGE('',*,*,#1463,.T.);
#1847=ORIENTED_EDGE('',*,*,#1464,.F.);
#1848=ORIENTED_EDGE('',*,*,#1463,.F.);
#1849=ORIENTED_EDGE('',*,*,#1465,.F.);
#1850=ORIENTED_EDGE('',*,*,#1466,.T.);
#1851=ORIENTED_EDGE('',*,*,#1467,.T.);
#1852=ORIENTED_EDGE('',*,*,#1468,.F.);
#1853=ORIENTED_EDGE('',*,*,#1469,.F.);
#1854=ORIENTED_EDGE('',*,*,#1470,.T.);
#1855=ORIENTED_EDGE('',*,*,#1471,.T.);
#1856=ORIENTED_EDGE('',*,*,#1466,.F.);
#1857=ORIENTED_EDGE('',*,*,#1472,.F.);
#1858=ORIENTED_EDGE('',*,*,#1473,.T.);
#1859=ORIENTED_EDGE('',*,*,#1474,.T.);
#1860=ORIENTED_EDGE('',*,*,#1470,.F.);
#1861=ORIENTED_EDGE('',*,*,#1475,.F.);
#1862=ORIENTED_EDGE('',*,*,#1468,.T.);
#1863=ORIENTED_EDGE('',*,*,#1476,.T.);
#1864=ORIENTED_EDGE('',*,*,#1473,.F.);
#1865=ORIENTED_EDGE('',*,*,#1476,.F.);
#1866=ORIENTED_EDGE('',*,*,#1467,.F.);
#1867=ORIENTED_EDGE('',*,*,#1471,.F.);
#1868=ORIENTED_EDGE('',*,*,#1474,.F.);
#1869=ORIENTED_EDGE('',*,*,#1477,.F.);
#1870=ORIENTED_EDGE('',*,*,#1478,.F.);
#1871=ORIENTED_EDGE('',*,*,#1479,.F.);
#1872=ORIENTED_EDGE('',*,*,#1480,.F.);
#1873=ORIENTED_EDGE('',*,*,#1478,.T.);
#1874=ORIENTED_EDGE('',*,*,#1481,.T.);
#1875=ORIENTED_EDGE('',*,*,#1482,.F.);
#1876=ORIENTED_EDGE('',*,*,#1483,.F.);
#1877=ORIENTED_EDGE('',*,*,#1477,.T.);
#1878=ORIENTED_EDGE('',*,*,#1484,.T.);
#1879=ORIENTED_EDGE('',*,*,#1485,.F.);
#1880=ORIENTED_EDGE('',*,*,#1481,.F.);
#1881=ORIENTED_EDGE('',*,*,#1480,.T.);
#1882=ORIENTED_EDGE('',*,*,#1486,.T.);
#1883=ORIENTED_EDGE('',*,*,#1487,.F.);
#1884=ORIENTED_EDGE('',*,*,#1484,.F.);
#1885=ORIENTED_EDGE('',*,*,#1479,.T.);
#1886=ORIENTED_EDGE('',*,*,#1483,.T.);
#1887=ORIENTED_EDGE('',*,*,#1488,.F.);
#1888=ORIENTED_EDGE('',*,*,#1486,.F.);
#1889=ORIENTED_EDGE('',*,*,#1489,.F.);
#1890=ORIENTED_EDGE('',*,*,#1490,.F.);
#1891=ORIENTED_EDGE('',*,*,#1491,.F.);
#1892=ORIENTED_EDGE('',*,*,#1492,.T.);
#1893=ORIENTED_EDGE('',*,*,#1493,.F.);
#1894=ORIENTED_EDGE('',*,*,#1492,.F.);
#1895=ORIENTED_EDGE('',*,*,#1494,.F.);
#1896=ORIENTED_EDGE('',*,*,#1495,.T.);
#1897=ORIENTED_EDGE('',*,*,#1496,.F.);
#1898=ORIENTED_EDGE('',*,*,#1495,.F.);
#1899=ORIENTED_EDGE('',*,*,#1497,.F.);
#1900=ORIENTED_EDGE('',*,*,#1498,.F.);
#1901=ORIENTED_EDGE('',*,*,#1499,.F.);
#1902=ORIENTED_EDGE('',*,*,#1500,.T.);
#1903=ORIENTED_EDGE('',*,*,#1501,.F.);
#1904=ORIENTED_EDGE('',*,*,#1500,.F.);
#1905=ORIENTED_EDGE('',*,*,#1502,.F.);
#1906=ORIENTED_EDGE('',*,*,#1503,.F.);
#1907=ORIENTED_EDGE('',*,*,#1504,.F.);
#1908=ORIENTED_EDGE('',*,*,#1490,.T.);
#1909=ORIENTED_EDGE('',*,*,#1505,.F.);
#1910=ORIENTED_EDGE('',*,*,#1506,.F.);
#1911=ORIENTED_EDGE('',*,*,#1507,.F.);
#1912=ORIENTED_EDGE('',*,*,#1508,.T.);
#1913=ORIENTED_EDGE('',*,*,#1509,.F.);
#1914=ORIENTED_EDGE('',*,*,#1508,.F.);
#1915=ORIENTED_EDGE('',*,*,#1510,.F.);
#1916=ORIENTED_EDGE('',*,*,#1511,.T.);
#1917=ORIENTED_EDGE('',*,*,#1512,.F.);
#1918=ORIENTED_EDGE('',*,*,#1511,.F.);
#1919=ORIENTED_EDGE('',*,*,#1513,.F.);
#1920=ORIENTED_EDGE('',*,*,#1514,.F.);
#1921=ORIENTED_EDGE('',*,*,#1515,.F.);
#1922=ORIENTED_EDGE('',*,*,#1516,.T.);
#1923=ORIENTED_EDGE('',*,*,#1517,.F.);
#1924=ORIENTED_EDGE('',*,*,#1516,.F.);
#1925=ORIENTED_EDGE('',*,*,#1518,.F.);
#1926=ORIENTED_EDGE('',*,*,#1519,.F.);
#1927=ORIENTED_EDGE('',*,*,#1520,.F.);
#1928=ORIENTED_EDGE('',*,*,#1506,.T.);
#1929=ORIENTED_EDGE('',*,*,#1521,.F.);
#1930=ORIENTED_EDGE('',*,*,#1522,.F.);
#1931=ORIENTED_EDGE('',*,*,#1523,.F.);
#1932=ORIENTED_EDGE('',*,*,#1524,.T.);
#1933=ORIENTED_EDGE('',*,*,#1525,.F.);
#1934=ORIENTED_EDGE('',*,*,#1524,.F.);
#1935=ORIENTED_EDGE('',*,*,#1526,.F.);
#1936=ORIENTED_EDGE('',*,*,#1527,.T.);
#1937=ORIENTED_EDGE('',*,*,#1528,.F.);
#1938=ORIENTED_EDGE('',*,*,#1527,.F.);
#1939=ORIENTED_EDGE('',*,*,#1529,.F.);
#1940=ORIENTED_EDGE('',*,*,#1530,.F.);
#1941=ORIENTED_EDGE('',*,*,#1531,.F.);
#1942=ORIENTED_EDGE('',*,*,#1532,.T.);
#1943=ORIENTED_EDGE('',*,*,#1533,.F.);
#1944=ORIENTED_EDGE('',*,*,#1532,.F.);
#1945=ORIENTED_EDGE('',*,*,#1534,.F.);
#1946=ORIENTED_EDGE('',*,*,#1535,.F.);
#1947=ORIENTED_EDGE('',*,*,#1536,.F.);
#1948=ORIENTED_EDGE('',*,*,#1522,.T.);
#1949=ORIENTED_EDGE('',*,*,#1537,.F.);
#1950=ORIENTED_EDGE('',*,*,#1538,.F.);
#1951=ORIENTED_EDGE('',*,*,#1539,.F.);
#1952=ORIENTED_EDGE('',*,*,#1540,.T.);
#1953=ORIENTED_EDGE('',*,*,#1541,.F.);
#1954=ORIENTED_EDGE('',*,*,#1542,.F.);
#1955=ORIENTED_EDGE('',*,*,#1543,.F.);
#1956=ORIENTED_EDGE('',*,*,#1544,.F.);
#1957=ORIENTED_EDGE('',*,*,#1545,.F.);
#1958=ORIENTED_EDGE('',*,*,#1538,.T.);
#1959=ORIENTED_EDGE('',*,*,#1546,.F.);
#1960=ORIENTED_EDGE('',*,*,#1540,.F.);
#1961=ORIENTED_EDGE('',*,*,#1547,.F.);
#1962=ORIENTED_EDGE('',*,*,#1548,.T.);
#1963=ORIENTED_EDGE('',*,*,#1549,.F.);
#1964=ORIENTED_EDGE('',*,*,#1548,.F.);
#1965=ORIENTED_EDGE('',*,*,#1550,.F.);
#1966=ORIENTED_EDGE('',*,*,#1551,.F.);
#1967=ORIENTED_EDGE('',*,*,#1552,.F.);
#1968=ORIENTED_EDGE('',*,*,#1542,.T.);
#1969=ORIENTED_EDGE('',*,*,#1553,.F.);
#1970=ORIENTED_EDGE('',*,*,#1554,.F.);
#1971=ORIENTED_EDGE('',*,*,#1555,.F.);
#1972=ORIENTED_EDGE('',*,*,#1556,.F.);
#1973=ORIENTED_EDGE('',*,*,#1456,.T.);
#1974=ORIENTED_EDGE('',*,*,#1482,.T.);
#1975=ORIENTED_EDGE('',*,*,#1485,.T.);
#1976=ORIENTED_EDGE('',*,*,#1487,.T.);
#1977=ORIENTED_EDGE('',*,*,#1488,.T.);
#1978=ORIENTED_EDGE('',*,*,#1557,.T.);
#1979=ORIENTED_EDGE('',*,*,#1558,.T.);
#1980=ORIENTED_EDGE('',*,*,#1559,.T.);
#1981=ORIENTED_EDGE('',*,*,#1560,.T.);
#1982=ORIENTED_EDGE('',*,*,#1561,.T.);
#1983=ORIENTED_EDGE('',*,*,#1562,.T.);
#1984=ORIENTED_EDGE('',*,*,#1563,.T.);
#1985=ORIENTED_EDGE('',*,*,#1564,.T.);
#1986=ORIENTED_EDGE('',*,*,#1565,.T.);
#1987=ORIENTED_EDGE('',*,*,#1566,.T.);
#1988=ORIENTED_EDGE('',*,*,#1567,.T.);
#1989=ORIENTED_EDGE('',*,*,#1568,.T.);
#1990=ORIENTED_EDGE('',*,*,#1569,.T.);
#1991=ORIENTED_EDGE('',*,*,#1570,.T.);
#1992=ORIENTED_EDGE('',*,*,#1571,.T.);
#1993=ORIENTED_EDGE('',*,*,#1572,.T.);
#1994=ORIENTED_EDGE('',*,*,#1573,.T.);
#1995=ORIENTED_EDGE('',*,*,#1574,.T.);
#1996=ORIENTED_EDGE('',*,*,#1575,.T.);
#1997=ORIENTED_EDGE('',*,*,#1576,.T.);
#1998=ORIENTED_EDGE('',*,*,#1577,.T.);
#1999=ORIENTED_EDGE('',*,*,#1578,.T.);
#2000=ORIENTED_EDGE('',*,*,#1579,.T.);
#2001=ORIENTED_EDGE('',*,*,#1580,.T.);
#2002=ORIENTED_EDGE('',*,*,#1581,.T.);
#2003=ORIENTED_EDGE('',*,*,#1582,.T.);
#2004=ORIENTED_EDGE('',*,*,#1583,.T.);
#2005=ORIENTED_EDGE('',*,*,#1584,.T.);
#2006=ORIENTED_EDGE('',*,*,#1585,.T.);
#2007=ORIENTED_EDGE('',*,*,#1586,.T.);
#2008=ORIENTED_EDGE('',*,*,#1587,.T.);
#2009=ORIENTED_EDGE('',*,*,#1588,.T.);
#2010=ORIENTED_EDGE('',*,*,#1589,.T.);
#2011=ORIENTED_EDGE('',*,*,#1590,.T.);
#2012=ORIENTED_EDGE('',*,*,#1591,.T.);
#2013=ORIENTED_EDGE('',*,*,#1592,.T.);
#2014=ORIENTED_EDGE('',*,*,#1593,.T.);
#2015=ORIENTED_EDGE('',*,*,#1594,.T.);
#2016=ORIENTED_EDGE('',*,*,#1595,.T.);
#2017=ORIENTED_EDGE('',*,*,#1596,.T.);
#2018=ORIENTED_EDGE('',*,*,#1597,.T.);
#2019=ORIENTED_EDGE('',*,*,#1598,.T.);
#2020=ORIENTED_EDGE('',*,*,#1599,.T.);
#2021=ORIENTED_EDGE('',*,*,#1600,.T.);
#2022=ORIENTED_EDGE('',*,*,#1601,.T.);
#2023=ORIENTED_EDGE('',*,*,#1602,.T.);
#2024=ORIENTED_EDGE('',*,*,#1603,.T.);
#2025=ORIENTED_EDGE('',*,*,#1604,.T.);
#2026=ORIENTED_EDGE('',*,*,#1605,.T.);
#2027=ORIENTED_EDGE('',*,*,#1606,.T.);
#2028=ORIENTED_EDGE('',*,*,#1607,.T.);
#2029=ORIENTED_EDGE('',*,*,#1608,.T.);
#2030=ORIENTED_EDGE('',*,*,#1609,.T.);
#2031=ORIENTED_EDGE('',*,*,#1610,.T.);
#2032=ORIENTED_EDGE('',*,*,#1611,.T.);
#2033=ORIENTED_EDGE('',*,*,#1612,.T.);
#2034=ORIENTED_EDGE('',*,*,#1613,.T.);
#2035=ORIENTED_EDGE('',*,*,#1614,.T.);
#2036=ORIENTED_EDGE('',*,*,#1615,.T.);
#2037=ORIENTED_EDGE('',*,*,#1616,.T.);
#2038=ORIENTED_EDGE('',*,*,#1617,.T.);
#2039=ORIENTED_EDGE('',*,*,#1618,.T.);
#2040=ORIENTED_EDGE('',*,*,#1619,.T.);
#2041=ORIENTED_EDGE('',*,*,#1620,.T.);
#2042=ORIENTED_EDGE('',*,*,#1621,.T.);
#2043=ORIENTED_EDGE('',*,*,#1622,.T.);
#2044=ORIENTED_EDGE('',*,*,#1623,.T.);
#2045=ORIENTED_EDGE('',*,*,#1624,.T.);
#2046=ORIENTED_EDGE('',*,*,#1625,.T.);
#2047=ORIENTED_EDGE('',*,*,#1626,.T.);
#2048=ORIENTED_EDGE('',*,*,#1627,.T.);
#2049=ORIENTED_EDGE('',*,*,#1497,.T.);
#2050=ORIENTED_EDGE('',*,*,#1494,.T.);
#2051=ORIENTED_EDGE('',*,*,#1491,.T.);
#2052=ORIENTED_EDGE('',*,*,#1504,.T.);
#2053=ORIENTED_EDGE('',*,*,#1628,.T.);
#2054=ORIENTED_EDGE('',*,*,#1513,.T.);
#2055=ORIENTED_EDGE('',*,*,#1510,.T.);
#2056=ORIENTED_EDGE('',*,*,#1507,.T.);
#2057=ORIENTED_EDGE('',*,*,#1520,.T.);
#2058=ORIENTED_EDGE('',*,*,#1629,.T.);
#2059=ORIENTED_EDGE('',*,*,#1550,.T.);
#2060=ORIENTED_EDGE('',*,*,#1547,.T.);
#2061=ORIENTED_EDGE('',*,*,#1539,.T.);
#2062=ORIENTED_EDGE('',*,*,#1545,.T.);
#2063=ORIENTED_EDGE('',*,*,#1630,.T.);
#2064=ORIENTED_EDGE('',*,*,#1529,.T.);
#2065=ORIENTED_EDGE('',*,*,#1526,.T.);
#2066=ORIENTED_EDGE('',*,*,#1523,.T.);
#2067=ORIENTED_EDGE('',*,*,#1536,.T.);
#2068=ORIENTED_EDGE('',*,*,#1631,.T.);
#2069=ORIENTED_EDGE('',*,*,#1530,.T.);
#2070=ORIENTED_EDGE('',*,*,#1630,.F.);
#2071=ORIENTED_EDGE('',*,*,#1544,.T.);
#2072=ORIENTED_EDGE('',*,*,#1632,.T.);
#2073=ORIENTED_EDGE('',*,*,#1519,.T.);
#2074=ORIENTED_EDGE('',*,*,#1633,.T.);
#2075=ORIENTED_EDGE('',*,*,#1551,.T.);
#2076=ORIENTED_EDGE('',*,*,#1629,.F.);
#2077=ORIENTED_EDGE('',*,*,#1503,.T.);
#2078=ORIENTED_EDGE('',*,*,#1634,.T.);
#2079=ORIENTED_EDGE('',*,*,#1514,.T.);
#2080=ORIENTED_EDGE('',*,*,#1628,.F.);
#2081=ORIENTED_EDGE('',*,*,#1498,.T.);
#2082=ORIENTED_EDGE('',*,*,#1631,.F.);
#2083=ORIENTED_EDGE('',*,*,#1535,.T.);
#2084=ORIENTED_EDGE('',*,*,#1635,.T.);
#2085=ORIENTED_EDGE('',*,*,#1499,.T.);
#2086=ORIENTED_EDGE('',*,*,#1635,.F.);
#2087=ORIENTED_EDGE('',*,*,#1534,.T.);
#2088=ORIENTED_EDGE('',*,*,#1531,.T.);
#2089=ORIENTED_EDGE('',*,*,#1632,.F.);
#2090=ORIENTED_EDGE('',*,*,#1543,.T.);
#2091=ORIENTED_EDGE('',*,*,#1552,.T.);
#2092=ORIENTED_EDGE('',*,*,#1633,.F.);
#2093=ORIENTED_EDGE('',*,*,#1518,.T.);
#2094=ORIENTED_EDGE('',*,*,#1515,.T.);
#2095=ORIENTED_EDGE('',*,*,#1634,.F.);
#2096=ORIENTED_EDGE('',*,*,#1502,.T.);
#2097=ORIENTED_EDGE('',*,*,#1636,.F.);
#2098=ORIENTED_EDGE('',*,*,#1637,.F.);
#2099=ORIENTED_EDGE('',*,*,#1638,.F.);
#2100=ORIENTED_EDGE('',*,*,#1639,.T.);
#2101=ORIENTED_EDGE('',*,*,#1640,.F.);
#2102=ORIENTED_EDGE('',*,*,#1639,.F.);
#2103=ORIENTED_EDGE('',*,*,#1640,.T.);
#2104=ORIENTED_EDGE('',*,*,#1641,.F.);
#2105=ORIENTED_EDGE('',*,*,#1642,.F.);
#2106=ORIENTED_EDGE('',*,*,#1643,.F.);
#2107=ORIENTED_EDGE('',*,*,#1644,.T.);
#2108=ORIENTED_EDGE('',*,*,#1645,.F.);
#2109=ORIENTED_EDGE('',*,*,#1644,.F.);
#2110=ORIENTED_EDGE('',*,*,#1645,.T.);
#2111=ORIENTED_EDGE('',*,*,#1637,.T.);
#2112=ORIENTED_EDGE('',*,*,#1646,.F.);
#2113=ORIENTED_EDGE('',*,*,#1642,.T.);
#2114=ORIENTED_EDGE('',*,*,#1647,.F.);
#2115=ORIENTED_EDGE('',*,*,#1648,.F.);
#2116=ORIENTED_EDGE('',*,*,#1649,.F.);
#2117=ORIENTED_EDGE('',*,*,#1650,.F.);
#2118=ORIENTED_EDGE('',*,*,#1651,.F.);
#2119=ORIENTED_EDGE('',*,*,#1652,.F.);
#2120=ORIENTED_EDGE('',*,*,#1653,.F.);
#2121=ORIENTED_EDGE('',*,*,#1654,.T.);
#2122=ORIENTED_EDGE('',*,*,#1655,.F.);
#2123=ORIENTED_EDGE('',*,*,#1654,.F.);
#2124=ORIENTED_EDGE('',*,*,#1656,.F.);
#2125=ORIENTED_EDGE('',*,*,#1655,.T.);
#2126=ORIENTED_EDGE('',*,*,#1657,.F.);
#2127=ORIENTED_EDGE('',*,*,#1658,.F.);
#2128=ORIENTED_EDGE('',*,*,#1659,.T.);
#2129=ORIENTED_EDGE('',*,*,#1660,.F.);
#2130=ORIENTED_EDGE('',*,*,#1659,.F.);
#2131=ORIENTED_EDGE('',*,*,#1661,.F.);
#2132=ORIENTED_EDGE('',*,*,#1660,.T.);
#2133=ORIENTED_EDGE('',*,*,#1656,.T.);
#2134=ORIENTED_EDGE('',*,*,#1653,.T.);
#2135=ORIENTED_EDGE('',*,*,#1662,.F.);
#2136=ORIENTED_EDGE('',*,*,#1661,.T.);
#2137=ORIENTED_EDGE('',*,*,#1658,.T.);
#2138=ORIENTED_EDGE('',*,*,#1663,.F.);
#2139=ORIENTED_EDGE('',*,*,#1664,.F.);
#2140=ORIENTED_EDGE('',*,*,#1665,.F.);
#2141=ORIENTED_EDGE('',*,*,#1666,.F.);
#2142=ORIENTED_EDGE('',*,*,#1667,.F.);
#2143=ORIENTED_EDGE('',*,*,#1627,.F.);
#2144=ORIENTED_EDGE('',*,*,#1668,.T.);
#2145=ORIENTED_EDGE('',*,*,#1669,.F.);
#2146=ORIENTED_EDGE('',*,*,#1668,.F.);
#2147=ORIENTED_EDGE('',*,*,#1626,.F.);
#2148=ORIENTED_EDGE('',*,*,#1670,.T.);
#2149=ORIENTED_EDGE('',*,*,#1671,.F.);
#2150=ORIENTED_EDGE('',*,*,#1670,.F.);
#2151=ORIENTED_EDGE('',*,*,#1625,.F.);
#2152=ORIENTED_EDGE('',*,*,#1672,.T.);
#2153=ORIENTED_EDGE('',*,*,#1673,.F.);
#2154=ORIENTED_EDGE('',*,*,#1672,.F.);
#2155=ORIENTED_EDGE('',*,*,#1624,.F.);
#2156=ORIENTED_EDGE('',*,*,#1674,.T.);
#2157=ORIENTED_EDGE('',*,*,#1675,.F.);
#2158=ORIENTED_EDGE('',*,*,#1674,.F.);
#2159=ORIENTED_EDGE('',*,*,#1623,.F.);
#2160=ORIENTED_EDGE('',*,*,#1676,.T.);
#2161=ORIENTED_EDGE('',*,*,#1677,.F.);
#2162=ORIENTED_EDGE('',*,*,#1676,.F.);
#2163=ORIENTED_EDGE('',*,*,#1622,.F.);
#2164=ORIENTED_EDGE('',*,*,#1678,.T.);
#2165=ORIENTED_EDGE('',*,*,#1679,.F.);
#2166=ORIENTED_EDGE('',*,*,#1678,.F.);
#2167=ORIENTED_EDGE('',*,*,#1621,.F.);
#2168=ORIENTED_EDGE('',*,*,#1680,.T.);
#2169=ORIENTED_EDGE('',*,*,#1681,.F.);
#2170=ORIENTED_EDGE('',*,*,#1680,.F.);
#2171=ORIENTED_EDGE('',*,*,#1620,.F.);
#2172=ORIENTED_EDGE('',*,*,#1682,.T.);
#2173=ORIENTED_EDGE('',*,*,#1683,.F.);
#2174=ORIENTED_EDGE('',*,*,#1682,.F.);
#2175=ORIENTED_EDGE('',*,*,#1619,.F.);
#2176=ORIENTED_EDGE('',*,*,#1684,.T.);
#2177=ORIENTED_EDGE('',*,*,#1685,.F.);
#2178=ORIENTED_EDGE('',*,*,#1684,.F.);
#2179=ORIENTED_EDGE('',*,*,#1618,.F.);
#2180=ORIENTED_EDGE('',*,*,#1686,.T.);
#2181=ORIENTED_EDGE('',*,*,#1687,.F.);
#2182=ORIENTED_EDGE('',*,*,#1686,.F.);
#2183=ORIENTED_EDGE('',*,*,#1617,.F.);
#2184=ORIENTED_EDGE('',*,*,#1688,.T.);
#2185=ORIENTED_EDGE('',*,*,#1689,.F.);
#2186=ORIENTED_EDGE('',*,*,#1688,.F.);
#2187=ORIENTED_EDGE('',*,*,#1616,.F.);
#2188=ORIENTED_EDGE('',*,*,#1690,.T.);
#2189=ORIENTED_EDGE('',*,*,#1691,.F.);
#2190=ORIENTED_EDGE('',*,*,#1690,.F.);
#2191=ORIENTED_EDGE('',*,*,#1615,.F.);
#2192=ORIENTED_EDGE('',*,*,#1692,.T.);
#2193=ORIENTED_EDGE('',*,*,#1693,.F.);
#2194=ORIENTED_EDGE('',*,*,#1692,.F.);
#2195=ORIENTED_EDGE('',*,*,#1614,.F.);
#2196=ORIENTED_EDGE('',*,*,#1694,.T.);
#2197=ORIENTED_EDGE('',*,*,#1695,.F.);
#2198=ORIENTED_EDGE('',*,*,#1694,.F.);
#2199=ORIENTED_EDGE('',*,*,#1613,.F.);
#2200=ORIENTED_EDGE('',*,*,#1696,.T.);
#2201=ORIENTED_EDGE('',*,*,#1697,.F.);
#2202=ORIENTED_EDGE('',*,*,#1696,.F.);
#2203=ORIENTED_EDGE('',*,*,#1612,.F.);
#2204=ORIENTED_EDGE('',*,*,#1698,.T.);
#2205=ORIENTED_EDGE('',*,*,#1699,.F.);
#2206=ORIENTED_EDGE('',*,*,#1698,.F.);
#2207=ORIENTED_EDGE('',*,*,#1611,.F.);
#2208=ORIENTED_EDGE('',*,*,#1700,.T.);
#2209=ORIENTED_EDGE('',*,*,#1701,.F.);
#2210=ORIENTED_EDGE('',*,*,#1700,.F.);
#2211=ORIENTED_EDGE('',*,*,#1610,.F.);
#2212=ORIENTED_EDGE('',*,*,#1702,.T.);
#2213=ORIENTED_EDGE('',*,*,#1703,.F.);
#2214=ORIENTED_EDGE('',*,*,#1702,.F.);
#2215=ORIENTED_EDGE('',*,*,#1609,.F.);
#2216=ORIENTED_EDGE('',*,*,#1704,.T.);
#2217=ORIENTED_EDGE('',*,*,#1705,.F.);
#2218=ORIENTED_EDGE('',*,*,#1704,.F.);
#2219=ORIENTED_EDGE('',*,*,#1608,.F.);
#2220=ORIENTED_EDGE('',*,*,#1706,.T.);
#2221=ORIENTED_EDGE('',*,*,#1707,.F.);
#2222=ORIENTED_EDGE('',*,*,#1706,.F.);
#2223=ORIENTED_EDGE('',*,*,#1607,.F.);
#2224=ORIENTED_EDGE('',*,*,#1708,.T.);
#2225=ORIENTED_EDGE('',*,*,#1709,.F.);
#2226=ORIENTED_EDGE('',*,*,#1708,.F.);
#2227=ORIENTED_EDGE('',*,*,#1606,.F.);
#2228=ORIENTED_EDGE('',*,*,#1710,.T.);
#2229=ORIENTED_EDGE('',*,*,#1711,.F.);
#2230=ORIENTED_EDGE('',*,*,#1710,.F.);
#2231=ORIENTED_EDGE('',*,*,#1605,.F.);
#2232=ORIENTED_EDGE('',*,*,#1712,.T.);
#2233=ORIENTED_EDGE('',*,*,#1713,.F.);
#2234=ORIENTED_EDGE('',*,*,#1712,.F.);
#2235=ORIENTED_EDGE('',*,*,#1604,.F.);
#2236=ORIENTED_EDGE('',*,*,#1714,.T.);
#2237=ORIENTED_EDGE('',*,*,#1715,.F.);
#2238=ORIENTED_EDGE('',*,*,#1714,.F.);
#2239=ORIENTED_EDGE('',*,*,#1603,.F.);
#2240=ORIENTED_EDGE('',*,*,#1716,.T.);
#2241=ORIENTED_EDGE('',*,*,#1717,.F.);
#2242=ORIENTED_EDGE('',*,*,#1716,.F.);
#2243=ORIENTED_EDGE('',*,*,#1602,.F.);
#2244=ORIENTED_EDGE('',*,*,#1718,.T.);
#2245=ORIENTED_EDGE('',*,*,#1719,.F.);
#2246=ORIENTED_EDGE('',*,*,#1718,.F.);
#2247=ORIENTED_EDGE('',*,*,#1601,.F.);
#2248=ORIENTED_EDGE('',*,*,#1720,.T.);
#2249=ORIENTED_EDGE('',*,*,#1721,.F.);
#2250=ORIENTED_EDGE('',*,*,#1720,.F.);
#2251=ORIENTED_EDGE('',*,*,#1600,.F.);
#2252=ORIENTED_EDGE('',*,*,#1722,.T.);
#2253=ORIENTED_EDGE('',*,*,#1723,.F.);
#2254=ORIENTED_EDGE('',*,*,#1722,.F.);
#2255=ORIENTED_EDGE('',*,*,#1599,.F.);
#2256=ORIENTED_EDGE('',*,*,#1724,.T.);
#2257=ORIENTED_EDGE('',*,*,#1725,.F.);
#2258=ORIENTED_EDGE('',*,*,#1724,.F.);
#2259=ORIENTED_EDGE('',*,*,#1598,.F.);
#2260=ORIENTED_EDGE('',*,*,#1726,.T.);
#2261=ORIENTED_EDGE('',*,*,#1727,.F.);
#2262=ORIENTED_EDGE('',*,*,#1726,.F.);
#2263=ORIENTED_EDGE('',*,*,#1597,.F.);
#2264=ORIENTED_EDGE('',*,*,#1728,.T.);
#2265=ORIENTED_EDGE('',*,*,#1729,.F.);
#2266=ORIENTED_EDGE('',*,*,#1728,.F.);
#2267=ORIENTED_EDGE('',*,*,#1596,.F.);
#2268=ORIENTED_EDGE('',*,*,#1730,.T.);
#2269=ORIENTED_EDGE('',*,*,#1731,.F.);
#2270=ORIENTED_EDGE('',*,*,#1730,.F.);
#2271=ORIENTED_EDGE('',*,*,#1595,.F.);
#2272=ORIENTED_EDGE('',*,*,#1732,.T.);
#2273=ORIENTED_EDGE('',*,*,#1733,.F.);
#2274=ORIENTED_EDGE('',*,*,#1732,.F.);
#2275=ORIENTED_EDGE('',*,*,#1594,.F.);
#2276=ORIENTED_EDGE('',*,*,#1734,.T.);
#2277=ORIENTED_EDGE('',*,*,#1735,.F.);
#2278=ORIENTED_EDGE('',*,*,#1734,.F.);
#2279=ORIENTED_EDGE('',*,*,#1593,.F.);
#2280=ORIENTED_EDGE('',*,*,#1736,.T.);
#2281=ORIENTED_EDGE('',*,*,#1737,.F.);
#2282=ORIENTED_EDGE('',*,*,#1736,.F.);
#2283=ORIENTED_EDGE('',*,*,#1592,.F.);
#2284=ORIENTED_EDGE('',*,*,#1738,.T.);
#2285=ORIENTED_EDGE('',*,*,#1739,.F.);
#2286=ORIENTED_EDGE('',*,*,#1738,.F.);
#2287=ORIENTED_EDGE('',*,*,#1591,.F.);
#2288=ORIENTED_EDGE('',*,*,#1740,.T.);
#2289=ORIENTED_EDGE('',*,*,#1741,.F.);
#2290=ORIENTED_EDGE('',*,*,#1740,.F.);
#2291=ORIENTED_EDGE('',*,*,#1590,.F.);
#2292=ORIENTED_EDGE('',*,*,#1742,.T.);
#2293=ORIENTED_EDGE('',*,*,#1743,.F.);
#2294=ORIENTED_EDGE('',*,*,#1742,.F.);
#2295=ORIENTED_EDGE('',*,*,#1589,.F.);
#2296=ORIENTED_EDGE('',*,*,#1744,.T.);
#2297=ORIENTED_EDGE('',*,*,#1745,.F.);
#2298=ORIENTED_EDGE('',*,*,#1744,.F.);
#2299=ORIENTED_EDGE('',*,*,#1588,.F.);
#2300=ORIENTED_EDGE('',*,*,#1746,.T.);
#2301=ORIENTED_EDGE('',*,*,#1747,.F.);
#2302=ORIENTED_EDGE('',*,*,#1746,.F.);
#2303=ORIENTED_EDGE('',*,*,#1587,.F.);
#2304=ORIENTED_EDGE('',*,*,#1748,.T.);
#2305=ORIENTED_EDGE('',*,*,#1749,.F.);
#2306=ORIENTED_EDGE('',*,*,#1748,.F.);
#2307=ORIENTED_EDGE('',*,*,#1586,.F.);
#2308=ORIENTED_EDGE('',*,*,#1750,.T.);
#2309=ORIENTED_EDGE('',*,*,#1751,.F.);
#2310=ORIENTED_EDGE('',*,*,#1750,.F.);
#2311=ORIENTED_EDGE('',*,*,#1585,.F.);
#2312=ORIENTED_EDGE('',*,*,#1752,.T.);
#2313=ORIENTED_EDGE('',*,*,#1753,.F.);
#2314=ORIENTED_EDGE('',*,*,#1752,.F.);
#2315=ORIENTED_EDGE('',*,*,#1584,.F.);
#2316=ORIENTED_EDGE('',*,*,#1754,.T.);
#2317=ORIENTED_EDGE('',*,*,#1755,.F.);
#2318=ORIENTED_EDGE('',*,*,#1754,.F.);
#2319=ORIENTED_EDGE('',*,*,#1583,.F.);
#2320=ORIENTED_EDGE('',*,*,#1756,.T.);
#2321=ORIENTED_EDGE('',*,*,#1757,.F.);
#2322=ORIENTED_EDGE('',*,*,#1756,.F.);
#2323=ORIENTED_EDGE('',*,*,#1582,.F.);
#2324=ORIENTED_EDGE('',*,*,#1758,.T.);
#2325=ORIENTED_EDGE('',*,*,#1759,.F.);
#2326=ORIENTED_EDGE('',*,*,#1758,.F.);
#2327=ORIENTED_EDGE('',*,*,#1581,.F.);
#2328=ORIENTED_EDGE('',*,*,#1760,.T.);
#2329=ORIENTED_EDGE('',*,*,#1761,.F.);
#2330=ORIENTED_EDGE('',*,*,#1760,.F.);
#2331=ORIENTED_EDGE('',*,*,#1580,.F.);
#2332=ORIENTED_EDGE('',*,*,#1762,.T.);
#2333=ORIENTED_EDGE('',*,*,#1763,.F.);
#2334=ORIENTED_EDGE('',*,*,#1762,.F.);
#2335=ORIENTED_EDGE('',*,*,#1579,.F.);
#2336=ORIENTED_EDGE('',*,*,#1764,.T.);
#2337=ORIENTED_EDGE('',*,*,#1765,.F.);
#2338=ORIENTED_EDGE('',*,*,#1764,.F.);
#2339=ORIENTED_EDGE('',*,*,#1578,.F.);
#2340=ORIENTED_EDGE('',*,*,#1766,.T.);
#2341=ORIENTED_EDGE('',*,*,#1767,.F.);
#2342=ORIENTED_EDGE('',*,*,#1766,.F.);
#2343=ORIENTED_EDGE('',*,*,#1577,.F.);
#2344=ORIENTED_EDGE('',*,*,#1768,.T.);
#2345=ORIENTED_EDGE('',*,*,#1769,.F.);
#2346=ORIENTED_EDGE('',*,*,#1768,.F.);
#2347=ORIENTED_EDGE('',*,*,#1576,.F.);
#2348=ORIENTED_EDGE('',*,*,#1770,.T.);
#2349=ORIENTED_EDGE('',*,*,#1771,.F.);
#2350=ORIENTED_EDGE('',*,*,#1770,.F.);
#2351=ORIENTED_EDGE('',*,*,#1575,.F.);
#2352=ORIENTED_EDGE('',*,*,#1772,.T.);
#2353=ORIENTED_EDGE('',*,*,#1773,.F.);
#2354=ORIENTED_EDGE('',*,*,#1772,.F.);
#2355=ORIENTED_EDGE('',*,*,#1574,.F.);
#2356=ORIENTED_EDGE('',*,*,#1774,.T.);
#2357=ORIENTED_EDGE('',*,*,#1775,.F.);
#2358=ORIENTED_EDGE('',*,*,#1774,.F.);
#2359=ORIENTED_EDGE('',*,*,#1573,.F.);
#2360=ORIENTED_EDGE('',*,*,#1776,.T.);
#2361=ORIENTED_EDGE('',*,*,#1777,.F.);
#2362=ORIENTED_EDGE('',*,*,#1776,.F.);
#2363=ORIENTED_EDGE('',*,*,#1572,.F.);
#2364=ORIENTED_EDGE('',*,*,#1778,.T.);
#2365=ORIENTED_EDGE('',*,*,#1779,.F.);
#2366=ORIENTED_EDGE('',*,*,#1778,.F.);
#2367=ORIENTED_EDGE('',*,*,#1571,.F.);
#2368=ORIENTED_EDGE('',*,*,#1780,.T.);
#2369=ORIENTED_EDGE('',*,*,#1781,.F.);
#2370=ORIENTED_EDGE('',*,*,#1780,.F.);
#2371=ORIENTED_EDGE('',*,*,#1570,.F.);
#2372=ORIENTED_EDGE('',*,*,#1782,.T.);
#2373=ORIENTED_EDGE('',*,*,#1783,.F.);
#2374=ORIENTED_EDGE('',*,*,#1782,.F.);
#2375=ORIENTED_EDGE('',*,*,#1569,.F.);
#2376=ORIENTED_EDGE('',*,*,#1784,.T.);
#2377=ORIENTED_EDGE('',*,*,#1785,.F.);
#2378=ORIENTED_EDGE('',*,*,#1784,.F.);
#2379=ORIENTED_EDGE('',*,*,#1568,.F.);
#2380=ORIENTED_EDGE('',*,*,#1786,.T.);
#2381=ORIENTED_EDGE('',*,*,#1787,.F.);
#2382=ORIENTED_EDGE('',*,*,#1786,.F.);
#2383=ORIENTED_EDGE('',*,*,#1567,.F.);
#2384=ORIENTED_EDGE('',*,*,#1788,.T.);
#2385=ORIENTED_EDGE('',*,*,#1789,.F.);
#2386=ORIENTED_EDGE('',*,*,#1788,.F.);
#2387=ORIENTED_EDGE('',*,*,#1566,.F.);
#2388=ORIENTED_EDGE('',*,*,#1790,.T.);
#2389=ORIENTED_EDGE('',*,*,#1791,.F.);
#2390=ORIENTED_EDGE('',*,*,#1790,.F.);
#2391=ORIENTED_EDGE('',*,*,#1565,.F.);
#2392=ORIENTED_EDGE('',*,*,#1792,.T.);
#2393=ORIENTED_EDGE('',*,*,#1793,.F.);
#2394=ORIENTED_EDGE('',*,*,#1792,.F.);
#2395=ORIENTED_EDGE('',*,*,#1564,.F.);
#2396=ORIENTED_EDGE('',*,*,#1794,.T.);
#2397=ORIENTED_EDGE('',*,*,#1795,.F.);
#2398=ORIENTED_EDGE('',*,*,#1794,.F.);
#2399=ORIENTED_EDGE('',*,*,#1563,.F.);
#2400=ORIENTED_EDGE('',*,*,#1796,.T.);
#2401=ORIENTED_EDGE('',*,*,#1797,.F.);
#2402=ORIENTED_EDGE('',*,*,#1796,.F.);
#2403=ORIENTED_EDGE('',*,*,#1562,.F.);
#2404=ORIENTED_EDGE('',*,*,#1798,.T.);
#2405=ORIENTED_EDGE('',*,*,#1799,.F.);
#2406=ORIENTED_EDGE('',*,*,#1798,.F.);
#2407=ORIENTED_EDGE('',*,*,#1561,.F.);
#2408=ORIENTED_EDGE('',*,*,#1800,.T.);
#2409=ORIENTED_EDGE('',*,*,#1801,.F.);
#2410=ORIENTED_EDGE('',*,*,#1800,.F.);
#2411=ORIENTED_EDGE('',*,*,#1560,.F.);
#2412=ORIENTED_EDGE('',*,*,#1802,.T.);
#2413=ORIENTED_EDGE('',*,*,#1803,.F.);
#2414=ORIENTED_EDGE('',*,*,#1802,.F.);
#2415=ORIENTED_EDGE('',*,*,#1559,.F.);
#2416=ORIENTED_EDGE('',*,*,#1804,.T.);
#2417=ORIENTED_EDGE('',*,*,#1805,.F.);
#2418=ORIENTED_EDGE('',*,*,#1804,.F.);
#2419=ORIENTED_EDGE('',*,*,#1558,.F.);
#2420=ORIENTED_EDGE('',*,*,#1806,.T.);
#2421=ORIENTED_EDGE('',*,*,#1807,.F.);
#2422=ORIENTED_EDGE('',*,*,#1806,.F.);
#2423=ORIENTED_EDGE('',*,*,#1557,.F.);
#2424=ORIENTED_EDGE('',*,*,#1808,.T.);
#2425=ORIENTED_EDGE('',*,*,#1809,.F.);
#2426=ORIENTED_EDGE('',*,*,#1808,.F.);
#2427=ORIENTED_EDGE('',*,*,#1810,.F.);
#2428=ORIENTED_EDGE('',*,*,#1811,.F.);
#2429=ORIENTED_EDGE('',*,*,#1812,.F.);
#2430=ORIENTED_EDGE('',*,*,#1813,.F.);
#2431=ORIENTED_EDGE('',*,*,#1814,.F.);
#2432=ORIENTED_EDGE('',*,*,#1815,.F.);
#2433=ORIENTED_EDGE('',*,*,#1816,.F.);
#2434=ORIENTED_EDGE('',*,*,#1817,.F.);
#2435=ORIENTED_EDGE('',*,*,#1818,.F.);
#2436=ORIENTED_EDGE('',*,*,#1819,.F.);
#2437=ORIENTED_EDGE('',*,*,#1820,.F.);
#2438=ORIENTED_EDGE('',*,*,#1821,.F.);
#2439=ORIENTED_EDGE('',*,*,#1652,.T.);
#2440=ORIENTED_EDGE('',*,*,#1667,.T.);
#2441=ORIENTED_EDGE('',*,*,#1814,.T.);
#2442=ORIENTED_EDGE('',*,*,#1553,.T.);
#2443=ORIENTED_EDGE('',*,*,#1820,.T.);
#2444=ORIENTED_EDGE('',*,*,#1663,.T.);
#2445=ORIENTED_EDGE('',*,*,#1657,.T.);
#2446=ORIENTED_EDGE('',*,*,#1662,.T.);
#2447=ORIENTED_EDGE('',*,*,#1817,.T.);
#2448=ORIENTED_EDGE('',*,*,#1822,.T.);
#2449=ORIENTED_EDGE('',*,*,#1821,.T.);
#2450=ORIENTED_EDGE('',*,*,#1556,.T.);
#2451=ORIENTED_EDGE('',*,*,#1823,.T.);
#2452=ORIENTED_EDGE('',*,*,#1664,.T.);
#2453=ORIENTED_EDGE('',*,*,#1819,.T.);
#2454=ORIENTED_EDGE('',*,*,#1824,.T.);
#2455=ORIENTED_EDGE('',*,*,#1636,.T.);
#2456=ORIENTED_EDGE('',*,*,#1638,.T.);
#2457=ORIENTED_EDGE('',*,*,#1651,.T.);
#2458=ORIENTED_EDGE('',*,*,#1818,.T.);
#2459=ORIENTED_EDGE('',*,*,#1555,.T.);
#2460=ORIENTED_EDGE('',*,*,#1811,.T.);
#2461=ORIENTED_EDGE('',*,*,#1647,.T.);
#2462=ORIENTED_EDGE('',*,*,#1641,.T.);
#2463=ORIENTED_EDGE('',*,*,#1643,.T.);
#2464=ORIENTED_EDGE('',*,*,#1646,.T.);
#2465=ORIENTED_EDGE('',*,*,#1825,.T.);
#2466=ORIENTED_EDGE('',*,*,#1826,.T.);
#2467=ORIENTED_EDGE('',*,*,#1816,.T.);
#2468=ORIENTED_EDGE('',*,*,#1650,.T.);
#2469=ORIENTED_EDGE('',*,*,#1827,.T.);
#2470=ORIENTED_EDGE('',*,*,#1828,.T.);
#2471=ORIENTED_EDGE('',*,*,#1815,.T.);
#2472=ORIENTED_EDGE('',*,*,#1666,.T.);
#2473=ORIENTED_EDGE('',*,*,#1813,.T.);
#2474=ORIENTED_EDGE('',*,*,#1829,.T.);
#2475=ORIENTED_EDGE('',*,*,#1812,.T.);
#2476=ORIENTED_EDGE('',*,*,#1554,.T.);
#2477=ORIENTED_EDGE('',*,*,#1830,.T.);
#2478=ORIENTED_EDGE('',*,*,#1648,.T.);
#2479=ORIENTED_EDGE('',*,*,#1810,.T.);
#2480=ORIENTED_EDGE('',*,*,#1831,.T.);
#2481=ORIENTED_EDGE('',*,*,#1831,.F.);
#2482=ORIENTED_EDGE('',*,*,#1829,.F.);
#2483=ORIENTED_EDGE('',*,*,#1828,.F.);
#2484=ORIENTED_EDGE('',*,*,#1832,.F.);
#2485=ORIENTED_EDGE('',*,*,#1825,.F.);
#2486=ORIENTED_EDGE('',*,*,#1649,.T.);
#2487=ORIENTED_EDGE('',*,*,#1830,.F.);
#2488=ORIENTED_EDGE('',*,*,#1832,.T.);
#2489=ORIENTED_EDGE('',*,*,#1827,.F.);
#2490=ORIENTED_EDGE('',*,*,#1665,.T.);
#2491=ORIENTED_EDGE('',*,*,#1823,.F.);
#2492=ORIENTED_EDGE('',*,*,#1833,.T.);
#2493=ORIENTED_EDGE('',*,*,#1462,.T.);
#2494=ORIENTED_EDGE('',*,*,#1464,.T.);
#2495=ORIENTED_EDGE('',*,*,#1465,.T.);
#2496=ORIENTED_EDGE('',*,*,#1475,.T.);
#2497=ORIENTED_EDGE('',*,*,#1472,.T.);
#2498=ORIENTED_EDGE('',*,*,#1469,.T.);
#2499=ORIENTED_EDGE('',*,*,#1496,.T.);
#2500=ORIENTED_EDGE('',*,*,#1501,.T.);
#2501=ORIENTED_EDGE('',*,*,#1489,.T.);
#2502=ORIENTED_EDGE('',*,*,#1493,.T.);
#2503=ORIENTED_EDGE('',*,*,#1512,.T.);
#2504=ORIENTED_EDGE('',*,*,#1517,.T.);
#2505=ORIENTED_EDGE('',*,*,#1505,.T.);
#2506=ORIENTED_EDGE('',*,*,#1509,.T.);
#2507=ORIENTED_EDGE('',*,*,#1528,.T.);
#2508=ORIENTED_EDGE('',*,*,#1533,.T.);
#2509=ORIENTED_EDGE('',*,*,#1521,.T.);
#2510=ORIENTED_EDGE('',*,*,#1525,.T.);
#2511=ORIENTED_EDGE('',*,*,#1546,.T.);
#2512=ORIENTED_EDGE('',*,*,#1549,.T.);
#2513=ORIENTED_EDGE('',*,*,#1541,.T.);
#2514=ORIENTED_EDGE('',*,*,#1537,.T.);
#2515=ORIENTED_EDGE('',*,*,#1669,.T.);
#2516=ORIENTED_EDGE('',*,*,#1671,.T.);
#2517=ORIENTED_EDGE('',*,*,#1673,.T.);
#2518=ORIENTED_EDGE('',*,*,#1675,.T.);
#2519=ORIENTED_EDGE('',*,*,#1677,.T.);
#2520=ORIENTED_EDGE('',*,*,#1679,.T.);
#2521=ORIENTED_EDGE('',*,*,#1681,.T.);
#2522=ORIENTED_EDGE('',*,*,#1683,.T.);
#2523=ORIENTED_EDGE('',*,*,#1685,.T.);
#2524=ORIENTED_EDGE('',*,*,#1687,.T.);
#2525=ORIENTED_EDGE('',*,*,#1689,.T.);
#2526=ORIENTED_EDGE('',*,*,#1691,.T.);
#2527=ORIENTED_EDGE('',*,*,#1693,.T.);
#2528=ORIENTED_EDGE('',*,*,#1695,.T.);
#2529=ORIENTED_EDGE('',*,*,#1697,.T.);
#2530=ORIENTED_EDGE('',*,*,#1699,.T.);
#2531=ORIENTED_EDGE('',*,*,#1701,.T.);
#2532=ORIENTED_EDGE('',*,*,#1703,.T.);
#2533=ORIENTED_EDGE('',*,*,#1705,.T.);
#2534=ORIENTED_EDGE('',*,*,#1707,.T.);
#2535=ORIENTED_EDGE('',*,*,#1709,.T.);
#2536=ORIENTED_EDGE('',*,*,#1711,.T.);
#2537=ORIENTED_EDGE('',*,*,#1713,.T.);
#2538=ORIENTED_EDGE('',*,*,#1715,.T.);
#2539=ORIENTED_EDGE('',*,*,#1717,.T.);
#2540=ORIENTED_EDGE('',*,*,#1719,.T.);
#2541=ORIENTED_EDGE('',*,*,#1721,.T.);
#2542=ORIENTED_EDGE('',*,*,#1723,.T.);
#2543=ORIENTED_EDGE('',*,*,#1725,.T.);
#2544=ORIENTED_EDGE('',*,*,#1727,.T.);
#2545=ORIENTED_EDGE('',*,*,#1729,.T.);
#2546=ORIENTED_EDGE('',*,*,#1731,.T.);
#2547=ORIENTED_EDGE('',*,*,#1733,.T.);
#2548=ORIENTED_EDGE('',*,*,#1735,.T.);
#2549=ORIENTED_EDGE('',*,*,#1737,.T.);
#2550=ORIENTED_EDGE('',*,*,#1739,.T.);
#2551=ORIENTED_EDGE('',*,*,#1741,.T.);
#2552=ORIENTED_EDGE('',*,*,#1743,.T.);
#2553=ORIENTED_EDGE('',*,*,#1745,.T.);
#2554=ORIENTED_EDGE('',*,*,#1747,.T.);
#2555=ORIENTED_EDGE('',*,*,#1749,.T.);
#2556=ORIENTED_EDGE('',*,*,#1751,.T.);
#2557=ORIENTED_EDGE('',*,*,#1753,.T.);
#2558=ORIENTED_EDGE('',*,*,#1755,.T.);
#2559=ORIENTED_EDGE('',*,*,#1757,.T.);
#2560=ORIENTED_EDGE('',*,*,#1759,.T.);
#2561=ORIENTED_EDGE('',*,*,#1761,.T.);
#2562=ORIENTED_EDGE('',*,*,#1763,.T.);
#2563=ORIENTED_EDGE('',*,*,#1765,.T.);
#2564=ORIENTED_EDGE('',*,*,#1767,.T.);
#2565=ORIENTED_EDGE('',*,*,#1769,.T.);
#2566=ORIENTED_EDGE('',*,*,#1771,.T.);
#2567=ORIENTED_EDGE('',*,*,#1773,.T.);
#2568=ORIENTED_EDGE('',*,*,#1775,.T.);
#2569=ORIENTED_EDGE('',*,*,#1777,.T.);
#2570=ORIENTED_EDGE('',*,*,#1779,.T.);
#2571=ORIENTED_EDGE('',*,*,#1781,.T.);
#2572=ORIENTED_EDGE('',*,*,#1783,.T.);
#2573=ORIENTED_EDGE('',*,*,#1785,.T.);
#2574=ORIENTED_EDGE('',*,*,#1787,.T.);
#2575=ORIENTED_EDGE('',*,*,#1789,.T.);
#2576=ORIENTED_EDGE('',*,*,#1791,.T.);
#2577=ORIENTED_EDGE('',*,*,#1793,.T.);
#2578=ORIENTED_EDGE('',*,*,#1795,.T.);
#2579=ORIENTED_EDGE('',*,*,#1797,.T.);
#2580=ORIENTED_EDGE('',*,*,#1799,.T.);
#2581=ORIENTED_EDGE('',*,*,#1801,.T.);
#2582=ORIENTED_EDGE('',*,*,#1803,.T.);
#2583=ORIENTED_EDGE('',*,*,#1805,.T.);
#2584=ORIENTED_EDGE('',*,*,#1807,.T.);
#2585=ORIENTED_EDGE('',*,*,#1809,.T.);
#2586=ORIENTED_EDGE('',*,*,#1826,.F.);
#2587=ORIENTED_EDGE('',*,*,#1833,.F.);
#2588=ORIENTED_EDGE('',*,*,#1824,.F.);
#2589=ORIENTED_EDGE('',*,*,#1822,.F.);
#2590=CYLINDRICAL_SURFACE('',#2829,0.118110236220473);
#2591=CYLINDRICAL_SURFACE('',#2835,0.0275);
#2592=CYLINDRICAL_SURFACE('',#2837,0.0275);
#2593=CYLINDRICAL_SURFACE('',#2941,0.045);
#2594=CYLINDRICAL_SURFACE('',#2945,0.045);
#2595=CYLINDRICAL_SURFACE('',#2950,0.045);
#2596=CYLINDRICAL_SURFACE('',#2955,0.045);
#2597=CYLINDRICAL_SURFACE('',#2961,0.25);
#2598=CYLINDRICAL_SURFACE('',#2963,0.25);
#2599=CYLINDRICAL_SURFACE('',#2965,0.025);
#2600=CYLINDRICAL_SURFACE('',#2967,0.025);
#2601=CYLINDRICAL_SURFACE('',#2969,0.025);
#2602=CYLINDRICAL_SURFACE('',#2971,0.025);
#2603=CYLINDRICAL_SURFACE('',#2973,0.025);
#2604=CYLINDRICAL_SURFACE('',#2975,0.025);
#2605=CYLINDRICAL_SURFACE('',#2977,0.025);
#2606=CYLINDRICAL_SURFACE('',#2979,0.025);
#2607=CYLINDRICAL_SURFACE('',#2981,0.025);
#2608=CYLINDRICAL_SURFACE('',#2983,0.025);
#2609=CYLINDRICAL_SURFACE('',#2985,0.025);
#2610=CYLINDRICAL_SURFACE('',#2987,0.025);
#2611=CYLINDRICAL_SURFACE('',#2989,0.025);
#2612=CYLINDRICAL_SURFACE('',#2991,0.025);
#2613=CYLINDRICAL_SURFACE('',#2993,0.025);
#2614=CYLINDRICAL_SURFACE('',#2995,0.025);
#2615=CYLINDRICAL_SURFACE('',#2997,0.025);
#2616=CYLINDRICAL_SURFACE('',#2999,0.025);
#2617=CYLINDRICAL_SURFACE('',#3001,0.025);
#2618=CYLINDRICAL_SURFACE('',#3003,0.025);
#2619=CYLINDRICAL_SURFACE('',#3005,0.025);
#2620=CYLINDRICAL_SURFACE('',#3007,0.025);
#2621=CYLINDRICAL_SURFACE('',#3009,0.025);
#2622=CYLINDRICAL_SURFACE('',#3011,0.025);
#2623=CYLINDRICAL_SURFACE('',#3013,0.025);
#2624=CYLINDRICAL_SURFACE('',#3015,0.025);
#2625=CYLINDRICAL_SURFACE('',#3017,0.025);
#2626=CYLINDRICAL_SURFACE('',#3019,0.025);
#2627=CYLINDRICAL_SURFACE('',#3021,0.025);
#2628=CYLINDRICAL_SURFACE('',#3023,0.025);
#2629=CYLINDRICAL_SURFACE('',#3025,0.025);
#2630=CYLINDRICAL_SURFACE('',#3027,0.025);
#2631=CYLINDRICAL_SURFACE('',#3029,0.025);
#2632=CYLINDRICAL_SURFACE('',#3031,0.025);
#2633=CYLINDRICAL_SURFACE('',#3033,0.025);
#2634=CYLINDRICAL_SURFACE('',#3035,0.025);
#2635=CYLINDRICAL_SURFACE('',#3037,0.025);
#2636=CYLINDRICAL_SURFACE('',#3039,0.025);
#2637=CYLINDRICAL_SURFACE('',#3041,0.025);
#2638=CYLINDRICAL_SURFACE('',#3043,0.025);
#2639=CYLINDRICAL_SURFACE('',#3045,0.025);
#2640=CYLINDRICAL_SURFACE('',#3047,0.025);
#2641=CYLINDRICAL_SURFACE('',#3049,0.025);
#2642=CYLINDRICAL_SURFACE('',#3051,0.025);
#2643=CYLINDRICAL_SURFACE('',#3053,0.025);
#2644=CYLINDRICAL_SURFACE('',#3055,0.025);
#2645=CYLINDRICAL_SURFACE('',#3057,0.025);
#2646=CYLINDRICAL_SURFACE('',#3059,0.025);
#2647=CYLINDRICAL_SURFACE('',#3061,0.025);
#2648=CYLINDRICAL_SURFACE('',#3063,0.025);
#2649=CYLINDRICAL_SURFACE('',#3065,0.025);
#2650=CYLINDRICAL_SURFACE('',#3067,0.025);
#2651=CYLINDRICAL_SURFACE('',#3069,0.025);
#2652=CYLINDRICAL_SURFACE('',#3071,0.025);
#2653=CYLINDRICAL_SURFACE('',#3073,0.025);
#2654=CYLINDRICAL_SURFACE('',#3075,0.025);
#2655=CYLINDRICAL_SURFACE('',#3077,0.025);
#2656=CYLINDRICAL_SURFACE('',#3079,0.025);
#2657=CYLINDRICAL_SURFACE('',#3081,0.025);
#2658=CYLINDRICAL_SURFACE('',#3083,0.025);
#2659=CYLINDRICAL_SURFACE('',#3085,0.025);
#2660=CYLINDRICAL_SURFACE('',#3087,0.025);
#2661=CYLINDRICAL_SURFACE('',#3089,0.025);
#2662=CYLINDRICAL_SURFACE('',#3091,0.025);
#2663=CYLINDRICAL_SURFACE('',#3093,0.025);
#2664=CYLINDRICAL_SURFACE('',#3095,0.025);
#2665=CYLINDRICAL_SURFACE('',#3097,0.025);
#2666=CYLINDRICAL_SURFACE('',#3099,0.025);
#2667=CYLINDRICAL_SURFACE('',#3101,0.025);
#2668=CYLINDRICAL_SURFACE('',#3119,0.125);
#2669=CYLINDRICAL_SURFACE('',#3120,0.125);
#2670=CYLINDRICAL_SURFACE('',#3121,0.125);
#2671=CYLINDRICAL_SURFACE('',#3123,0.125);
#2672=CYLINDRICAL_SURFACE('',#3124,0.125);
#2673=CYLINDRICAL_SURFACE('',#3126,0.125);
#2674=CYLINDRICAL_SURFACE('',#3128,0.125);
#2675=CYLINDRICAL_SURFACE('',#3129,0.125);
#2676=ADVANCED_FACE('',(#221),#2590,.F.);
#2677=ADVANCED_FACE('',(#222,#25,#26),#180,.T.);
#2678=ADVANCED_FACE('',(#223),#2591,.F.);
#2679=ADVANCED_FACE('',(#224),#2592,.F.);
#2680=ADVANCED_FACE('',(#225),#181,.F.);
#2681=ADVANCED_FACE('',(#226),#182,.F.);
#2682=ADVANCED_FACE('',(#227),#183,.F.);
#2683=ADVANCED_FACE('',(#228),#184,.F.);
#2684=ADVANCED_FACE('',(#229,#27),#185,.F.);
#2685=ADVANCED_FACE('',(#230),#186,.F.);
#2686=ADVANCED_FACE('',(#231),#187,.F.);
#2687=ADVANCED_FACE('',(#232),#188,.F.);
#2688=ADVANCED_FACE('',(#233),#189,.F.);
#2689=ADVANCED_FACE('',(#234),#190,.F.);
#2690=ADVANCED_FACE('',(#235),#191,.F.);
#2691=ADVANCED_FACE('',(#236),#192,.F.);
#2692=ADVANCED_FACE('',(#237),#193,.F.);
#2693=ADVANCED_FACE('',(#238),#194,.F.);
#2694=ADVANCED_FACE('',(#239),#195,.F.);
#2695=ADVANCED_FACE('',(#240),#196,.F.);
#2696=ADVANCED_FACE('',(#241),#197,.F.);
#2697=ADVANCED_FACE('',(#242),#198,.F.);
#2698=ADVANCED_FACE('',(#243),#199,.F.);
#2699=ADVANCED_FACE('',(#244),#200,.F.);
#2700=ADVANCED_FACE('',(#245),#201,.F.);
#2701=ADVANCED_FACE('',(#246),#202,.F.);
#2702=ADVANCED_FACE('',(#247),#203,.F.);
#2703=ADVANCED_FACE('',(#248),#204,.F.);
#2704=ADVANCED_FACE('',(#249),#205,.F.);
#2705=ADVANCED_FACE('',(#250,#28,#29,#30,#31,#32,#33,#34,#35,#36,#37,#38,
#39,#40,#41,#42,#43,#44,#45,#46,#47,#48,#49,#50,#51,#52,#53,#54,#55,#56,
#57,#58,#59,#60,#61,#62,#63,#64,#65,#66,#67,#68,#69,#70,#71,#72,#73,#74,
#75,#76,#77,#78,#79,#80,#81,#82,#83,#84,#85,#86,#87,#88,#89,#90,#91,#92,
#93,#94,#95,#96,#97,#98,#99,#100,#101),#206,.F.);
#2706=ADVANCED_FACE('',(#251),#207,.F.);
#2707=ADVANCED_FACE('',(#252),#208,.F.);
#2708=ADVANCED_FACE('',(#253),#209,.F.);
#2709=ADVANCED_FACE('',(#254),#210,.F.);
#2710=ADVANCED_FACE('',(#255),#211,.F.);
#2711=ADVANCED_FACE('',(#256),#2593,.F.);
#2712=ADVANCED_FACE('',(#257),#212,.T.);
#2713=ADVANCED_FACE('',(#258),#2594,.F.);
#2714=ADVANCED_FACE('',(#259),#213,.T.);
#2715=ADVANCED_FACE('',(#260),#214,.T.);
#2716=ADVANCED_FACE('',(#261),#2595,.F.);
#2717=ADVANCED_FACE('',(#262),#215,.T.);
#2718=ADVANCED_FACE('',(#263),#2596,.F.);
#2719=ADVANCED_FACE('',(#264),#216,.T.);
#2720=ADVANCED_FACE('',(#265),#217,.T.);
#2721=ADVANCED_FACE('',(#266),#2597,.F.);
#2722=ADVANCED_FACE('',(#267),#2598,.F.);
#2723=ADVANCED_FACE('',(#268),#2599,.F.);
#2724=ADVANCED_FACE('',(#269),#2600,.F.);
#2725=ADVANCED_FACE('',(#270),#2601,.F.);
#2726=ADVANCED_FACE('',(#271),#2602,.F.);
#2727=ADVANCED_FACE('',(#272),#2603,.F.);
#2728=ADVANCED_FACE('',(#273),#2604,.F.);
#2729=ADVANCED_FACE('',(#274),#2605,.F.);
#2730=ADVANCED_FACE('',(#275),#2606,.F.);
#2731=ADVANCED_FACE('',(#276),#2607,.F.);
#2732=ADVANCED_FACE('',(#277),#2608,.F.);
#2733=ADVANCED_FACE('',(#278),#2609,.F.);
#2734=ADVANCED_FACE('',(#279),#2610,.F.);
#2735=ADVANCED_FACE('',(#280),#2611,.F.);
#2736=ADVANCED_FACE('',(#281),#2612,.F.);
#2737=ADVANCED_FACE('',(#282),#2613,.F.);
#2738=ADVANCED_FACE('',(#283),#2614,.F.);
#2739=ADVANCED_FACE('',(#284),#2615,.F.);
#2740=ADVANCED_FACE('',(#285),#2616,.F.);
#2741=ADVANCED_FACE('',(#286),#2617,.F.);
#2742=ADVANCED_FACE('',(#287),#2618,.F.);
#2743=ADVANCED_FACE('',(#288),#2619,.F.);
#2744=ADVANCED_FACE('',(#289),#2620,.F.);
#2745=ADVANCED_FACE('',(#290),#2621,.F.);
#2746=ADVANCED_FACE('',(#291),#2622,.F.);
#2747=ADVANCED_FACE('',(#292),#2623,.F.);
#2748=ADVANCED_FACE('',(#293),#2624,.F.);
#2749=ADVANCED_FACE('',(#294),#2625,.F.);
#2750=ADVANCED_FACE('',(#295),#2626,.F.);
#2751=ADVANCED_FACE('',(#296),#2627,.F.);
#2752=ADVANCED_FACE('',(#297),#2628,.F.);
#2753=ADVANCED_FACE('',(#298),#2629,.F.);
#2754=ADVANCED_FACE('',(#299),#2630,.F.);
#2755=ADVANCED_FACE('',(#300),#2631,.F.);
#2756=ADVANCED_FACE('',(#301),#2632,.F.);
#2757=ADVANCED_FACE('',(#302),#2633,.F.);
#2758=ADVANCED_FACE('',(#303),#2634,.F.);
#2759=ADVANCED_FACE('',(#304),#2635,.F.);
#2760=ADVANCED_FACE('',(#305),#2636,.F.);
#2761=ADVANCED_FACE('',(#306),#2637,.F.);
#2762=ADVANCED_FACE('',(#307),#2638,.F.);
#2763=ADVANCED_FACE('',(#308),#2639,.F.);
#2764=ADVANCED_FACE('',(#309),#2640,.F.);
#2765=ADVANCED_FACE('',(#310),#2641,.F.);
#2766=ADVANCED_FACE('',(#311),#2642,.F.);
#2767=ADVANCED_FACE('',(#312),#2643,.F.);
#2768=ADVANCED_FACE('',(#313),#2644,.F.);
#2769=ADVANCED_FACE('',(#314),#2645,.F.);
#2770=ADVANCED_FACE('',(#315),#2646,.F.);
#2771=ADVANCED_FACE('',(#316),#2647,.F.);
#2772=ADVANCED_FACE('',(#317),#2648,.F.);
#2773=ADVANCED_FACE('',(#318),#2649,.F.);
#2774=ADVANCED_FACE('',(#319),#2650,.F.);
#2775=ADVANCED_FACE('',(#320),#2651,.F.);
#2776=ADVANCED_FACE('',(#321),#2652,.F.);
#2777=ADVANCED_FACE('',(#322),#2653,.F.);
#2778=ADVANCED_FACE('',(#323),#2654,.F.);
#2779=ADVANCED_FACE('',(#324),#2655,.F.);
#2780=ADVANCED_FACE('',(#325),#2656,.F.);
#2781=ADVANCED_FACE('',(#326),#2657,.F.);
#2782=ADVANCED_FACE('',(#327),#2658,.F.);
#2783=ADVANCED_FACE('',(#328),#2659,.F.);
#2784=ADVANCED_FACE('',(#329),#2660,.F.);
#2785=ADVANCED_FACE('',(#330),#2661,.F.);
#2786=ADVANCED_FACE('',(#331),#2662,.F.);
#2787=ADVANCED_FACE('',(#332),#2663,.F.);
#2788=ADVANCED_FACE('',(#333),#2664,.F.);
#2789=ADVANCED_FACE('',(#334),#2665,.F.);
#2790=ADVANCED_FACE('',(#335),#2666,.F.);
#2791=ADVANCED_FACE('',(#336),#2667,.F.);
#2792=ADVANCED_FACE('',(#337),#15,.T.);
#2793=ADVANCED_FACE('',(#338),#16,.T.);
#2794=ADVANCED_FACE('',(#339),#17,.T.);
#2795=ADVANCED_FACE('',(#340),#18,.T.);
#2796=ADVANCED_FACE('',(#341),#2668,.T.);
#2797=ADVANCED_FACE('',(#342),#2669,.T.);
#2798=ADVANCED_FACE('',(#343),#2670,.T.);
#2799=ADVANCED_FACE('',(#344),#2671,.T.);
#2800=ADVANCED_FACE('',(#345),#2672,.T.);
#2801=ADVANCED_FACE('',(#346),#2673,.T.);
#2802=ADVANCED_FACE('',(#347),#2674,.T.);
#2803=ADVANCED_FACE('',(#348),#2675,.T.);
#2804=ADVANCED_FACE('',(#349),#218,.T.);
#2805=ADVANCED_FACE('',(#350,#102,#103,#104,#105,#106,#107,#108,#109,#110,
#111,#112,#113,#114,#115,#116,#117,#118,#119,#120,#121,#122,#123,#124,#125,
#126,#127,#128,#129,#130,#131,#132,#133,#134,#135,#136,#137,#138,#139,#140,
#141,#142,#143,#144,#145,#146,#147,#148,#149,#150,#151,#152,#153,#154,#155,
#156,#157,#158,#159,#160,#161,#162,#163,#164,#165,#166,#167,#168,#169,#170,
#171,#172,#173,#174,#175,#176,#177,#178,#179),#219,.T.);
#2806=ADVANCED_FACE('',(#351),#220,.T.);
#2807=CLOSED_SHELL('',(#2676,#2677,#2678,#2679,#2680,#2681,#2682,#2683,
#2684,#2685,#2686,#2687,#2688,#2689,#2690,#2691,#2692,#2693,#2694,#2695,
#2696,#2697,#2698,#2699,#2700,#2701,#2702,#2703,#2704,#2705,#2706,#2707,
#2708,#2709,#2710,#2711,#2712,#2713,#2714,#2715,#2716,#2717,#2718,#2719,
#2720,#2721,#2722,#2723,#2724,#2725,#2726,#2727,#2728,#2729,#2730,#2731,
#2732,#2733,#2734,#2735,#2736,#2737,#2738,#2739,#2740,#2741,#2742,#2743,
#2744,#2745,#2746,#2747,#2748,#2749,#2750,#2751,#2752,#2753,#2754,#2755,
#2756,#2757,#2758,#2759,#2760,#2761,#2762,#2763,#2764,#2765,#2766,#2767,
#2768,#2769,#2770,#2771,#2772,#2773,#2774,#2775,#2776,#2777,#2778,#2779,
#2780,#2781,#2782,#2783,#2784,#2785,#2786,#2787,#2788,#2789,#2790,#2791,
#2792,#2793,#2794,#2795,#2796,#2797,#2798,#2799,#2800,#2801,#2802,#2803,
#2804,#2805,#2806));
#2808=DERIVED_UNIT_ELEMENT(#2810,1.);
#2809=DERIVED_UNIT_ELEMENT(#4782,-3.);
#2810=(
CONVERSION_BASED_UNIT('gram',#2812)
MASS_UNIT()
NAMED_UNIT(#4779)
);
#2811=(
MASS_UNIT()
NAMED_UNIT(*)
SI_UNIT(.KILO.,.GRAM.)
);
#2812=MASS_MEASURE_WITH_UNIT(MASS_MEASURE(0.001),#2811);
#2813=DERIVED_UNIT((#2808,#2809));
#2814=MEASURE_REPRESENTATION_ITEM('density measure',
POSITIVE_RATIO_MEASURE(1.),#2813);
#2815=PROPERTY_DEFINITION_REPRESENTATION(#2820,#2817);
#2816=PROPERTY_DEFINITION_REPRESENTATION(#2821,#2818);
#2817=REPRESENTATION('material name',(#2819),#4776);
#2818=REPRESENTATION('density',(#2814),#4776);
#2819=DESCRIPTIVE_REPRESENTATION_ITEM('Generic','Generic');
#2820=PROPERTY_DEFINITION('material property','material name',#4790);
#2821=PROPERTY_DEFINITION('material property','density of part',#4790);
#2822=DATE_TIME_ROLE('creation_date');
#2823=APPLIED_DATE_AND_TIME_ASSIGNMENT(#2824,#2822,(#4790));
#2824=DATE_AND_TIME(#2825,#2826);
#2825=CALENDAR_DATE(2026,3,3);
#2826=LOCAL_TIME(0,0,0.,#2827);
#2827=COORDINATED_UNIVERSAL_TIME_OFFSET(0,0,.BEHIND.);
#2828=AXIS2_PLACEMENT_3D('',#3944,#3134,#3135);
#2829=AXIS2_PLACEMENT_3D('',#3945,#3136,#3137);
#2830=AXIS2_PLACEMENT_3D('',#3947,#3138,#3139);
#2831=AXIS2_PLACEMENT_3D('',#3950,#3141,#3142);
#2832=AXIS2_PLACEMENT_3D('',#3951,#3143,#3144);
#2833=AXIS2_PLACEMENT_3D('',#3953,#3145,#3146);
#2834=AXIS2_PLACEMENT_3D('',#3955,#3147,#3148);
#2835=AXIS2_PLACEMENT_3D('',#3956,#3149,#3150);
#2836=AXIS2_PLACEMENT_3D('',#3959,#3152,#3153);
#2837=AXIS2_PLACEMENT_3D('',#3960,#3154,#3155);
#2838=AXIS2_PLACEMENT_3D('',#3963,#3157,#3158);
#2839=AXIS2_PLACEMENT_3D('',#3964,#3159,#3160);
#2840=AXIS2_PLACEMENT_3D('',#3973,#3165,#3166);
#2841=AXIS2_PLACEMENT_3D('',#3979,#3170,#3171);
#2842=AXIS2_PLACEMENT_3D('',#3985,#3175,#3176);
#2843=AXIS2_PLACEMENT_3D('',#3988,#3179,#3180);
#2844=AXIS2_PLACEMENT_3D('',#3997,#3185,#3186);
#2845=AXIS2_PLACEMENT_3D('',#4003,#3190,#3191);
#2846=AXIS2_PLACEMENT_3D('',#4007,#3194,#3195);
#2847=AXIS2_PLACEMENT_3D('',#4011,#3198,#3199);
#2848=AXIS2_PLACEMENT_3D('',#4013,#3201,#3202);
#2849=AXIS2_PLACEMENT_3D('',#4022,#3207,#3208);
#2850=AXIS2_PLACEMENT_3D('',#4028,#3212,#3213);
#2851=AXIS2_PLACEMENT_3D('',#4038,#3219,#3220);
#2852=AXIS2_PLACEMENT_3D('',#4045,#3225,#3226);
#2853=AXIS2_PLACEMENT_3D('',#4054,#3231,#3232);
#2854=AXIS2_PLACEMENT_3D('',#4060,#3236,#3237);
#2855=AXIS2_PLACEMENT_3D('',#4070,#3243,#3244);
#2856=AXIS2_PLACEMENT_3D('',#4077,#3249,#3250);
#2857=AXIS2_PLACEMENT_3D('',#4086,#3255,#3256);
#2858=AXIS2_PLACEMENT_3D('',#4092,#3260,#3261);
#2859=AXIS2_PLACEMENT_3D('',#4102,#3267,#3268);
#2860=AXIS2_PLACEMENT_3D('',#4109,#3273,#3274);
#2861=AXIS2_PLACEMENT_3D('',#4118,#3279,#3280);
#2862=AXIS2_PLACEMENT_3D('',#4128,#3286,#3287);
#2863=AXIS2_PLACEMENT_3D('',#4134,#3291,#3292);
#2864=AXIS2_PLACEMENT_3D('',#4141,#3297,#3298);
#2865=AXIS2_PLACEMENT_3D('',#4151,#3303,#3304);
#2866=AXIS2_PLACEMENT_3D('',#4153,#3305,#3306);
#2867=AXIS2_PLACEMENT_3D('',#4155,#3307,#3308);
#2868=AXIS2_PLACEMENT_3D('',#4157,#3309,#3310);
#2869=AXIS2_PLACEMENT_3D('',#4159,#3311,#3312);
#2870=AXIS2_PLACEMENT_3D('',#4161,#3313,#3314);
#2871=AXIS2_PLACEMENT_3D('',#4163,#3315,#3316);
#2872=AXIS2_PLACEMENT_3D('',#4165,#3317,#3318);
#2873=AXIS2_PLACEMENT_3D('',#4167,#3319,#3320);
#2874=AXIS2_PLACEMENT_3D('',#4169,#3321,#3322);
#2875=AXIS2_PLACEMENT_3D('',#4171,#3323,#3324);
#2876=AXIS2_PLACEMENT_3D('',#4173,#3325,#3326);
#2877=AXIS2_PLACEMENT_3D('',#4175,#3327,#3328);
#2878=AXIS2_PLACEMENT_3D('',#4177,#3329,#3330);
#2879=AXIS2_PLACEMENT_3D('',#4179,#3331,#3332);
#2880=AXIS2_PLACEMENT_3D('',#4181,#3333,#3334);
#2881=AXIS2_PLACEMENT_3D('',#4183,#3335,#3336);
#2882=AXIS2_PLACEMENT_3D('',#4185,#3337,#3338);
#2883=AXIS2_PLACEMENT_3D('',#4187,#3339,#3340);
#2884=AXIS2_PLACEMENT_3D('',#4189,#3341,#3342);
#2885=AXIS2_PLACEMENT_3D('',#4191,#3343,#3344);
#2886=AXIS2_PLACEMENT_3D('',#4193,#3345,#3346);
#2887=AXIS2_PLACEMENT_3D('',#4195,#3347,#3348);
#2888=AXIS2_PLACEMENT_3D('',#4197,#3349,#3350);
#2889=AXIS2_PLACEMENT_3D('',#4199,#3351,#3352);
#2890=AXIS2_PLACEMENT_3D('',#4201,#3353,#3354);
#2891=AXIS2_PLACEMENT_3D('',#4203,#3355,#3356);
#2892=AXIS2_PLACEMENT_3D('',#4205,#3357,#3358);
#2893=AXIS2_PLACEMENT_3D('',#4207,#3359,#3360);
#2894=AXIS2_PLACEMENT_3D('',#4209,#3361,#3362);
#2895=AXIS2_PLACEMENT_3D('',#4211,#3363,#3364);
#2896=AXIS2_PLACEMENT_3D('',#4213,#3365,#3366);
#2897=AXIS2_PLACEMENT_3D('',#4215,#3367,#3368);
#2898=AXIS2_PLACEMENT_3D('',#4217,#3369,#3370);
#2899=AXIS2_PLACEMENT_3D('',#4219,#3371,#3372);
#2900=AXIS2_PLACEMENT_3D('',#4221,#3373,#3374);
#2901=AXIS2_PLACEMENT_3D('',#4223,#3375,#3376);
#2902=AXIS2_PLACEMENT_3D('',#4225,#3377,#3378);
#2903=AXIS2_PLACEMENT_3D('',#4227,#3379,#3380);
#2904=AXIS2_PLACEMENT_3D('',#4229,#3381,#3382);
#2905=AXIS2_PLACEMENT_3D('',#4231,#3383,#3384);
#2906=AXIS2_PLACEMENT_3D('',#4233,#3385,#3386);
#2907=AXIS2_PLACEMENT_3D('',#4235,#3387,#3388);
#2908=AXIS2_PLACEMENT_3D('',#4237,#3389,#3390);
#2909=AXIS2_PLACEMENT_3D('',#4239,#3391,#3392);
#2910=AXIS2_PLACEMENT_3D('',#4241,#3393,#3394);
#2911=AXIS2_PLACEMENT_3D('',#4243,#3395,#3396);
#2912=AXIS2_PLACEMENT_3D('',#4245,#3397,#3398);
#2913=AXIS2_PLACEMENT_3D('',#4247,#3399,#3400);
#2914=AXIS2_PLACEMENT_3D('',#4249,#3401,#3402);
#2915=AXIS2_PLACEMENT_3D('',#4251,#3403,#3404);
#2916=AXIS2_PLACEMENT_3D('',#4253,#3405,#3406);
#2917=AXIS2_PLACEMENT_3D('',#4255,#3407,#3408);
#2918=AXIS2_PLACEMENT_3D('',#4257,#3409,#3410);
#2919=AXIS2_PLACEMENT_3D('',#4259,#3411,#3412);
#2920=AXIS2_PLACEMENT_3D('',#4261,#3413,#3414);
#2921=AXIS2_PLACEMENT_3D('',#4263,#3415,#3416);
#2922=AXIS2_PLACEMENT_3D('',#4265,#3417,#3418);
#2923=AXIS2_PLACEMENT_3D('',#4267,#3419,#3420);
#2924=AXIS2_PLACEMENT_3D('',#4269,#3421,#3422);
#2925=AXIS2_PLACEMENT_3D('',#4271,#3423,#3424);
#2926=AXIS2_PLACEMENT_3D('',#4273,#3425,#3426);
#2927=AXIS2_PLACEMENT_3D('',#4275,#3427,#3428);
#2928=AXIS2_PLACEMENT_3D('',#4277,#3429,#3430);
#2929=AXIS2_PLACEMENT_3D('',#4279,#3431,#3432);
#2930=AXIS2_PLACEMENT_3D('',#4281,#3433,#3434);
#2931=AXIS2_PLACEMENT_3D('',#4283,#3435,#3436);
#2932=AXIS2_PLACEMENT_3D('',#4285,#3437,#3438);
#2933=AXIS2_PLACEMENT_3D('',#4287,#3439,#3440);
#2934=AXIS2_PLACEMENT_3D('',#4289,#3441,#3442);
#2935=AXIS2_PLACEMENT_3D('',#4291,#3443,#3444);
#2936=AXIS2_PLACEMENT_3D('',#4296,#3449,#3450);
#2937=AXIS2_PLACEMENT_3D('',#4298,#3452,#3453);
#2938=AXIS2_PLACEMENT_3D('',#4300,#3455,#3456);
#2939=AXIS2_PLACEMENT_3D('',#4302,#3458,#3459);
#2940=AXIS2_PLACEMENT_3D('',#4304,#3461,#3462);
#2941=AXIS2_PLACEMENT_3D('',#4305,#3463,#3464);
#2942=AXIS2_PLACEMENT_3D('',#4319,#3465,#3466);
#2943=AXIS2_PLACEMENT_3D('',#4332,#3468,#3469);
#2944=AXIS2_PLACEMENT_3D('',#4333,#3470,#3471);
#2945=AXIS2_PLACEMENT_3D('',#4334,#3472,#3473);
#2946=AXIS2_PLACEMENT_3D('',#4348,#3474,#3475);
#2947=AXIS2_PLACEMENT_3D('',#4361,#3477,#3478);
#2948=AXIS2_PLACEMENT_3D('',#4362,#3479,#3480);
#2949=AXIS2_PLACEMENT_3D('',#4363,#3481,#3482);
#2950=AXIS2_PLACEMENT_3D('',#4374,#3489,#3490);
#2951=AXIS2_PLACEMENT_3D('',#4397,#3491,#3492);
#2952=AXIS2_PLACEMENT_3D('',#4400,#3494,#3495);
#2953=AXIS2_PLACEMENT_3D('',#4401,#3496,#3497);
#2954=AXIS2_PLACEMENT_3D('',#4402,#3498,#3499);
#2955=AXIS2_PLACEMENT_3D('',#4403,#3500,#3501);
#2956=AXIS2_PLACEMENT_3D('',#4426,#3502,#3503);
#2957=AXIS2_PLACEMENT_3D('',#4429,#3505,#3506);
#2958=AXIS2_PLACEMENT_3D('',#4430,#3507,#3508);
#2959=AXIS2_PLACEMENT_3D('',#4431,#3509,#3510);
#2960=AXIS2_PLACEMENT_3D('',#4432,#3511,#3512);
#2961=AXIS2_PLACEMENT_3D('',#4443,#3519,#3520);
#2962=AXIS2_PLACEMENT_3D('',#4446,#3522,#3523);
#2963=AXIS2_PLACEMENT_3D('',#4447,#3524,#3525);
#2964=AXIS2_PLACEMENT_3D('',#4450,#3527,#3528);
#2965=AXIS2_PLACEMENT_3D('',#4451,#3529,#3530);
#2966=AXIS2_PLACEMENT_3D('',#4454,#3532,#3533);
#2967=AXIS2_PLACEMENT_3D('',#4455,#3534,#3535);
#2968=AXIS2_PLACEMENT_3D('',#4458,#3537,#3538);
#2969=AXIS2_PLACEMENT_3D('',#4459,#3539,#3540);
#2970=AXIS2_PLACEMENT_3D('',#4462,#3542,#3543);
#2971=AXIS2_PLACEMENT_3D('',#4463,#3544,#3545);
#2972=AXIS2_PLACEMENT_3D('',#4466,#3547,#3548);
#2973=AXIS2_PLACEMENT_3D('',#4467,#3549,#3550);
#2974=AXIS2_PLACEMENT_3D('',#4470,#3552,#3553);
#2975=AXIS2_PLACEMENT_3D('',#4471,#3554,#3555);
#2976=AXIS2_PLACEMENT_3D('',#4474,#3557,#3558);
#2977=AXIS2_PLACEMENT_3D('',#4475,#3559,#3560);
#2978=AXIS2_PLACEMENT_3D('',#4478,#3562,#3563);
#2979=AXIS2_PLACEMENT_3D('',#4479,#3564,#3565);
#2980=AXIS2_PLACEMENT_3D('',#4482,#3567,#3568);
#2981=AXIS2_PLACEMENT_3D('',#4483,#3569,#3570);
#2982=AXIS2_PLACEMENT_3D('',#4486,#3572,#3573);
#2983=AXIS2_PLACEMENT_3D('',#4487,#3574,#3575);
#2984=AXIS2_PLACEMENT_3D('',#4490,#3577,#3578);
#2985=AXIS2_PLACEMENT_3D('',#4491,#3579,#3580);
#2986=AXIS2_PLACEMENT_3D('',#4494,#3582,#3583);
#2987=AXIS2_PLACEMENT_3D('',#4495,#3584,#3585);
#2988=AXIS2_PLACEMENT_3D('',#4498,#3587,#3588);
#2989=AXIS2_PLACEMENT_3D('',#4499,#3589,#3590);
#2990=AXIS2_PLACEMENT_3D('',#4502,#3592,#3593);
#2991=AXIS2_PLACEMENT_3D('',#4503,#3594,#3595);
#2992=AXIS2_PLACEMENT_3D('',#4506,#3597,#3598);
#2993=AXIS2_PLACEMENT_3D('',#4507,#3599,#3600);
#2994=AXIS2_PLACEMENT_3D('',#4510,#3602,#3603);
#2995=AXIS2_PLACEMENT_3D('',#4511,#3604,#3605);
#2996=AXIS2_PLACEMENT_3D('',#4514,#3607,#3608);
#2997=AXIS2_PLACEMENT_3D('',#4515,#3609,#3610);
#2998=AXIS2_PLACEMENT_3D('',#4518,#3612,#3613);
#2999=AXIS2_PLACEMENT_3D('',#4519,#3614,#3615);
#3000=AXIS2_PLACEMENT_3D('',#4522,#3617,#3618);
#3001=AXIS2_PLACEMENT_3D('',#4523,#3619,#3620);
#3002=AXIS2_PLACEMENT_3D('',#4526,#3622,#3623);
#3003=AXIS2_PLACEMENT_3D('',#4527,#3624,#3625);
#3004=AXIS2_PLACEMENT_3D('',#4530,#3627,#3628);
#3005=AXIS2_PLACEMENT_3D('',#4531,#3629,#3630);
#3006=AXIS2_PLACEMENT_3D('',#4534,#3632,#3633);
#3007=AXIS2_PLACEMENT_3D('',#4535,#3634,#3635);
#3008=AXIS2_PLACEMENT_3D('',#4538,#3637,#3638);
#3009=AXIS2_PLACEMENT_3D('',#4539,#3639,#3640);
#3010=AXIS2_PLACEMENT_3D('',#4542,#3642,#3643);
#3011=AXIS2_PLACEMENT_3D('',#4543,#3644,#3645);
#3012=AXIS2_PLACEMENT_3D('',#4546,#3647,#3648);
#3013=AXIS2_PLACEMENT_3D('',#4547,#3649,#3650);
#3014=AXIS2_PLACEMENT_3D('',#4550,#3652,#3653);
#3015=AXIS2_PLACEMENT_3D('',#4551,#3654,#3655);
#3016=AXIS2_PLACEMENT_3D('',#4554,#3657,#3658);
#3017=AXIS2_PLACEMENT_3D('',#4555,#3659,#3660);
#3018=AXIS2_PLACEMENT_3D('',#4558,#3662,#3663);
#3019=AXIS2_PLACEMENT_3D('',#4559,#3664,#3665);
#3020=AXIS2_PLACEMENT_3D('',#4562,#3667,#3668);
#3021=AXIS2_PLACEMENT_3D('',#4563,#3669,#3670);
#3022=AXIS2_PLACEMENT_3D('',#4566,#3672,#3673);
#3023=AXIS2_PLACEMENT_3D('',#4567,#3674,#3675);
#3024=AXIS2_PLACEMENT_3D('',#4570,#3677,#3678);
#3025=AXIS2_PLACEMENT_3D('',#4571,#3679,#3680);
#3026=AXIS2_PLACEMENT_3D('',#4574,#3682,#3683);
#3027=AXIS2_PLACEMENT_3D('',#4575,#3684,#3685);
#3028=AXIS2_PLACEMENT_3D('',#4578,#3687,#3688);
#3029=AXIS2_PLACEMENT_3D('',#4579,#3689,#3690);
#3030=AXIS2_PLACEMENT_3D('',#4582,#3692,#3693);
#3031=AXIS2_PLACEMENT_3D('',#4583,#3694,#3695);
#3032=AXIS2_PLACEMENT_3D('',#4586,#3697,#3698);
#3033=AXIS2_PLACEMENT_3D('',#4587,#3699,#3700);
#3034=AXIS2_PLACEMENT_3D('',#4590,#3702,#3703);
#3035=AXIS2_PLACEMENT_3D('',#4591,#3704,#3705);
#3036=AXIS2_PLACEMENT_3D('',#4594,#3707,#3708);
#3037=AXIS2_PLACEMENT_3D('',#4595,#3709,#3710);
#3038=AXIS2_PLACEMENT_3D('',#4598,#3712,#3713);
#3039=AXIS2_PLACEMENT_3D('',#4599,#3714,#3715);
#3040=AXIS2_PLACEMENT_3D('',#4602,#3717,#3718);
#3041=AXIS2_PLACEMENT_3D('',#4603,#3719,#3720);
#3042=AXIS2_PLACEMENT_3D('',#4606,#3722,#3723);
#3043=AXIS2_PLACEMENT_3D('',#4607,#3724,#3725);
#3044=AXIS2_PLACEMENT_3D('',#4610,#3727,#3728);
#3045=AXIS2_PLACEMENT_3D('',#4611,#3729,#3730);
#3046=AXIS2_PLACEMENT_3D('',#4614,#3732,#3733);
#3047=AXIS2_PLACEMENT_3D('',#4615,#3734,#3735);
#3048=AXIS2_PLACEMENT_3D('',#4618,#3737,#3738);
#3049=AXIS2_PLACEMENT_3D('',#4619,#3739,#3740);
#3050=AXIS2_PLACEMENT_3D('',#4622,#3742,#3743);
#3051=AXIS2_PLACEMENT_3D('',#4623,#3744,#3745);
#3052=AXIS2_PLACEMENT_3D('',#4626,#3747,#3748);
#3053=AXIS2_PLACEMENT_3D('',#4627,#3749,#3750);
#3054=AXIS2_PLACEMENT_3D('',#4630,#3752,#3753);
#3055=AXIS2_PLACEMENT_3D('',#4631,#3754,#3755);
#3056=AXIS2_PLACEMENT_3D('',#4634,#3757,#3758);
#3057=AXIS2_PLACEMENT_3D('',#4635,#3759,#3760);
#3058=AXIS2_PLACEMENT_3D('',#4638,#3762,#3763);
#3059=AXIS2_PLACEMENT_3D('',#4639,#3764,#3765);
#3060=AXIS2_PLACEMENT_3D('',#4642,#3767,#3768);
#3061=AXIS2_PLACEMENT_3D('',#4643,#3769,#3770);
#3062=AXIS2_PLACEMENT_3D('',#4646,#3772,#3773);
#3063=AXIS2_PLACEMENT_3D('',#4647,#3774,#3775);
#3064=AXIS2_PLACEMENT_3D('',#4650,#3777,#3778);
#3065=AXIS2_PLACEMENT_3D('',#4651,#3779,#3780);
#3066=AXIS2_PLACEMENT_3D('',#4654,#3782,#3783);
#3067=AXIS2_PLACEMENT_3D('',#4655,#3784,#3785);
#3068=AXIS2_PLACEMENT_3D('',#4658,#3787,#3788);
#3069=AXIS2_PLACEMENT_3D('',#4659,#3789,#3790);
#3070=AXIS2_PLACEMENT_3D('',#4662,#3792,#3793);
#3071=AXIS2_PLACEMENT_3D('',#4663,#3794,#3795);
#3072=AXIS2_PLACEMENT_3D('',#4666,#3797,#3798);
#3073=AXIS2_PLACEMENT_3D('',#4667,#3799,#3800);
#3074=AXIS2_PLACEMENT_3D('',#4670,#3802,#3803);
#3075=AXIS2_PLACEMENT_3D('',#4671,#3804,#3805);
#3076=AXIS2_PLACEMENT_3D('',#4674,#3807,#3808);
#3077=AXIS2_PLACEMENT_3D('',#4675,#3809,#3810);
#3078=AXIS2_PLACEMENT_3D('',#4678,#3812,#3813);
#3079=AXIS2_PLACEMENT_3D('',#4679,#3814,#3815);
#3080=AXIS2_PLACEMENT_3D('',#4682,#3817,#3818);
#3081=AXIS2_PLACEMENT_3D('',#4683,#3819,#3820);
#3082=AXIS2_PLACEMENT_3D('',#4686,#3822,#3823);
#3083=AXIS2_PLACEMENT_3D('',#4687,#3824,#3825);
#3084=AXIS2_PLACEMENT_3D('',#4690,#3827,#3828);
#3085=AXIS2_PLACEMENT_3D('',#4691,#3829,#3830);
#3086=AXIS2_PLACEMENT_3D('',#4694,#3832,#3833);
#3087=AXIS2_PLACEMENT_3D('',#4695,#3834,#3835);
#3088=AXIS2_PLACEMENT_3D('',#4698,#3837,#3838);
#3089=AXIS2_PLACEMENT_3D('',#4699,#3839,#3840);
#3090=AXIS2_PLACEMENT_3D('',#4702,#3842,#3843);
#3091=AXIS2_PLACEMENT_3D('',#4703,#3844,#3845);
#3092=AXIS2_PLACEMENT_3D('',#4706,#3847,#3848);
#3093=AXIS2_PLACEMENT_3D('',#4707,#3849,#3850);
#3094=AXIS2_PLACEMENT_3D('',#4710,#3852,#3853);
#3095=AXIS2_PLACEMENT_3D('',#4711,#3854,#3855);
#3096=AXIS2_PLACEMENT_3D('',#4714,#3857,#3858);
#3097=AXIS2_PLACEMENT_3D('',#4715,#3859,#3860);
#3098=AXIS2_PLACEMENT_3D('',#4718,#3862,#3863);
#3099=AXIS2_PLACEMENT_3D('',#4719,#3864,#3865);
#3100=AXIS2_PLACEMENT_3D('',#4722,#3867,#3868);
#3101=AXIS2_PLACEMENT_3D('',#4723,#3869,#3870);
#3102=AXIS2_PLACEMENT_3D('',#4726,#3872,#3873);
#3103=AXIS2_PLACEMENT_3D('',#4727,#3874,#3875);
#3104=AXIS2_PLACEMENT_3D('',#4729,#3876,#3877);
#3105=AXIS2_PLACEMENT_3D('',#4730,#3878,#3879);
#3106=AXIS2_PLACEMENT_3D('',#4731,#3880,#3881);
#3107=AXIS2_PLACEMENT_3D('',#4732,#3882,#3883);
#3108=AXIS2_PLACEMENT_3D('',#4734,#3884,#3885);
#3109=AXIS2_PLACEMENT_3D('',#4735,#3886,#3887);
#3110=AXIS2_PLACEMENT_3D('',#4736,#3888,#3889);
#3111=AXIS2_PLACEMENT_3D('',#4737,#3890,#3891);
#3112=AXIS2_PLACEMENT_3D('',#4739,#3892,#3893);
#3113=AXIS2_PLACEMENT_3D('',#4740,#3894,#3895);
#3114=AXIS2_PLACEMENT_3D('',#4741,#3896,#3897);
#3115=AXIS2_PLACEMENT_3D('',#4742,#3898,#3899);
#3116=AXIS2_PLACEMENT_3D('',#4744,#3900,#3901);
#3117=AXIS2_PLACEMENT_3D('',#4745,#3902,#3903);
#3118=AXIS2_PLACEMENT_3D('',#4746,#3904,#3905);
#3119=AXIS2_PLACEMENT_3D('',#4747,#3906,#3907);
#3120=AXIS2_PLACEMENT_3D('',#4748,#3908,#3909);
#3121=AXIS2_PLACEMENT_3D('',#4750,#3911,#3912);
#3122=AXIS2_PLACEMENT_3D('',#4752,#3913,#3914);
#3123=AXIS2_PLACEMENT_3D('',#4754,#3916,#3917);
#3124=AXIS2_PLACEMENT_3D('',#4755,#3918,#3919);
#3125=AXIS2_PLACEMENT_3D('',#4757,#3920,#3921);
#3126=AXIS2_PLACEMENT_3D('',#4759,#3923,#3924);
#3127=AXIS2_PLACEMENT_3D('',#4761,#3925,#3926);
#3128=AXIS2_PLACEMENT_3D('',#4763,#3928,#3929);
#3129=AXIS2_PLACEMENT_3D('',#4765,#3931,#3932);
#3130=AXIS2_PLACEMENT_3D('',#4767,#3933,#3934);
#3131=AXIS2_PLACEMENT_3D('',#4769,#3936,#3937);
#3132=AXIS2_PLACEMENT_3D('',#4771,#3939,#3940);
#3133=AXIS2_PLACEMENT_3D('',#4773,#3942,#3943);
#3134=DIRECTION('axis',(0.,0.,1.));
#3135=DIRECTION('refdir',(1.,0.,0.));
#3136=DIRECTION('center_axis',(0.,0.,1.));
#3137=DIRECTION('ref_axis',(-1.,0.,0.));
#3138=DIRECTION('center_axis',(0.,0.,1.));
#3139=DIRECTION('ref_axis',(-1.,0.,0.));
#3140=DIRECTION('',(0.,0.,1.));
#3141=DIRECTION('center_axis',(0.,0.,1.));
#3142=DIRECTION('ref_axis',(-1.,0.,0.));
#3143=DIRECTION('center_axis',(0.,0.,-1.));
#3144=DIRECTION('ref_axis',(-1.,0.,0.));
#3145=DIRECTION('center_axis',(0.,0.,-1.));
#3146=DIRECTION('ref_axis',(-1.,0.,0.));
#3147=DIRECTION('center_axis',(0.,0.,-1.));
#3148=DIRECTION('ref_axis',(-1.,0.,0.));
#3149=DIRECTION('center_axis',(0.,0.,1.));
#3150=DIRECTION('ref_axis',(-1.,0.,0.));
#3151=DIRECTION('',(0.,0.,1.));
#3152=DIRECTION('center_axis',(0.,0.,-1.));
#3153=DIRECTION('ref_axis',(-1.,0.,0.));
#3154=DIRECTION('center_axis',(0.,0.,1.));
#3155=DIRECTION('ref_axis',(-1.,0.,0.));
#3156=DIRECTION('',(0.,0.,1.));
#3157=DIRECTION('center_axis',(0.,0.,-1.));
#3158=DIRECTION('ref_axis',(-1.,0.,0.));
#3159=DIRECTION('center_axis',(1.,9.99075837682931E-16,0.));
#3160=DIRECTION('ref_axis',(9.99075837682931E-16,-1.,0.));
#3161=DIRECTION('',(9.99075837682931E-16,-1.,0.));
#3162=DIRECTION('',(0.,0.,-1.));
#3163=DIRECTION('',(9.99075837682931E-16,-1.,0.));
#3164=DIRECTION('',(0.,0.,-1.));
#3165=DIRECTION('center_axis',(0.,1.,0.));
#3166=DIRECTION('ref_axis',(1.,0.,0.));
#3167=DIRECTION('',(1.,0.,0.));
#3168=DIRECTION('',(0.,0.,-1.));
#3169=DIRECTION('',(1.,0.,0.));
#3170=DIRECTION('center_axis',(-1.,0.,0.));
#3171=DIRECTION('ref_axis',(0.,1.,0.));
#3172=DIRECTION('',(0.,1.,0.));
#3173=DIRECTION('',(0.,0.,-1.));
#3174=DIRECTION('',(0.,1.,0.));
#3175=DIRECTION('center_axis',(0.,-1.,0.));
#3176=DIRECTION('ref_axis',(-1.,0.,0.));
#3177=DIRECTION('',(-1.,0.,0.));
#3178=DIRECTION('',(-1.,0.,0.));
#3179=DIRECTION('center_axis',(0.,0.,-1.));
#3180=DIRECTION('ref_axis',(-1.,0.,0.));
#3181=DIRECTION('',(-1.,0.,0.));
#3182=DIRECTION('',(-2.3311769545935E-15,1.,0.));
#3183=DIRECTION('',(1.,0.,0.));
#3184=DIRECTION('',(0.,-1.,0.));
#3185=DIRECTION('center_axis',(1.,2.3311769545935E-15,0.));
#3186=DIRECTION('ref_axis',(2.3311769545935E-15,-1.,0.));
#3187=DIRECTION('',(0.,0.,-1.));
#3188=DIRECTION('',(-2.3311769545935E-15,1.,0.));
#3189=DIRECTION('',(0.,0.,-1.));
#3190=DIRECTION('center_axis',(0.,1.,0.));
#3191=DIRECTION('ref_axis',(1.,0.,0.));
#3192=DIRECTION('',(0.,0.,-1.));
#3193=DIRECTION('',(-1.,0.,0.));
#3194=DIRECTION('center_axis',(-1.,0.,0.));
#3195=DIRECTION('ref_axis',(0.,1.,0.));
#3196=DIRECTION('',(0.,0.,-1.));
#3197=DIRECTION('',(0.,-1.,0.));
#3198=DIRECTION('center_axis',(0.,-1.,0.));
#3199=DIRECTION('ref_axis',(-1.,0.,0.));
#3200=DIRECTION('',(1.,0.,0.));
#3201=DIRECTION('center_axis',(1.,0.,0.));
#3202=DIRECTION('ref_axis',(0.,1.,0.));
#3203=DIRECTION('',(0.,-1.,0.));
#3204=DIRECTION('',(0.,0.,1.));
#3205=DIRECTION('',(0.,1.,0.));
#3206=DIRECTION('',(0.,0.,1.));
#3207=DIRECTION('center_axis',(0.,-1.,0.));
#3208=DIRECTION('ref_axis',(1.,0.,0.));
#3209=DIRECTION('',(-1.,0.,0.));
#3210=DIRECTION('',(1.,0.,0.));
#3211=DIRECTION('',(0.,0.,1.));
#3212=DIRECTION('center_axis',(-1.,0.,0.));
#3213=DIRECTION('ref_axis',(0.,-1.,0.));
#3214=DIRECTION('',(0.,1.,0.));
#3215=DIRECTION('',(0.,-1.,0.));
#3216=DIRECTION('',(0.,0.,-1.));
#3217=DIRECTION('',(0.,-1.,0.));
#3218=DIRECTION('',(0.,0.,1.));
#3219=DIRECTION('center_axis',(0.,1.,0.));
#3220=DIRECTION('ref_axis',(-1.,0.,0.));
#3221=DIRECTION('',(1.,0.,0.));
#3222=DIRECTION('',(-1.,0.,0.));
#3223=DIRECTION('',(0.,0.,1.));
#3224=DIRECTION('',(-1.,0.,0.));
#3225=DIRECTION('center_axis',(0.,1.,0.));
#3226=DIRECTION('ref_axis',(-1.,0.,0.));
#3227=DIRECTION('',(1.,0.,0.));
#3228=DIRECTION('',(0.,0.,1.));
#3229=DIRECTION('',(-1.,0.,0.));
#3230=DIRECTION('',(0.,0.,1.));
#3231=DIRECTION('center_axis',(1.,0.,0.));
#3232=DIRECTION('ref_axis',(0.,1.,0.));
#3233=DIRECTION('',(0.,-1.,0.));
#3234=DIRECTION('',(0.,1.,0.));
#3235=DIRECTION('',(0.,0.,1.));
#3236=DIRECTION('center_axis',(0.,-1.,0.));
#3237=DIRECTION('ref_axis',(1.,0.,0.));
#3238=DIRECTION('',(-1.,0.,0.));
#3239=DIRECTION('',(1.,0.,0.));
#3240=DIRECTION('',(0.,0.,-1.));
#3241=DIRECTION('',(1.,0.,0.));
#3242=DIRECTION('',(0.,0.,1.));
#3243=DIRECTION('center_axis',(-1.,0.,0.));
#3244=DIRECTION('ref_axis',(0.,-1.,0.));
#3245=DIRECTION('',(0.,1.,0.));
#3246=DIRECTION('',(0.,-1.,0.));
#3247=DIRECTION('',(0.,0.,1.));
#3248=DIRECTION('',(0.,-1.,0.));
#3249=DIRECTION('center_axis',(0.,-1.,0.));
#3250=DIRECTION('ref_axis',(1.,0.,0.));
#3251=DIRECTION('',(-1.,0.,0.));
#3252=DIRECTION('',(0.,0.,1.));
#3253=DIRECTION('',(1.,0.,0.));
#3254=DIRECTION('',(0.,0.,1.));
#3255=DIRECTION('center_axis',(-1.,0.,0.));
#3256=DIRECTION('ref_axis',(0.,-1.,0.));
#3257=DIRECTION('',(0.,1.,0.));
#3258=DIRECTION('',(0.,-1.,0.));
#3259=DIRECTION('',(0.,0.,1.));
#3260=DIRECTION('center_axis',(0.,1.,0.));
#3261=DIRECTION('ref_axis',(-1.,0.,0.));
#3262=DIRECTION('',(1.,0.,0.));
#3263=DIRECTION('',(-1.,0.,0.));
#3264=DIRECTION('',(0.,0.,-1.));
#3265=DIRECTION('',(-1.,0.,0.));
#3266=DIRECTION('',(0.,0.,1.));
#3267=DIRECTION('center_axis',(1.,0.,0.));
#3268=DIRECTION('ref_axis',(0.,1.,0.));
#3269=DIRECTION('',(0.,-1.,0.));
#3270=DIRECTION('',(0.,1.,0.));
#3271=DIRECTION('',(0.,0.,1.));
#3272=DIRECTION('',(0.,1.,0.));
#3273=DIRECTION('center_axis',(-1.,0.,0.));
#3274=DIRECTION('ref_axis',(0.,-1.,0.));
#3275=DIRECTION('',(0.,1.,0.));
#3276=DIRECTION('',(0.,0.,1.));
#3277=DIRECTION('',(0.,-1.,0.));
#3278=DIRECTION('',(0.,0.,1.));
#3279=DIRECTION('center_axis',(0.,-1.,0.));
#3280=DIRECTION('ref_axis',(1.,0.,0.));
#3281=DIRECTION('',(-1.,0.,0.));
#3282=DIRECTION('',(0.,0.,1.));
#3283=DIRECTION('',(1.,0.,0.));
#3284=DIRECTION('',(0.,0.,1.));
#3285=DIRECTION('',(1.,0.,0.));
#3286=DIRECTION('center_axis',(0.,1.,0.));
#3287=DIRECTION('ref_axis',(-1.,0.,0.));
#3288=DIRECTION('',(1.,0.,0.));
#3289=DIRECTION('',(-1.,0.,0.));
#3290=DIRECTION('',(0.,0.,1.));
#3291=DIRECTION('center_axis',(1.,0.,0.));
#3292=DIRECTION('ref_axis',(0.,1.,0.));
#3293=DIRECTION('',(0.,-1.,0.));
#3294=DIRECTION('',(0.,1.,0.));
#3295=DIRECTION('',(0.,0.,-1.));
#3296=DIRECTION('',(0.,1.,0.));
#3297=DIRECTION('center_axis',(0.,0.,1.));
#3298=DIRECTION('ref_axis',(1.,0.,0.));
#3299=DIRECTION('',(5.82794238648376E-16,1.,0.));
#3300=DIRECTION('',(1.,5.92293830519511E-17,0.));
#3301=DIRECTION('',(-1.83011090456804E-16,-1.,0.));
#3302=DIRECTION('',(-1.,6.5924878527389E-16,0.));
#3303=DIRECTION('center_axis',(0.,0.,1.));
#3304=DIRECTION('ref_axis',(-1.,0.,0.));
#3305=DIRECTION('center_axis',(0.,0.,1.));
#3306=DIRECTION('ref_axis',(-1.,0.,0.));
#3307=DIRECTION('center_axis',(0.,0.,1.));
#3308=DIRECTION('ref_axis',(-1.,0.,0.));
#3309=DIRECTION('center_axis',(0.,0.,1.));
#3310=DIRECTION('ref_axis',(-1.,0.,0.));
#3311=DIRECTION('center_axis',(0.,0.,1.));
#3312=DIRECTION('ref_axis',(-1.,0.,0.));
#3313=DIRECTION('center_axis',(0.,0.,1.));
#3314=DIRECTION('ref_axis',(-1.,0.,0.));
#3315=DIRECTION('center_axis',(0.,0.,1.));
#3316=DIRECTION('ref_axis',(-1.,0.,0.));
#3317=DIRECTION('center_axis',(0.,0.,1.));
#3318=DIRECTION('ref_axis',(-1.,0.,0.));
#3319=DIRECTION('center_axis',(0.,0.,1.));
#3320=DIRECTION('ref_axis',(-1.,0.,0.));
#3321=DIRECTION('center_axis',(0.,0.,1.));
#3322=DIRECTION('ref_axis',(-1.,0.,0.));
#3323=DIRECTION('center_axis',(0.,0.,1.));
#3324=DIRECTION('ref_axis',(-1.,0.,0.));
#3325=DIRECTION('center_axis',(0.,0.,1.));
#3326=DIRECTION('ref_axis',(-1.,0.,0.));
#3327=DIRECTION('center_axis',(0.,0.,1.));
#3328=DIRECTION('ref_axis',(-1.,0.,0.));
#3329=DIRECTION('center_axis',(0.,0.,1.));
#3330=DIRECTION('ref_axis',(-1.,0.,0.));
#3331=DIRECTION('center_axis',(0.,0.,1.));
#3332=DIRECTION('ref_axis',(-1.,0.,0.));
#3333=DIRECTION('center_axis',(0.,0.,1.));
#3334=DIRECTION('ref_axis',(-1.,0.,0.));
#3335=DIRECTION('center_axis',(0.,0.,1.));
#3336=DIRECTION('ref_axis',(-1.,0.,0.));
#3337=DIRECTION('center_axis',(0.,0.,1.));
#3338=DIRECTION('ref_axis',(-1.,0.,0.));
#3339=DIRECTION('center_axis',(0.,0.,1.));
#3340=DIRECTION('ref_axis',(-1.,0.,0.));
#3341=DIRECTION('center_axis',(0.,0.,1.));
#3342=DIRECTION('ref_axis',(-1.,0.,0.));
#3343=DIRECTION('center_axis',(0.,0.,1.));
#3344=DIRECTION('ref_axis',(-1.,0.,0.));
#3345=DIRECTION('center_axis',(0.,0.,1.));
#3346=DIRECTION('ref_axis',(-1.,0.,0.));
#3347=DIRECTION('center_axis',(0.,0.,1.));
#3348=DIRECTION('ref_axis',(-1.,0.,0.));
#3349=DIRECTION('center_axis',(0.,0.,1.));
#3350=DIRECTION('ref_axis',(-1.,0.,0.));
#3351=DIRECTION('center_axis',(0.,0.,1.));
#3352=DIRECTION('ref_axis',(-1.,0.,0.));
#3353=DIRECTION('center_axis',(0.,0.,1.));
#3354=DIRECTION('ref_axis',(-1.,0.,0.));
#3355=DIRECTION('center_axis',(0.,0.,1.));
#3356=DIRECTION('ref_axis',(-1.,0.,0.));
#3357=DIRECTION('center_axis',(0.,0.,1.));
#3358=DIRECTION('ref_axis',(-1.,0.,0.));
#3359=DIRECTION('center_axis',(0.,0.,1.));
#3360=DIRECTION('ref_axis',(-1.,0.,0.));
#3361=DIRECTION('center_axis',(0.,0.,1.));
#3362=DIRECTION('ref_axis',(-1.,0.,0.));
#3363=DIRECTION('center_axis',(0.,0.,1.));
#3364=DIRECTION('ref_axis',(-1.,0.,0.));
#3365=DIRECTION('center_axis',(0.,0.,1.));
#3366=DIRECTION('ref_axis',(-1.,0.,0.));
#3367=DIRECTION('center_axis',(0.,0.,1.));
#3368=DIRECTION('ref_axis',(-1.,0.,0.));
#3369=DIRECTION('center_axis',(0.,0.,1.));
#3370=DIRECTION('ref_axis',(-1.,0.,0.));
#3371=DIRECTION('center_axis',(0.,0.,1.));
#3372=DIRECTION('ref_axis',(-1.,0.,0.));
#3373=DIRECTION('center_axis',(0.,0.,1.));
#3374=DIRECTION('ref_axis',(-1.,0.,0.));
#3375=DIRECTION('center_axis',(0.,0.,1.));
#3376=DIRECTION('ref_axis',(-1.,0.,0.));
#3377=DIRECTION('center_axis',(0.,0.,1.));
#3378=DIRECTION('ref_axis',(-1.,0.,0.));
#3379=DIRECTION('center_axis',(0.,0.,1.));
#3380=DIRECTION('ref_axis',(-1.,0.,0.));
#3381=DIRECTION('center_axis',(0.,0.,1.));
#3382=DIRECTION('ref_axis',(-1.,0.,0.));
#3383=DIRECTION('center_axis',(0.,0.,1.));
#3384=DIRECTION('ref_axis',(-1.,0.,0.));
#3385=DIRECTION('center_axis',(0.,0.,1.));
#3386=DIRECTION('ref_axis',(-1.,0.,0.));
#3387=DIRECTION('center_axis',(0.,0.,1.));
#3388=DIRECTION('ref_axis',(-1.,0.,0.));
#3389=DIRECTION('center_axis',(0.,0.,1.));
#3390=DIRECTION('ref_axis',(-1.,0.,0.));
#3391=DIRECTION('center_axis',(0.,0.,1.));
#3392=DIRECTION('ref_axis',(-1.,0.,0.));
#3393=DIRECTION('center_axis',(0.,0.,1.));
#3394=DIRECTION('ref_axis',(-1.,0.,0.));
#3395=DIRECTION('center_axis',(0.,0.,1.));
#3396=DIRECTION('ref_axis',(-1.,0.,0.));
#3397=DIRECTION('center_axis',(0.,0.,1.));
#3398=DIRECTION('ref_axis',(-1.,0.,0.));
#3399=DIRECTION('center_axis',(0.,0.,1.));
#3400=DIRECTION('ref_axis',(-1.,0.,0.));
#3401=DIRECTION('center_axis',(0.,0.,1.));
#3402=DIRECTION('ref_axis',(-1.,0.,0.));
#3403=DIRECTION('center_axis',(0.,0.,1.));
#3404=DIRECTION('ref_axis',(-1.,0.,0.));
#3405=DIRECTION('center_axis',(0.,0.,1.));
#3406=DIRECTION('ref_axis',(-1.,0.,0.));
#3407=DIRECTION('center_axis',(0.,0.,1.));
#3408=DIRECTION('ref_axis',(-1.,0.,0.));
#3409=DIRECTION('center_axis',(0.,0.,1.));
#3410=DIRECTION('ref_axis',(-1.,0.,0.));
#3411=DIRECTION('center_axis',(0.,0.,1.));
#3412=DIRECTION('ref_axis',(-1.,0.,0.));
#3413=DIRECTION('center_axis',(0.,0.,1.));
#3414=DIRECTION('ref_axis',(-1.,0.,0.));
#3415=DIRECTION('center_axis',(0.,0.,1.));
#3416=DIRECTION('ref_axis',(-1.,0.,0.));
#3417=DIRECTION('center_axis',(0.,0.,1.));
#3418=DIRECTION('ref_axis',(-1.,0.,0.));
#3419=DIRECTION('center_axis',(0.,0.,1.));
#3420=DIRECTION('ref_axis',(-1.,0.,0.));
#3421=DIRECTION('center_axis',(0.,0.,1.));
#3422=DIRECTION('ref_axis',(-1.,0.,0.));
#3423=DIRECTION('center_axis',(0.,0.,1.));
#3424=DIRECTION('ref_axis',(-1.,0.,0.));
#3425=DIRECTION('center_axis',(0.,0.,1.));
#3426=DIRECTION('ref_axis',(-1.,0.,0.));
#3427=DIRECTION('center_axis',(0.,0.,1.));
#3428=DIRECTION('ref_axis',(-1.,0.,0.));
#3429=DIRECTION('center_axis',(0.,0.,1.));
#3430=DIRECTION('ref_axis',(-1.,0.,0.));
#3431=DIRECTION('center_axis',(0.,0.,1.));
#3432=DIRECTION('ref_axis',(-1.,0.,0.));
#3433=DIRECTION('center_axis',(0.,0.,1.));
#3434=DIRECTION('ref_axis',(-1.,0.,0.));
#3435=DIRECTION('center_axis',(0.,0.,1.));
#3436=DIRECTION('ref_axis',(-1.,0.,0.));
#3437=DIRECTION('center_axis',(0.,0.,1.));
#3438=DIRECTION('ref_axis',(-1.,0.,0.));
#3439=DIRECTION('center_axis',(0.,0.,1.));
#3440=DIRECTION('ref_axis',(-1.,0.,0.));
#3441=DIRECTION('center_axis',(0.,0.,1.));
#3442=DIRECTION('ref_axis',(-1.,0.,0.));
#3443=DIRECTION('center_axis',(0.,0.,1.));
#3444=DIRECTION('ref_axis',(-1.,0.,0.));
#3445=DIRECTION('',(0.,1.,0.));
#3446=DIRECTION('',(-1.,0.,0.));
#3447=DIRECTION('',(0.,-1.,0.));
#3448=DIRECTION('',(1.,0.,0.));
#3449=DIRECTION('center_axis',(-1.,0.,0.));
#3450=DIRECTION('ref_axis',(0.,-1.,0.));
#3451=DIRECTION('',(0.,-1.,0.));
#3452=DIRECTION('center_axis',(0.,1.,0.));
#3453=DIRECTION('ref_axis',(-1.,0.,0.));
#3454=DIRECTION('',(-1.,0.,0.));
#3455=DIRECTION('center_axis',(1.,0.,0.));
#3456=DIRECTION('ref_axis',(0.,1.,0.));
#3457=DIRECTION('',(0.,1.,0.));
#3458=DIRECTION('center_axis',(0.,-1.,0.));
#3459=DIRECTION('ref_axis',(1.,0.,0.));
#3460=DIRECTION('',(1.,0.,0.));
#3461=DIRECTION('center_axis',(0.,0.,1.));
#3462=DIRECTION('ref_axis',(1.,0.,0.));
#3463=DIRECTION('center_axis',(-1.,1.83011090456804E-16,0.));
#3464=DIRECTION('ref_axis',(0.,0.,1.));
#3465=DIRECTION('center_axis',(1.,-1.83011090456804E-16,0.));
#3466=DIRECTION('ref_axis',(0.,0.,1.));
#3467=DIRECTION('',(1.,-1.83011090456804E-16,0.));
#3468=DIRECTION('center_axis',(-1.,1.83011090456804E-16,0.));
#3469=DIRECTION('ref_axis',(0.,0.,1.));
#3470=DIRECTION('center_axis',(-1.,1.83011090456804E-16,0.));
#3471=DIRECTION('ref_axis',(0.,0.,1.));
#3472=DIRECTION('center_axis',(-1.,1.83011090456804E-16,0.));
#3473=DIRECTION('ref_axis',(0.,0.,1.));
#3474=DIRECTION('center_axis',(1.,-1.83011090456804E-16,0.));
#3475=DIRECTION('ref_axis',(0.,0.,1.));
#3476=DIRECTION('',(1.,-1.83011090456804E-16,0.));
#3477=DIRECTION('center_axis',(-1.,1.83011090456804E-16,0.));
#3478=DIRECTION('ref_axis',(0.,0.,1.));
#3479=DIRECTION('center_axis',(-1.,1.83011090456804E-16,0.));
#3480=DIRECTION('ref_axis',(0.,0.,1.));
#3481=DIRECTION('center_axis',(-1.,1.83011090456804E-16,0.));
#3482=DIRECTION('ref_axis',(-1.83011090456804E-16,-1.,0.));
#3483=DIRECTION('',(1.83011090456804E-16,1.,0.));
#3484=DIRECTION('',(1.83011090456804E-16,1.,0.));
#3485=DIRECTION('',(0.,0.,-1.));
#3486=DIRECTION('',(-1.83011090456804E-16,-1.,0.));
#3487=DIRECTION('',(0.,0.,1.));
#3488=DIRECTION('',(1.83011090456804E-16,1.,0.));
#3489=DIRECTION('center_axis',(1.,-5.82794238648376E-16,0.));
#3490=DIRECTION('ref_axis',(0.,0.,-1.));
#3491=DIRECTION('center_axis',(-1.,5.82794238648376E-16,0.));
#3492=DIRECTION('ref_axis',(0.,0.,-1.));
#3493=DIRECTION('',(-1.,5.82794238648376E-16,0.));
#3494=DIRECTION('center_axis',(1.,-5.82794238648376E-16,0.));
#3495=DIRECTION('ref_axis',(0.,0.,-1.));
#3496=DIRECTION('center_axis',(-1.,5.82794238648376E-16,0.));
#3497=DIRECTION('ref_axis',(0.,0.,-1.));
#3498=DIRECTION('center_axis',(1.,-5.82794238648376E-16,0.));
#3499=DIRECTION('ref_axis',(0.,0.,-1.));
#3500=DIRECTION('center_axis',(1.,-5.82794238648376E-16,0.));
#3501=DIRECTION('ref_axis',(0.,0.,-1.));
#3502=DIRECTION('center_axis',(-1.,5.82794238648376E-16,0.));
#3503=DIRECTION('ref_axis',(0.,0.,-1.));
#3504=DIRECTION('',(-1.,5.82794238648376E-16,0.));
#3505=DIRECTION('center_axis',(1.,-5.82794238648376E-16,0.));
#3506=DIRECTION('ref_axis',(0.,0.,-1.));
#3507=DIRECTION('center_axis',(-1.,5.82794238648376E-16,0.));
#3508=DIRECTION('ref_axis',(0.,0.,-1.));
#3509=DIRECTION('center_axis',(1.,-5.82794238648376E-16,0.));
#3510=DIRECTION('ref_axis',(0.,0.,-1.));
#3511=DIRECTION('center_axis',(1.,-5.82794238648376E-16,0.));
#3512=DIRECTION('ref_axis',(5.82794238648376E-16,1.,0.));
#3513=DIRECTION('',(-5.82794238648376E-16,-1.,0.));
#3514=DIRECTION('',(-5.82794238648376E-16,-1.,0.));
#3515=DIRECTION('',(0.,0.,-1.));
#3516=DIRECTION('',(5.82794238648376E-16,1.,0.));
#3517=DIRECTION('',(0.,0.,1.));
#3518=DIRECTION('',(-5.82794238648376E-16,-1.,0.));
#3519=DIRECTION('center_axis',(0.,0.,-1.));
#3520=DIRECTION('ref_axis',(-1.,0.,0.));
#3521=DIRECTION('',(0.,0.,1.));
#3522=DIRECTION('center_axis',(0.,0.,-1.));
#3523=DIRECTION('ref_axis',(-1.,0.,0.));
#3524=DIRECTION('center_axis',(0.,0.,-1.));
#3525=DIRECTION('ref_axis',(-1.,0.,0.));
#3526=DIRECTION('',(0.,0.,1.));
#3527=DIRECTION('center_axis',(0.,0.,-1.));
#3528=DIRECTION('ref_axis',(-1.,0.,0.));
#3529=DIRECTION('center_axis',(0.,0.,-1.));
#3530=DIRECTION('ref_axis',(-1.,0.,0.));
#3531=DIRECTION('',(0.,0.,1.));
#3532=DIRECTION('center_axis',(0.,0.,-1.));
#3533=DIRECTION('ref_axis',(-1.,0.,0.));
#3534=DIRECTION('center_axis',(0.,0.,-1.));
#3535=DIRECTION('ref_axis',(-1.,0.,0.));
#3536=DIRECTION('',(0.,0.,1.));
#3537=DIRECTION('center_axis',(0.,0.,-1.));
#3538=DIRECTION('ref_axis',(-1.,0.,0.));
#3539=DIRECTION('center_axis',(0.,0.,-1.));
#3540=DIRECTION('ref_axis',(-1.,0.,0.));
#3541=DIRECTION('',(0.,0.,1.));
#3542=DIRECTION('center_axis',(0.,0.,-1.));
#3543=DIRECTION('ref_axis',(-1.,0.,0.));
#3544=DIRECTION('center_axis',(0.,0.,-1.));
#3545=DIRECTION('ref_axis',(-1.,0.,0.));
#3546=DIRECTION('',(0.,0.,1.));
#3547=DIRECTION('center_axis',(0.,0.,-1.));
#3548=DIRECTION('ref_axis',(-1.,0.,0.));
#3549=DIRECTION('center_axis',(0.,0.,-1.));
#3550=DIRECTION('ref_axis',(-1.,0.,0.));
#3551=DIRECTION('',(0.,0.,1.));
#3552=DIRECTION('center_axis',(0.,0.,-1.));
#3553=DIRECTION('ref_axis',(-1.,0.,0.));
#3554=DIRECTION('center_axis',(0.,0.,-1.));
#3555=DIRECTION('ref_axis',(-1.,0.,0.));
#3556=DIRECTION('',(0.,0.,1.));
#3557=DIRECTION('center_axis',(0.,0.,-1.));
#3558=DIRECTION('ref_axis',(-1.,0.,0.));
#3559=DIRECTION('center_axis',(0.,0.,-1.));
#3560=DIRECTION('ref_axis',(-1.,0.,0.));
#3561=DIRECTION('',(0.,0.,1.));
#3562=DIRECTION('center_axis',(0.,0.,-1.));
#3563=DIRECTION('ref_axis',(-1.,0.,0.));
#3564=DIRECTION('center_axis',(0.,0.,-1.));
#3565=DIRECTION('ref_axis',(-1.,0.,0.));
#3566=DIRECTION('',(0.,0.,1.));
#3567=DIRECTION('center_axis',(0.,0.,-1.));
#3568=DIRECTION('ref_axis',(-1.,0.,0.));
#3569=DIRECTION('center_axis',(0.,0.,-1.));
#3570=DIRECTION('ref_axis',(-1.,0.,0.));
#3571=DIRECTION('',(0.,0.,1.));
#3572=DIRECTION('center_axis',(0.,0.,-1.));
#3573=DIRECTION('ref_axis',(-1.,0.,0.));
#3574=DIRECTION('center_axis',(0.,0.,-1.));
#3575=DIRECTION('ref_axis',(-1.,0.,0.));
#3576=DIRECTION('',(0.,0.,1.));
#3577=DIRECTION('center_axis',(0.,0.,-1.));
#3578=DIRECTION('ref_axis',(-1.,0.,0.));
#3579=DIRECTION('center_axis',(0.,0.,-1.));
#3580=DIRECTION('ref_axis',(-1.,0.,0.));
#3581=DIRECTION('',(0.,0.,1.));
#3582=DIRECTION('center_axis',(0.,0.,-1.));
#3583=DIRECTION('ref_axis',(-1.,0.,0.));
#3584=DIRECTION('center_axis',(0.,0.,-1.));
#3585=DIRECTION('ref_axis',(-1.,0.,0.));
#3586=DIRECTION('',(0.,0.,1.));
#3587=DIRECTION('center_axis',(0.,0.,-1.));
#3588=DIRECTION('ref_axis',(-1.,0.,0.));
#3589=DIRECTION('center_axis',(0.,0.,-1.));
#3590=DIRECTION('ref_axis',(-1.,0.,0.));
#3591=DIRECTION('',(0.,0.,1.));
#3592=DIRECTION('center_axis',(0.,0.,-1.));
#3593=DIRECTION('ref_axis',(-1.,0.,0.));
#3594=DIRECTION('center_axis',(0.,0.,-1.));
#3595=DIRECTION('ref_axis',(-1.,0.,0.));
#3596=DIRECTION('',(0.,0.,1.));
#3597=DIRECTION('center_axis',(0.,0.,-1.));
#3598=DIRECTION('ref_axis',(-1.,0.,0.));
#3599=DIRECTION('center_axis',(0.,0.,-1.));
#3600=DIRECTION('ref_axis',(-1.,0.,0.));
#3601=DIRECTION('',(0.,0.,1.));
#3602=DIRECTION('center_axis',(0.,0.,-1.));
#3603=DIRECTION('ref_axis',(-1.,0.,0.));
#3604=DIRECTION('center_axis',(0.,0.,-1.));
#3605=DIRECTION('ref_axis',(-1.,0.,0.));
#3606=DIRECTION('',(0.,0.,1.));
#3607=DIRECTION('center_axis',(0.,0.,-1.));
#3608=DIRECTION('ref_axis',(-1.,0.,0.));
#3609=DIRECTION('center_axis',(0.,0.,-1.));
#3610=DIRECTION('ref_axis',(-1.,0.,0.));
#3611=DIRECTION('',(0.,0.,1.));
#3612=DIRECTION('center_axis',(0.,0.,-1.));
#3613=DIRECTION('ref_axis',(-1.,0.,0.));
#3614=DIRECTION('center_axis',(0.,0.,-1.));
#3615=DIRECTION('ref_axis',(-1.,0.,0.));
#3616=DIRECTION('',(0.,0.,1.));
#3617=DIRECTION('center_axis',(0.,0.,-1.));
#3618=DIRECTION('ref_axis',(-1.,0.,0.));
#3619=DIRECTION('center_axis',(0.,0.,-1.));
#3620=DIRECTION('ref_axis',(-1.,0.,0.));
#3621=DIRECTION('',(0.,0.,1.));
#3622=DIRECTION('center_axis',(0.,0.,-1.));
#3623=DIRECTION('ref_axis',(-1.,0.,0.));
#3624=DIRECTION('center_axis',(0.,0.,-1.));
#3625=DIRECTION('ref_axis',(-1.,0.,0.));
#3626=DIRECTION('',(0.,0.,1.));
#3627=DIRECTION('center_axis',(0.,0.,-1.));
#3628=DIRECTION('ref_axis',(-1.,0.,0.));
#3629=DIRECTION('center_axis',(0.,0.,-1.));
#3630=DIRECTION('ref_axis',(-1.,0.,0.));
#3631=DIRECTION('',(0.,0.,1.));
#3632=DIRECTION('center_axis',(0.,0.,-1.));
#3633=DIRECTION('ref_axis',(-1.,0.,0.));
#3634=DIRECTION('center_axis',(0.,0.,-1.));
#3635=DIRECTION('ref_axis',(-1.,0.,0.));
#3636=DIRECTION('',(0.,0.,1.));
#3637=DIRECTION('center_axis',(0.,0.,-1.));
#3638=DIRECTION('ref_axis',(-1.,0.,0.));
#3639=DIRECTION('center_axis',(0.,0.,-1.));
#3640=DIRECTION('ref_axis',(-1.,0.,0.));
#3641=DIRECTION('',(0.,0.,1.));
#3642=DIRECTION('center_axis',(0.,0.,-1.));
#3643=DIRECTION('ref_axis',(-1.,0.,0.));
#3644=DIRECTION('center_axis',(0.,0.,-1.));
#3645=DIRECTION('ref_axis',(-1.,0.,0.));
#3646=DIRECTION('',(0.,0.,1.));
#3647=DIRECTION('center_axis',(0.,0.,-1.));
#3648=DIRECTION('ref_axis',(-1.,0.,0.));
#3649=DIRECTION('center_axis',(0.,0.,-1.));
#3650=DIRECTION('ref_axis',(-1.,0.,0.));
#3651=DIRECTION('',(0.,0.,1.));
#3652=DIRECTION('center_axis',(0.,0.,-1.));
#3653=DIRECTION('ref_axis',(-1.,0.,0.));
#3654=DIRECTION('center_axis',(0.,0.,-1.));
#3655=DIRECTION('ref_axis',(-1.,0.,0.));
#3656=DIRECTION('',(0.,0.,1.));
#3657=DIRECTION('center_axis',(0.,0.,-1.));
#3658=DIRECTION('ref_axis',(-1.,0.,0.));
#3659=DIRECTION('center_axis',(0.,0.,-1.));
#3660=DIRECTION('ref_axis',(-1.,0.,0.));
#3661=DIRECTION('',(0.,0.,1.));
#3662=DIRECTION('center_axis',(0.,0.,-1.));
#3663=DIRECTION('ref_axis',(-1.,0.,0.));
#3664=DIRECTION('center_axis',(0.,0.,-1.));
#3665=DIRECTION('ref_axis',(-1.,0.,0.));
#3666=DIRECTION('',(0.,0.,1.));
#3667=DIRECTION('center_axis',(0.,0.,-1.));
#3668=DIRECTION('ref_axis',(-1.,0.,0.));
#3669=DIRECTION('center_axis',(0.,0.,-1.));
#3670=DIRECTION('ref_axis',(-1.,0.,0.));
#3671=DIRECTION('',(0.,0.,1.));
#3672=DIRECTION('center_axis',(0.,0.,-1.));
#3673=DIRECTION('ref_axis',(-1.,0.,0.));
#3674=DIRECTION('center_axis',(0.,0.,-1.));
#3675=DIRECTION('ref_axis',(-1.,0.,0.));
#3676=DIRECTION('',(0.,0.,1.));
#3677=DIRECTION('center_axis',(0.,0.,-1.));
#3678=DIRECTION('ref_axis',(-1.,0.,0.));
#3679=DIRECTION('center_axis',(0.,0.,-1.));
#3680=DIRECTION('ref_axis',(-1.,0.,0.));
#3681=DIRECTION('',(0.,0.,1.));
#3682=DIRECTION('center_axis',(0.,0.,-1.));
#3683=DIRECTION('ref_axis',(-1.,0.,0.));
#3684=DIRECTION('center_axis',(0.,0.,-1.));
#3685=DIRECTION('ref_axis',(-1.,0.,0.));
#3686=DIRECTION('',(0.,0.,1.));
#3687=DIRECTION('center_axis',(0.,0.,-1.));
#3688=DIRECTION('ref_axis',(-1.,0.,0.));
#3689=DIRECTION('center_axis',(0.,0.,-1.));
#3690=DIRECTION('ref_axis',(-1.,0.,0.));
#3691=DIRECTION('',(0.,0.,1.));
#3692=DIRECTION('center_axis',(0.,0.,-1.));
#3693=DIRECTION('ref_axis',(-1.,0.,0.));
#3694=DIRECTION('center_axis',(0.,0.,-1.));
#3695=DIRECTION('ref_axis',(-1.,0.,0.));
#3696=DIRECTION('',(0.,0.,1.));
#3697=DIRECTION('center_axis',(0.,0.,-1.));
#3698=DIRECTION('ref_axis',(-1.,0.,0.));
#3699=DIRECTION('center_axis',(0.,0.,-1.));
#3700=DIRECTION('ref_axis',(-1.,0.,0.));
#3701=DIRECTION('',(0.,0.,1.));
#3702=DIRECTION('center_axis',(0.,0.,-1.));
#3703=DIRECTION('ref_axis',(-1.,0.,0.));
#3704=DIRECTION('center_axis',(0.,0.,-1.));
#3705=DIRECTION('ref_axis',(-1.,0.,0.));
#3706=DIRECTION('',(0.,0.,1.));
#3707=DIRECTION('center_axis',(0.,0.,-1.));
#3708=DIRECTION('ref_axis',(-1.,0.,0.));
#3709=DIRECTION('center_axis',(0.,0.,-1.));
#3710=DIRECTION('ref_axis',(-1.,0.,0.));
#3711=DIRECTION('',(0.,0.,1.));
#3712=DIRECTION('center_axis',(0.,0.,-1.));
#3713=DIRECTION('ref_axis',(-1.,0.,0.));
#3714=DIRECTION('center_axis',(0.,0.,-1.));
#3715=DIRECTION('ref_axis',(-1.,0.,0.));
#3716=DIRECTION('',(0.,0.,1.));
#3717=DIRECTION('center_axis',(0.,0.,-1.));
#3718=DIRECTION('ref_axis',(-1.,0.,0.));
#3719=DIRECTION('center_axis',(0.,0.,-1.));
#3720=DIRECTION('ref_axis',(-1.,0.,0.));
#3721=DIRECTION('',(0.,0.,1.));
#3722=DIRECTION('center_axis',(0.,0.,-1.));
#3723=DIRECTION('ref_axis',(-1.,0.,0.));
#3724=DIRECTION('center_axis',(0.,0.,-1.));
#3725=DIRECTION('ref_axis',(-1.,0.,0.));
#3726=DIRECTION('',(0.,0.,1.));
#3727=DIRECTION('center_axis',(0.,0.,-1.));
#3728=DIRECTION('ref_axis',(-1.,0.,0.));
#3729=DIRECTION('center_axis',(0.,0.,-1.));
#3730=DIRECTION('ref_axis',(-1.,0.,0.));
#3731=DIRECTION('',(0.,0.,1.));
#3732=DIRECTION('center_axis',(0.,0.,-1.));
#3733=DIRECTION('ref_axis',(-1.,0.,0.));
#3734=DIRECTION('center_axis',(0.,0.,-1.));
#3735=DIRECTION('ref_axis',(-1.,0.,0.));
#3736=DIRECTION('',(0.,0.,1.));
#3737=DIRECTION('center_axis',(0.,0.,-1.));
#3738=DIRECTION('ref_axis',(-1.,0.,0.));
#3739=DIRECTION('center_axis',(0.,0.,-1.));
#3740=DIRECTION('ref_axis',(-1.,0.,0.));
#3741=DIRECTION('',(0.,0.,1.));
#3742=DIRECTION('center_axis',(0.,0.,-1.));
#3743=DIRECTION('ref_axis',(-1.,0.,0.));
#3744=DIRECTION('center_axis',(0.,0.,-1.));
#3745=DIRECTION('ref_axis',(-1.,0.,0.));
#3746=DIRECTION('',(0.,0.,1.));
#3747=DIRECTION('center_axis',(0.,0.,-1.));
#3748=DIRECTION('ref_axis',(-1.,0.,0.));
#3749=DIRECTION('center_axis',(0.,0.,-1.));
#3750=DIRECTION('ref_axis',(-1.,0.,0.));
#3751=DIRECTION('',(0.,0.,1.));
#3752=DIRECTION('center_axis',(0.,0.,-1.));
#3753=DIRECTION('ref_axis',(-1.,0.,0.));
#3754=DIRECTION('center_axis',(0.,0.,-1.));
#3755=DIRECTION('ref_axis',(-1.,0.,0.));
#3756=DIRECTION('',(0.,0.,1.));
#3757=DIRECTION('center_axis',(0.,0.,-1.));
#3758=DIRECTION('ref_axis',(-1.,0.,0.));
#3759=DIRECTION('center_axis',(0.,0.,-1.));
#3760=DIRECTION('ref_axis',(-1.,0.,0.));
#3761=DIRECTION('',(0.,0.,1.));
#3762=DIRECTION('center_axis',(0.,0.,-1.));
#3763=DIRECTION('ref_axis',(-1.,0.,0.));
#3764=DIRECTION('center_axis',(0.,0.,-1.));
#3765=DIRECTION('ref_axis',(-1.,0.,0.));
#3766=DIRECTION('',(0.,0.,1.));
#3767=DIRECTION('center_axis',(0.,0.,-1.));
#3768=DIRECTION('ref_axis',(-1.,0.,0.));
#3769=DIRECTION('center_axis',(0.,0.,-1.));
#3770=DIRECTION('ref_axis',(-1.,0.,0.));
#3771=DIRECTION('',(0.,0.,1.));
#3772=DIRECTION('center_axis',(0.,0.,-1.));
#3773=DIRECTION('ref_axis',(-1.,0.,0.));
#3774=DIRECTION('center_axis',(0.,0.,-1.));
#3775=DIRECTION('ref_axis',(-1.,0.,0.));
#3776=DIRECTION('',(0.,0.,1.));
#3777=DIRECTION('center_axis',(0.,0.,-1.));
#3778=DIRECTION('ref_axis',(-1.,0.,0.));
#3779=DIRECTION('center_axis',(0.,0.,-1.));
#3780=DIRECTION('ref_axis',(-1.,0.,0.));
#3781=DIRECTION('',(0.,0.,1.));
#3782=DIRECTION('center_axis',(0.,0.,-1.));
#3783=DIRECTION('ref_axis',(-1.,0.,0.));
#3784=DIRECTION('center_axis',(0.,0.,-1.));
#3785=DIRECTION('ref_axis',(-1.,0.,0.));
#3786=DIRECTION('',(0.,0.,1.));
#3787=DIRECTION('center_axis',(0.,0.,-1.));
#3788=DIRECTION('ref_axis',(-1.,0.,0.));
#3789=DIRECTION('center_axis',(0.,0.,-1.));
#3790=DIRECTION('ref_axis',(-1.,0.,0.));
#3791=DIRECTION('',(0.,0.,1.));
#3792=DIRECTION('center_axis',(0.,0.,-1.));
#3793=DIRECTION('ref_axis',(-1.,0.,0.));
#3794=DIRECTION('center_axis',(0.,0.,-1.));
#3795=DIRECTION('ref_axis',(-1.,0.,0.));
#3796=DIRECTION('',(0.,0.,1.));
#3797=DIRECTION('center_axis',(0.,0.,-1.));
#3798=DIRECTION('ref_axis',(-1.,0.,0.));
#3799=DIRECTION('center_axis',(0.,0.,-1.));
#3800=DIRECTION('ref_axis',(-1.,0.,0.));
#3801=DIRECTION('',(0.,0.,1.));
#3802=DIRECTION('center_axis',(0.,0.,-1.));
#3803=DIRECTION('ref_axis',(-1.,0.,0.));
#3804=DIRECTION('center_axis',(0.,0.,-1.));
#3805=DIRECTION('ref_axis',(-1.,0.,0.));
#3806=DIRECTION('',(0.,0.,1.));
#3807=DIRECTION('center_axis',(0.,0.,-1.));
#3808=DIRECTION('ref_axis',(-1.,0.,0.));
#3809=DIRECTION('center_axis',(0.,0.,-1.));
#3810=DIRECTION('ref_axis',(-1.,0.,0.));
#3811=DIRECTION('',(0.,0.,1.));
#3812=DIRECTION('center_axis',(0.,0.,-1.));
#3813=DIRECTION('ref_axis',(-1.,0.,0.));
#3814=DIRECTION('center_axis',(0.,0.,-1.));
#3815=DIRECTION('ref_axis',(-1.,0.,0.));
#3816=DIRECTION('',(0.,0.,1.));
#3817=DIRECTION('center_axis',(0.,0.,-1.));
#3818=DIRECTION('ref_axis',(-1.,0.,0.));
#3819=DIRECTION('center_axis',(0.,0.,-1.));
#3820=DIRECTION('ref_axis',(-1.,0.,0.));
#3821=DIRECTION('',(0.,0.,1.));
#3822=DIRECTION('center_axis',(0.,0.,-1.));
#3823=DIRECTION('ref_axis',(-1.,0.,0.));
#3824=DIRECTION('center_axis',(0.,0.,-1.));
#3825=DIRECTION('ref_axis',(-1.,0.,0.));
#3826=DIRECTION('',(0.,0.,1.));
#3827=DIRECTION('center_axis',(0.,0.,-1.));
#3828=DIRECTION('ref_axis',(-1.,0.,0.));
#3829=DIRECTION('center_axis',(0.,0.,-1.));
#3830=DIRECTION('ref_axis',(-1.,0.,0.));
#3831=DIRECTION('',(0.,0.,1.));
#3832=DIRECTION('center_axis',(0.,0.,-1.));
#3833=DIRECTION('ref_axis',(-1.,0.,0.));
#3834=DIRECTION('center_axis',(0.,0.,-1.));
#3835=DIRECTION('ref_axis',(-1.,0.,0.));
#3836=DIRECTION('',(0.,0.,1.));
#3837=DIRECTION('center_axis',(0.,0.,-1.));
#3838=DIRECTION('ref_axis',(-1.,0.,0.));
#3839=DIRECTION('center_axis',(0.,0.,-1.));
#3840=DIRECTION('ref_axis',(-1.,0.,0.));
#3841=DIRECTION('',(0.,0.,1.));
#3842=DIRECTION('center_axis',(0.,0.,-1.));
#3843=DIRECTION('ref_axis',(-1.,0.,0.));
#3844=DIRECTION('center_axis',(0.,0.,-1.));
#3845=DIRECTION('ref_axis',(-1.,0.,0.));
#3846=DIRECTION('',(0.,0.,1.));
#3847=DIRECTION('center_axis',(0.,0.,-1.));
#3848=DIRECTION('ref_axis',(-1.,0.,0.));
#3849=DIRECTION('center_axis',(0.,0.,-1.));
#3850=DIRECTION('ref_axis',(-1.,0.,0.));
#3851=DIRECTION('',(0.,0.,1.));
#3852=DIRECTION('center_axis',(0.,0.,-1.));
#3853=DIRECTION('ref_axis',(-1.,0.,0.));
#3854=DIRECTION('center_axis',(0.,0.,-1.));
#3855=DIRECTION('ref_axis',(-1.,0.,0.));
#3856=DIRECTION('',(0.,0.,1.));
#3857=DIRECTION('center_axis',(0.,0.,-1.));
#3858=DIRECTION('ref_axis',(-1.,0.,0.));
#3859=DIRECTION('center_axis',(0.,0.,-1.));
#3860=DIRECTION('ref_axis',(-1.,0.,0.));
#3861=DIRECTION('',(0.,0.,1.));
#3862=DIRECTION('center_axis',(0.,0.,-1.));
#3863=DIRECTION('ref_axis',(-1.,0.,0.));
#3864=DIRECTION('center_axis',(0.,0.,-1.));
#3865=DIRECTION('ref_axis',(-1.,0.,0.));
#3866=DIRECTION('',(0.,0.,1.));
#3867=DIRECTION('center_axis',(0.,0.,-1.));
#3868=DIRECTION('ref_axis',(-1.,0.,0.));
#3869=DIRECTION('center_axis',(0.,0.,-1.));
#3870=DIRECTION('ref_axis',(-1.,0.,0.));
#3871=DIRECTION('',(0.,0.,1.));
#3872=DIRECTION('center_axis',(0.,0.,-1.));
#3873=DIRECTION('ref_axis',(-1.,0.,0.));
#3874=DIRECTION('center_axis',(0.40824829046386,-0.816496580927729,0.40824829046386));
#3875=DIRECTION('ref_axis',(-0.577350269189627,-0.577350269189622,-0.577350269189628));
#3876=DIRECTION('center_axis',(0.,0.,-1.));
#3877=DIRECTION('ref_axis',(-1.,1.74838271594513E-16,0.));
#3878=DIRECTION('center_axis',(-5.59482469102441E-15,-1.,0.));
#3879=DIRECTION('ref_axis',(0.,0.,-1.));
#3880=DIRECTION('center_axis',(-1.,0.,6.99353086378051E-16));
#3881=DIRECTION('ref_axis',(0.,-1.,0.));
#3882=DIRECTION('center_axis',(-0.408248290463861,-0.816496580927726,0.408248290463865));
#3883=DIRECTION('ref_axis',(0.577350269189624,-0.577350269189627,-0.577350269189627));
#3884=DIRECTION('center_axis',(1.,-2.79741234551221E-15,0.));
#3885=DIRECTION('ref_axis',(0.,0.,-1.));
#3886=DIRECTION('center_axis',(0.,-1.,0.));
#3887=DIRECTION('ref_axis',(1.,0.,0.));
#3888=DIRECTION('center_axis',(0.,0.,-1.));
#3889=DIRECTION('ref_axis',(0.,-1.,0.));
#3890=DIRECTION('center_axis',(-0.408248290463862,-0.816496580927727,-0.408248290463863));
#3891=DIRECTION('ref_axis',(-0.577350269189627,0.577350269189623,-0.577350269189627));
#3892=DIRECTION('center_axis',(0.,0.,-1.));
#3893=DIRECTION('ref_axis',(6.99353086378046E-16,1.,0.));
#3894=DIRECTION('center_axis',(-1.,0.,0.));
#3895=DIRECTION('ref_axis',(0.,0.,-1.));
#3896=DIRECTION('center_axis',(0.,1.,5.59482469102441E-15));
#3897=DIRECTION('ref_axis',(-1.,0.,0.));
#3898=DIRECTION('center_axis',(-0.816496580927728,0.40824829046386,-0.408248290463862));
#3899=DIRECTION('ref_axis',(0.577350269189622,0.57735026918963,-0.577350269189626));
#3900=DIRECTION('center_axis',(0.,0.,-1.));
#3901=DIRECTION('ref_axis',(1.,0.,0.));
#3902=DIRECTION('center_axis',(0.,1.,0.));
#3903=DIRECTION('ref_axis',(0.,0.,-1.));
#3904=DIRECTION('center_axis',(1.,0.,2.79741234551221E-15));
#3905=DIRECTION('ref_axis',(0.,1.,0.));
#3906=DIRECTION('center_axis',(5.82794238648376E-16,1.,0.));
#3907=DIRECTION('ref_axis',(0.707106781186546,0.,-0.707106781186549));
#3908=DIRECTION('center_axis',(-1.,6.5924878527389E-16,0.));
#3909=DIRECTION('ref_axis',(0.,0.707106781186546,-0.707106781186549));
#3910=DIRECTION('',(1.,-6.5924878527389E-16,0.));
#3911=DIRECTION('center_axis',(0.,0.,1.));
#3912=DIRECTION('ref_axis',(0.707106781186546,0.707106781186549,0.));
#3913=DIRECTION('center_axis',(0.,0.,-1.));
#3914=DIRECTION('ref_axis',(0.707106781186546,0.707106781186549,0.));
#3915=DIRECTION('',(0.,0.,1.));
#3916=DIRECTION('center_axis',(-1.83011090456804E-16,-1.,0.));
#3917=DIRECTION('ref_axis',(-0.707106781186547,0.,-0.707106781186548));
#3918=DIRECTION('center_axis',(0.,0.,1.));
#3919=DIRECTION('ref_axis',(-0.707106781186544,0.707106781186551,0.));
#3920=DIRECTION('center_axis',(0.,0.,-1.));
#3921=DIRECTION('ref_axis',(-0.707106781186544,0.707106781186551,0.));
#3922=DIRECTION('',(0.,0.,-1.));
#3923=DIRECTION('center_axis',(0.,0.,1.));
#3924=DIRECTION('ref_axis',(0.707106781186548,-0.707106781186547,0.));
#3925=DIRECTION('center_axis',(0.,0.,-1.));
#3926=DIRECTION('ref_axis',(0.707106781186548,-0.707106781186547,0.));
#3927=DIRECTION('',(0.,0.,-1.));
#3928=DIRECTION('center_axis',(1.,5.92293830519511E-17,0.));
#3929=DIRECTION('ref_axis',(0.,-0.707106781186547,-0.707106781186548));
#3930=DIRECTION('',(-1.,-5.92293830519511E-17,0.));
#3931=DIRECTION('center_axis',(0.,0.,1.));
#3932=DIRECTION('ref_axis',(-0.707106781186548,-0.707106781186547,0.));
#3933=DIRECTION('center_axis',(0.,0.,-1.));
#3934=DIRECTION('ref_axis',(-0.707106781186548,-0.707106781186547,0.));
#3935=DIRECTION('',(0.,0.,1.));
#3936=DIRECTION('center_axis',(5.92293830519511E-17,-1.,0.));
#3937=DIRECTION('ref_axis',(1.,5.92293830519511E-17,0.));
#3938=DIRECTION('',(1.,5.92293830519511E-17,0.));
#3939=DIRECTION('center_axis',(0.,0.,1.));
#3940=DIRECTION('ref_axis',(1.,0.,0.));
#3941=DIRECTION('',(-1.,6.5924878527389E-16,0.));
#3942=DIRECTION('center_axis',(6.5924878527389E-16,1.,0.));
#3943=DIRECTION('ref_axis',(-1.,6.5924878527389E-16,0.));
#3944=CARTESIAN_POINT('',(0.,0.,0.));
#3945=CARTESIAN_POINT('Origin',(1.65,3.2,0.));
#3946=CARTESIAN_POINT('',(1.76811023622047,3.2,0.));
#3947=CARTESIAN_POINT('Origin',(1.65,3.2,0.));
#3948=CARTESIAN_POINT('',(1.76811023622047,3.2,0.0393700787401575));
#3949=CARTESIAN_POINT('',(1.76811023622047,3.2,0.));
#3950=CARTESIAN_POINT('Origin',(1.65,3.2,0.0393700787401575));
#3951=CARTESIAN_POINT('Origin',(1.65,3.2,0.0393700787401575));
#3952=CARTESIAN_POINT('',(1.6775,3.1507874015748,0.0393700787401575));
#3953=CARTESIAN_POINT('Origin',(1.65,3.1507874015748,0.0393700787401575));
#3954=CARTESIAN_POINT('',(1.6775,3.2492125984252,0.0393700787401575));
#3955=CARTESIAN_POINT('Origin',(1.65,3.2492125984252,0.0393700787401575));
#3956=CARTESIAN_POINT('Origin',(1.65,3.1507874015748,0.));
#3957=CARTESIAN_POINT('',(1.6775,3.1507874015748,0.25));
#3958=CARTESIAN_POINT('',(1.6775,3.1507874015748,0.));
#3959=CARTESIAN_POINT('Origin',(1.65,3.1507874015748,0.25));
#3960=CARTESIAN_POINT('Origin',(1.65,3.2492125984252,0.));
#3961=CARTESIAN_POINT('',(1.6775,3.2492125984252,0.25));
#3962=CARTESIAN_POINT('',(1.6775,3.2492125984252,0.));
#3963=CARTESIAN_POINT('Origin',(1.65,3.2492125984252,0.25));
#3964=CARTESIAN_POINT('Origin',(2.7825,3.885,0.25));
#3965=CARTESIAN_POINT('',(2.7825,3.885,0.25));
#3966=CARTESIAN_POINT('',(2.7825,3.535,0.25));
#3967=CARTESIAN_POINT('',(2.7825,3.4425,0.25));
#3968=CARTESIAN_POINT('',(2.7825,3.885,0.02));
#3969=CARTESIAN_POINT('',(2.7825,3.885,0.25));
#3970=CARTESIAN_POINT('',(2.7825,3.535,0.02));
#3971=CARTESIAN_POINT('',(2.7825,3.535,0.02));
#3972=CARTESIAN_POINT('',(2.7825,3.535,0.25));
#3973=CARTESIAN_POINT('Origin',(2.6025,3.885,0.25));
#3974=CARTESIAN_POINT('',(2.6025,3.885,0.25));
#3975=CARTESIAN_POINT('',(2.096875,3.885,0.25));
#3976=CARTESIAN_POINT('',(2.6025,3.885,0.02));
#3977=CARTESIAN_POINT('',(2.6025,3.885,0.25));
#3978=CARTESIAN_POINT('',(2.7825,3.885,0.02));
#3979=CARTESIAN_POINT('Origin',(2.6025,3.535,0.25));
#3980=CARTESIAN_POINT('',(2.6025,3.535,0.25));
#3981=CARTESIAN_POINT('',(2.6025,3.2675,0.25));
#3982=CARTESIAN_POINT('',(2.6025,3.535,0.02));
#3983=CARTESIAN_POINT('',(2.6025,3.535,0.25));
#3984=CARTESIAN_POINT('',(2.6025,3.885,0.02));
#3985=CARTESIAN_POINT('Origin',(2.7825,3.535,0.25));
#3986=CARTESIAN_POINT('',(2.186875,3.535,0.25));
#3987=CARTESIAN_POINT('',(2.6025,3.535,0.02));
#3988=CARTESIAN_POINT('Origin',(2.6925,3.71,0.02));
#3989=CARTESIAN_POINT('',(2.7335,3.86,0.02));
#3990=CARTESIAN_POINT('',(2.6515,3.86,0.02));
#3991=CARTESIAN_POINT('',(2.672,3.86,0.02));
#3992=CARTESIAN_POINT('',(2.7335,3.56,0.02));
#3993=CARTESIAN_POINT('',(2.7335,3.785,0.02));
#3994=CARTESIAN_POINT('',(2.6515,3.56,0.02));
#3995=CARTESIAN_POINT('',(2.713,3.56,0.02));
#3996=CARTESIAN_POINT('',(2.6515,3.635,0.02));
#3997=CARTESIAN_POINT('Origin',(2.7335,3.86,0.25));
#3998=CARTESIAN_POINT('',(2.7335,3.86,0.));
#3999=CARTESIAN_POINT('',(2.7335,3.86,0.25));
#4000=CARTESIAN_POINT('',(2.7335,3.56,0.));
#4001=CARTESIAN_POINT('',(2.7335,3.43,0.));
#4002=CARTESIAN_POINT('',(2.7335,3.56,0.25));
#4003=CARTESIAN_POINT('Origin',(2.6515,3.86,0.25));
#4004=CARTESIAN_POINT('',(2.6515,3.86,0.));
#4005=CARTESIAN_POINT('',(2.6515,3.86,0.25));
#4006=CARTESIAN_POINT('',(2.121375,3.86,0.));
#4007=CARTESIAN_POINT('Origin',(2.6515,3.56,0.25));
#4008=CARTESIAN_POINT('',(2.6515,3.56,0.));
#4009=CARTESIAN_POINT('',(2.6515,3.56,0.25));
#4010=CARTESIAN_POINT('',(2.6515,3.28,0.));
#4011=CARTESIAN_POINT('Origin',(2.7335,3.56,0.25));
#4012=CARTESIAN_POINT('',(2.162375,3.56,0.));
#4013=CARTESIAN_POINT('Origin',(0.831889763779528,3.56811023622048,0.));
#4014=CARTESIAN_POINT('',(0.831889763779528,3.66811023622048,0.25));
#4015=CARTESIAN_POINT('',(0.831889763779528,3.56811023622048,0.25));
#4016=CARTESIAN_POINT('',(0.831889763779528,3.28405511811024,0.25));
#4017=CARTESIAN_POINT('',(0.831889763779528,3.66811023622048,0.));
#4018=CARTESIAN_POINT('',(0.831889763779528,3.66811023622048,0.));
#4019=CARTESIAN_POINT('',(0.831889763779528,3.56811023622048,0.));
#4020=CARTESIAN_POINT('',(0.831889763779528,3.28405511811024,0.));
#4021=CARTESIAN_POINT('',(0.831889763779528,3.56811023622048,0.));
#4022=CARTESIAN_POINT('Origin',(0.731889763779528,3.56811023622048,0.));
#4023=CARTESIAN_POINT('',(0.731889763779528,3.56811023622048,0.25));
#4024=CARTESIAN_POINT('',(1.16156988188976,3.56811023622048,0.25));
#4025=CARTESIAN_POINT('',(0.731889763779528,3.56811023622048,0.));
#4026=CARTESIAN_POINT('',(1.16156988188976,3.56811023622048,0.));
#4027=CARTESIAN_POINT('',(0.731889763779528,3.56811023622048,0.));
#4028=CARTESIAN_POINT('Origin',(0.731889763779528,3.66811023622048,0.));
#4029=CARTESIAN_POINT('',(0.731889763779528,3.66811023622048,0.25));
#4030=CARTESIAN_POINT('',(0.731889763779528,3.33405511811024,0.25));
#4031=CARTESIAN_POINT('',(0.731889763779528,3.61811023622048,0.));
#4032=CARTESIAN_POINT('',(0.731889763779528,3.33405511811024,0.));
#4033=CARTESIAN_POINT('',(0.731889763779528,3.61811023622048,0.137795275590551));
#4034=CARTESIAN_POINT('',(0.731889763779528,3.61811023622048,0.));
#4035=CARTESIAN_POINT('',(0.731889763779528,3.66811023622048,0.137795275590551));
#4036=CARTESIAN_POINT('',(0.731889763779528,3.70905511811024,0.137795275590551));
#4037=CARTESIAN_POINT('',(0.731889763779528,3.66811023622048,0.));
#4038=CARTESIAN_POINT('Origin',(0.831889763779528,3.66811023622048,0.));
#4039=CARTESIAN_POINT('',(1.21156988188976,3.66811023622048,0.25));
#4040=CARTESIAN_POINT('',(0.781889763779528,3.66811023622048,0.137795275590551));
#4041=CARTESIAN_POINT('',(0.740944881889764,3.66811023622048,0.137795275590551));
#4042=CARTESIAN_POINT('',(0.781889763779528,3.66811023622048,0.));
#4043=CARTESIAN_POINT('',(0.781889763779528,3.66811023622048,0.));
#4044=CARTESIAN_POINT('',(1.21156988188976,3.66811023622048,0.));
#4045=CARTESIAN_POINT('Origin',(0.831889763779528,3.93188976377953,0.));
#4046=CARTESIAN_POINT('',(0.731889763779528,3.93188976377953,0.25));
#4047=CARTESIAN_POINT('',(0.831889763779528,3.93188976377953,0.25));
#4048=CARTESIAN_POINT('',(1.21156988188976,3.93188976377953,0.25));
#4049=CARTESIAN_POINT('',(0.731889763779528,3.93188976377953,0.));
#4050=CARTESIAN_POINT('',(0.731889763779528,3.93188976377953,0.));
#4051=CARTESIAN_POINT('',(0.831889763779528,3.93188976377953,0.));
#4052=CARTESIAN_POINT('',(1.21156988188976,3.93188976377953,0.));
#4053=CARTESIAN_POINT('',(0.831889763779528,3.93188976377953,0.));
#4054=CARTESIAN_POINT('Origin',(0.831889763779528,3.83188976377953,0.));
#4055=CARTESIAN_POINT('',(0.831889763779528,3.83188976377953,0.25));
#4056=CARTESIAN_POINT('',(0.831889763779528,3.41594488188977,0.25));
#4057=CARTESIAN_POINT('',(0.831889763779528,3.83188976377953,0.));
#4058=CARTESIAN_POINT('',(0.831889763779528,3.41594488188977,0.));
#4059=CARTESIAN_POINT('',(0.831889763779528,3.83188976377953,0.));
#4060=CARTESIAN_POINT('Origin',(0.731889763779528,3.83188976377953,0.));
#4061=CARTESIAN_POINT('',(0.731889763779528,3.83188976377953,0.25));
#4062=CARTESIAN_POINT('',(1.16156988188976,3.83188976377953,0.25));
#4063=CARTESIAN_POINT('',(0.781889763779528,3.83188976377953,0.));
#4064=CARTESIAN_POINT('',(1.16156988188976,3.83188976377953,0.));
#4065=CARTESIAN_POINT('',(0.781889763779528,3.83188976377953,0.137795275590551));
#4066=CARTESIAN_POINT('',(0.781889763779528,3.83188976377953,0.));
#4067=CARTESIAN_POINT('',(0.731889763779528,3.83188976377953,0.137795275590551));
#4068=CARTESIAN_POINT('',(0.690944881889764,3.83188976377953,0.137795275590551));
#4069=CARTESIAN_POINT('',(0.731889763779528,3.83188976377953,0.));
#4070=CARTESIAN_POINT('Origin',(0.731889763779528,3.93188976377953,0.));
#4071=CARTESIAN_POINT('',(0.731889763779528,3.46594488188977,0.25));
#4072=CARTESIAN_POINT('',(0.731889763779528,3.88188976377953,0.137795275590551));
#4073=CARTESIAN_POINT('',(0.731889763779528,3.84094488188977,0.137795275590551));
#4074=CARTESIAN_POINT('',(0.731889763779528,3.88188976377953,0.));
#4075=CARTESIAN_POINT('',(0.731889763779528,3.88188976377953,0.));
#4076=CARTESIAN_POINT('',(0.731889763779528,3.46594488188977,0.));
#4077=CARTESIAN_POINT('Origin',(0.468110236220473,3.56811023622048,0.));
#4078=CARTESIAN_POINT('',(0.568110236220473,3.56811023622048,0.25));
#4079=CARTESIAN_POINT('',(0.468110236220473,3.56811023622048,0.25));
#4080=CARTESIAN_POINT('',(1.02968011811024,3.56811023622048,0.25));
#4081=CARTESIAN_POINT('',(0.568110236220473,3.56811023622048,0.));
#4082=CARTESIAN_POINT('',(0.568110236220473,3.56811023622048,0.));
#4083=CARTESIAN_POINT('',(0.468110236220473,3.56811023622048,0.));
#4084=CARTESIAN_POINT('',(1.02968011811024,3.56811023622048,0.));
#4085=CARTESIAN_POINT('',(0.468110236220473,3.56811023622048,0.));
#4086=CARTESIAN_POINT('Origin',(0.468110236220473,3.66811023622048,0.));
#4087=CARTESIAN_POINT('',(0.468110236220473,3.66811023622048,0.25));
#4088=CARTESIAN_POINT('',(0.468110236220473,3.33405511811024,0.25));
#4089=CARTESIAN_POINT('',(0.468110236220473,3.66811023622048,0.));
#4090=CARTESIAN_POINT('',(0.468110236220473,3.33405511811024,0.));
#4091=CARTESIAN_POINT('',(0.468110236220473,3.66811023622048,0.));
#4092=CARTESIAN_POINT('Origin',(0.568110236220473,3.66811023622048,0.));
#4093=CARTESIAN_POINT('',(0.568110236220473,3.66811023622048,0.25));
#4094=CARTESIAN_POINT('',(1.07968011811024,3.66811023622048,0.25));
#4095=CARTESIAN_POINT('',(0.518110236220473,3.66811023622048,0.));
#4096=CARTESIAN_POINT('',(1.07968011811024,3.66811023622048,0.));
#4097=CARTESIAN_POINT('',(0.518110236220473,3.66811023622048,0.137795275590551));
#4098=CARTESIAN_POINT('',(0.518110236220473,3.66811023622048,0.));
#4099=CARTESIAN_POINT('',(0.568110236220473,3.66811023622048,0.137795275590551));
#4100=CARTESIAN_POINT('',(0.609055118110237,3.66811023622048,0.137795275590551));
#4101=CARTESIAN_POINT('',(0.568110236220473,3.66811023622048,0.));
#4102=CARTESIAN_POINT('Origin',(0.568110236220473,3.56811023622048,0.));
#4103=CARTESIAN_POINT('',(0.568110236220473,3.28405511811024,0.25));
#4104=CARTESIAN_POINT('',(0.568110236220473,3.61811023622048,0.137795275590551));
#4105=CARTESIAN_POINT('',(0.568110236220473,3.65905511811024,0.137795275590551));
#4106=CARTESIAN_POINT('',(0.568110236220473,3.61811023622048,0.));
#4107=CARTESIAN_POINT('',(0.568110236220473,3.61811023622048,0.));
#4108=CARTESIAN_POINT('',(0.568110236220473,3.28405511811024,0.));
#4109=CARTESIAN_POINT('Origin',(0.468110236220473,3.93188976377953,0.));
#4110=CARTESIAN_POINT('',(0.468110236220473,3.83188976377953,0.25));
#4111=CARTESIAN_POINT('',(0.468110236220473,3.93188976377953,0.25));
#4112=CARTESIAN_POINT('',(0.468110236220473,3.46594488188977,0.25));
#4113=CARTESIAN_POINT('',(0.468110236220473,3.83188976377953,0.));
#4114=CARTESIAN_POINT('',(0.468110236220473,3.83188976377953,0.));
#4115=CARTESIAN_POINT('',(0.468110236220473,3.93188976377953,0.));
#4116=CARTESIAN_POINT('',(0.468110236220473,3.46594488188977,0.));
#4117=CARTESIAN_POINT('',(0.468110236220473,3.93188976377953,0.));
#4118=CARTESIAN_POINT('Origin',(0.468110236220473,3.83188976377953,0.));
#4119=CARTESIAN_POINT('',(0.568110236220473,3.83188976377953,0.25));
#4120=CARTESIAN_POINT('',(1.02968011811024,3.83188976377953,0.25));
#4121=CARTESIAN_POINT('',(0.568110236220473,3.83188976377953,0.137795275590551));
#4122=CARTESIAN_POINT('',(0.568110236220473,3.83188976377953,0.));
#4123=CARTESIAN_POINT('',(0.518110236220473,3.83188976377953,0.137795275590551));
#4124=CARTESIAN_POINT('',(0.559055118110237,3.83188976377953,0.137795275590551));
#4125=CARTESIAN_POINT('',(0.518110236220473,3.83188976377953,0.));
#4126=CARTESIAN_POINT('',(0.518110236220473,3.83188976377953,0.));
#4127=CARTESIAN_POINT('',(1.02968011811024,3.83188976377953,0.));
#4128=CARTESIAN_POINT('Origin',(0.568110236220473,3.93188976377953,0.));
#4129=CARTESIAN_POINT('',(0.568110236220473,3.93188976377953,0.25));
#4130=CARTESIAN_POINT('',(1.07968011811024,3.93188976377953,0.25));
#4131=CARTESIAN_POINT('',(0.568110236220473,3.93188976377953,0.));
#4132=CARTESIAN_POINT('',(1.07968011811024,3.93188976377953,0.));
#4133=CARTESIAN_POINT('',(0.568110236220473,3.93188976377953,0.));
#4134=CARTESIAN_POINT('Origin',(0.568110236220473,3.83188976377953,0.));
#4135=CARTESIAN_POINT('',(0.568110236220473,3.41594488188977,0.25));
#4136=CARTESIAN_POINT('',(0.568110236220473,3.88188976377953,0.));
#4137=CARTESIAN_POINT('',(0.568110236220473,3.41594488188977,0.));
#4138=CARTESIAN_POINT('',(0.568110236220473,3.88188976377953,0.137795275590551));
#4139=CARTESIAN_POINT('',(0.568110236220473,3.88188976377953,0.));
#4140=CARTESIAN_POINT('',(0.568110236220473,3.79094488188977,0.137795275590551));
#4141=CARTESIAN_POINT('Origin',(1.59125,3.,0.));
#4142=CARTESIAN_POINT('',(3.0575,0.125,0.));
#4143=CARTESIAN_POINT('',(3.0575,5.875,0.));
#4144=CARTESIAN_POINT('',(3.0575,1.5,0.));
#4145=CARTESIAN_POINT('',(0.125,0.125,0.));
#4146=CARTESIAN_POINT('',(0.795625,0.125,0.));
#4147=CARTESIAN_POINT('',(0.125000000000001,5.875,0.));
#4148=CARTESIAN_POINT('',(0.125000000000001,4.5,0.));
#4149=CARTESIAN_POINT('',(2.386875,5.875,0.));
#4150=CARTESIAN_POINT('',(1.273199353494,1.65314037822557,0.));
#4151=CARTESIAN_POINT('Origin',(1.248199353494,1.65314037822557,0.));
#4152=CARTESIAN_POINT('',(1.17677897588888,1.67965661443071,0.));
#4153=CARTESIAN_POINT('Origin',(1.15177897588888,1.67965661443071,0.));
#4154=CARTESIAN_POINT('',(1.4698542120066,1.61671419775893,0.));
#4155=CARTESIAN_POINT('Origin',(1.4448542120066,1.61671419775893,0.));
#4156=CARTESIAN_POINT('',(0.97510904250829,1.68693633207277,0.));
#4157=CARTESIAN_POINT('Origin',(0.95010904250829,1.68693633207277,0.));
#4158=CARTESIAN_POINT('',(0.896228039331565,1.78690370764977,0.));
#4159=CARTESIAN_POINT('Origin',(0.871228039331565,1.78690370764977,0.));
#4160=CARTESIAN_POINT('',(0.941336873669033,1.87645024026579,0.));
#4161=CARTESIAN_POINT('Origin',(0.916336873669033,1.87645024026579,0.));
#4162=CARTESIAN_POINT('',(1.00729784811873,1.95196539297361,0.));
#4163=CARTESIAN_POINT('Origin',(0.982297848118729,1.95196539297361,0.));
#4164=CARTESIAN_POINT('',(1.08996639206848,2.00870427100328,0.));
#4165=CARTESIAN_POINT('Origin',(1.06496639206848,2.00870427100328,0.));
#4166=CARTESIAN_POINT('',(1.1841481368683,2.0431017619772,0.));
#4167=CARTESIAN_POINT('Origin',(1.1591481368683,2.0431017619772,0.));
#4168=CARTESIAN_POINT('',(1.28392529711617,2.05299654503236,0.));
#4169=CARTESIAN_POINT('Origin',(1.25892529711617,2.05299654503236,0.));
#4170=CARTESIAN_POINT('',(1.383028506879,2.03776689455893,0.));
#4171=CARTESIAN_POINT('Origin',(1.358028506879,2.03776689455893,0.));
#4172=CARTESIAN_POINT('',(1.47523074701128,1.99836974550691,0.));
#4173=CARTESIAN_POINT('Origin',(1.45023074701128,1.99836974550691,0.));
#4174=CARTESIAN_POINT('',(1.55473861166937,1.93728056564379,0.));
#4175=CARTESIAN_POINT('Origin',(1.52973861166937,1.93728056564379,0.));
#4176=CARTESIAN_POINT('',(1.61655632930735,1.85833781281069,0.));
#4177=CARTESIAN_POINT('Origin',(1.59155632930735,1.85833781281069,0.));
#4178=CARTESIAN_POINT('',(1.65679966537635,1.76650175049922,0.));
#4179=CARTESIAN_POINT('Origin',(1.63179966537635,1.76650175049922,0.));
#4180=CARTESIAN_POINT('',(1.67293998306652,1.66754277625384,0.));
#4181=CARTESIAN_POINT('Origin',(1.64793998306652,1.66754277625384,0.));
#4182=CARTESIAN_POINT('',(1.66396312685746,1.56767884637202,0.));
#4183=CARTESIAN_POINT('Origin',(1.63896312685746,1.56767884637202,0.));
#4184=CARTESIAN_POINT('',(1.63043314563933,1.4731847788421,0.));
#4185=CARTESIAN_POINT('Origin',(1.60543314563933,1.4731847788421,0.));
#4186=CARTESIAN_POINT('',(1.57445685144673,1.38999798345183,0.));
#4187=CARTESIAN_POINT('Origin',(1.54945685144673,1.38999798345183,0.));
#4188=CARTESIAN_POINT('',(1.49955144071019,1.32334539249523,0.));
#4189=CARTESIAN_POINT('Origin',(1.47455144071019,1.32334539249523,0.));
#4190=CARTESIAN_POINT('',(1.41042349586911,1.27741503339319,0.));
#4191=CARTESIAN_POINT('Origin',(1.38542349586911,1.27741503339319,0.));
#4192=CARTESIAN_POINT('',(1.3126732534875,1.25509287952812,0.));
#4193=CARTESIAN_POINT('Origin',(1.2876732534875,1.25509287952812,0.));
#4194=CARTESIAN_POINT('',(1.21244272079446,1.2577815139225,0.));
#4195=CARTESIAN_POINT('Origin',(1.18744272079446,1.2577815139225,0.));
#4196=CARTESIAN_POINT('',(1.11602975078119,1.28531199978925,0.));
#4197=CARTESIAN_POINT('Origin',(1.09102975078119,1.28531199978925,0.));
#4198=CARTESIAN_POINT('',(1.02949232493574,1.33595449545129,0.));
#4199=CARTESIAN_POINT('Origin',(1.00449232493574,1.33595449545129,0.));
#4200=CARTESIAN_POINT('',(0.958267907986349,1.40652694665612,0.));
#4201=CARTESIAN_POINT('Origin',(0.933267907986349,1.40652694665612,0.));
#4202=CARTESIAN_POINT('',(0.906831791995046,1.49259502674722,0.));
#4203=CARTESIAN_POINT('Origin',(0.881831791995046,1.49259502674722,0.));
#4204=CARTESIAN_POINT('',(0.87841589729836,1.5887507617162,0.));
#4205=CARTESIAN_POINT('Origin',(0.85341589729836,1.5887507617162,0.));
#4206=CARTESIAN_POINT('',(0.874805699066436,1.68895233309891,0.));
#4207=CARTESIAN_POINT('Origin',(0.849805699066436,1.68895233309891,0.));
#4208=CARTESIAN_POINT('',(1.00014214486649,1.77739721230946,0.));
#4209=CARTESIAN_POINT('Origin',(0.975142144866488,1.77739721230946,0.));
#4210=CARTESIAN_POINT('',(1.05190398930659,1.85569496787775,0.));
#4211=CARTESIAN_POINT('Origin',(1.02690398930659,1.85569496787775,0.));
#4212=CARTESIAN_POINT('',(1.12532776584882,1.91416526893007,0.));
#4213=CARTESIAN_POINT('Origin',(1.10032776584882,1.91416526893007,0.));
#4214=CARTESIAN_POINT('',(1.21322624367169,1.94708463501288,0.));
#4215=CARTESIAN_POINT('Origin',(1.18822624367169,1.94708463501288,0.));
#4216=CARTESIAN_POINT('',(1.3069953073412,1.95123068921129,0.));
#4217=CARTESIAN_POINT('Origin',(1.2819953073412,1.95123068921129,0.));
#4218=CARTESIAN_POINT('',(1.39745618757789,1.92619758685309,0.));
#4219=CARTESIAN_POINT('Origin',(1.37245618757789,1.92619758685309,0.));
#4220=CARTESIAN_POINT('',(1.47575394314617,1.87443574241299,0.));
#4221=CARTESIAN_POINT('Origin',(1.45075394314617,1.87443574241299,0.));
#4222=CARTESIAN_POINT('',(1.5342242441985,1.80101196587076,0.));
#4223=CARTESIAN_POINT('Origin',(1.5092242441985,1.80101196587076,0.));
#4224=CARTESIAN_POINT('',(1.56714361028131,1.71311348804788,0.));
#4225=CARTESIAN_POINT('Origin',(1.54214361028131,1.71311348804788,0.));
#4226=CARTESIAN_POINT('',(1.57128966447971,1.61934442437838,0.));
#4227=CARTESIAN_POINT('Origin',(1.54628966447971,1.61934442437838,0.));
#4228=CARTESIAN_POINT('',(1.54625656212151,1.52888354414169,0.));
#4229=CARTESIAN_POINT('Origin',(1.52125656212151,1.52888354414169,0.));
#4230=CARTESIAN_POINT('',(1.49449471768141,1.4505857885734,0.));
#4231=CARTESIAN_POINT('Origin',(1.46949471768141,1.4505857885734,0.));
#4232=CARTESIAN_POINT('',(1.42107094113918,1.39211548752108,0.));
#4233=CARTESIAN_POINT('Origin',(1.39607094113918,1.39211548752108,0.));
#4234=CARTESIAN_POINT('',(1.33317246331631,1.35919612143827,0.));
#4235=CARTESIAN_POINT('Origin',(1.30817246331631,1.35919612143827,0.));
#4236=CARTESIAN_POINT('',(1.2394033996468,1.35505006723986,0.));
#4237=CARTESIAN_POINT('Origin',(1.2144033996468,1.35505006723986,0.));
#4238=CARTESIAN_POINT('',(1.14894251941011,1.38008316959806,0.));
#4239=CARTESIAN_POINT('Origin',(1.12394251941011,1.38008316959806,0.));
#4240=CARTESIAN_POINT('',(1.07064476384183,1.43184501403816,0.));
#4241=CARTESIAN_POINT('Origin',(1.04564476384183,1.43184501403816,0.));
#4242=CARTESIAN_POINT('',(1.01217446278951,1.50526879058039,0.));
#4243=CARTESIAN_POINT('Origin',(0.987174462789507,1.50526879058039,0.));
#4244=CARTESIAN_POINT('',(0.979255096706696,1.59316726840327,0.));
#4245=CARTESIAN_POINT('Origin',(0.954255096706696,1.59316726840327,0.));
#4246=CARTESIAN_POINT('',(1.43803664384846,1.53987666952504,0.));
#4247=CARTESIAN_POINT('Origin',(1.41303664384846,1.53987666952504,0.));
#4248=CARTESIAN_POINT('',(1.37771721068826,1.48262346549396,0.));
#4249=CARTESIAN_POINT('Origin',(1.35271721068826,1.48262346549396,0.));
#4250=CARTESIAN_POINT('',(1.29932569050425,1.4548541847717,0.));
#4251=CARTESIAN_POINT('Origin',(1.27432569050425,1.4548541847717,0.));
#4252=CARTESIAN_POINT('',(1.21641668930084,1.46137038827113,0.));
#4253=CARTESIAN_POINT('Origin',(1.19141668930084,1.46137038827113,0.));
#4254=CARTESIAN_POINT('',(1.14332592659075,1.50104536520935,0.));
#4255=CARTESIAN_POINT('Origin',(1.11832592659075,1.50104536520935,0.));
#4256=CARTESIAN_POINT('',(1.09269145925527,1.56701895163789,0.));
#4257=CARTESIAN_POINT('Origin',(1.06769145925527,1.56701895163789,0.));
#4258=CARTESIAN_POINT('',(1.0732684466964,1.64788371511204,0.));
#4259=CARTESIAN_POINT('Origin',(1.0482684466964,1.64788371511204,0.));
#4260=CARTESIAN_POINT('',(1.08841530423811,1.72965740339381,0.));
#4261=CARTESIAN_POINT('Origin',(1.06341530423811,1.72965740339381,0.));
#4262=CARTESIAN_POINT('',(1.13551300260655,1.79820060288863,0.));
#4263=CARTESIAN_POINT('Origin',(1.11051300260655,1.79820060288863,0.));
#4264=CARTESIAN_POINT('',(1.20641792188465,1.84166157170845,0.));
#4265=CARTESIAN_POINT('Origin',(1.18141792188465,1.84166157170845,0.));
#4266=CARTESIAN_POINT('',(1.28886995737828,1.8525255135138,0.));
#4267=CARTESIAN_POINT('Origin',(1.26386995737828,1.8525255135138,0.));
#4268=CARTESIAN_POINT('',(1.36861240309735,1.82891395407072,0.));
#4269=CARTESIAN_POINT('Origin',(1.34361240309735,1.82891395407072,0.));
#4270=CARTESIAN_POINT('',(1.43185706573965,1.77490954651122,0.));
#4271=CARTESIAN_POINT('Origin',(1.40685706573965,1.77490954651122,0.));
#4272=CARTESIAN_POINT('',(1.46766836857461,1.69985014351696,0.));
#4273=CARTESIAN_POINT('Origin',(1.44266836857461,1.69985014351696,0.));
#4274=CARTESIAN_POINT('',(1.22376966107705,1.74006969150692,0.));
#4275=CARTESIAN_POINT('Origin',(1.19876966107705,1.74006969150692,0.));
#4276=CARTESIAN_POINT('',(1.29971558969914,1.74956075583069,0.));
#4277=CARTESIAN_POINT('Origin',(1.27471558969914,1.74956075583069,0.));
#4278=CARTESIAN_POINT('',(1.36012866677534,1.70257007064252,0.));
#4279=CARTESIAN_POINT('Origin',(1.33512866677534,1.70257007064252,0.));
#4280=CARTESIAN_POINT('',(1.36961973109912,1.62662414202044,0.));
#4281=CARTESIAN_POINT('Origin',(1.34461973109912,1.62662414202044,0.));
#4282=CARTESIAN_POINT('',(1.32262904591095,1.56621106494423,0.));
#4283=CARTESIAN_POINT('Origin',(1.29762904591095,1.56621106494423,0.));
#4284=CARTESIAN_POINT('',(1.24668311728886,1.55672000062046,0.));
#4285=CARTESIAN_POINT('Origin',(1.22168311728886,1.55672000062046,0.));
#4286=CARTESIAN_POINT('',(1.18627004021266,1.60371068580862,0.));
#4287=CARTESIAN_POINT('Origin',(1.16127004021266,1.60371068580862,0.));
#4288=CARTESIAN_POINT('',(2.98229784522619,2.6994136213477,0.));
#4289=CARTESIAN_POINT('Origin',(2.73229784522619,2.6994136213477,0.));
#4290=CARTESIAN_POINT('',(0.961498236187808,2.74982192535297,0.));
#4291=CARTESIAN_POINT('Origin',(0.711498236187808,2.74982192535297,0.));
#4292=CARTESIAN_POINT('',(0.781889763779528,3.30905511811024,0.));
#4293=CARTESIAN_POINT('',(1.18656988188976,3.88188976377953,0.));
#4294=CARTESIAN_POINT('',(0.518110236220473,3.44094488188977,0.));
#4295=CARTESIAN_POINT('',(1.05468011811024,3.61811023622048,0.));
#4296=CARTESIAN_POINT('Origin',(0.518110236220473,3.88188976377953,0.));
#4297=CARTESIAN_POINT('',(0.518110236220473,3.61811023622048,0.137795275590551));
#4298=CARTESIAN_POINT('Origin',(0.781889763779528,3.88188976377953,0.));
#4299=CARTESIAN_POINT('',(0.518110236220473,3.88188976377953,0.137795275590551));
#4300=CARTESIAN_POINT('Origin',(0.781889763779528,3.61811023622048,0.));
#4301=CARTESIAN_POINT('',(0.781889763779528,3.88188976377953,0.137795275590551));
#4302=CARTESIAN_POINT('Origin',(0.518110236220473,3.61811023622048,0.));
#4303=CARTESIAN_POINT('',(0.781889763779528,3.61811023622048,0.137795275590551));
#4304=CARTESIAN_POINT('Origin',(0.650000000000001,3.75,0.137795275590551));
#4305=CARTESIAN_POINT('Origin',(0.500000000000001,5.5,0.125));
#4306=CARTESIAN_POINT('',(9.98325498441865E-16,5.455,0.125));
#4307=CARTESIAN_POINT('',(0.00838096210309491,5.5,0.08));
#4308=CARTESIAN_POINT('Ctrl Pts',(9.39243488321694E-16,5.455,0.125));
#4309=CARTESIAN_POINT('Ctrl Pts',(9.35601947445567E-16,5.455,0.119295637519033));
#4310=CARTESIAN_POINT('Ctrl Pts',(0.000428441060317608,5.45615042365781,
0.11324508731752));
#4311=CARTESIAN_POINT('Ctrl Pts',(0.00197506684041385,5.4607591262299,0.102172010835817));
#4312=CARTESIAN_POINT('Ctrl Pts',(0.00307399135857421,5.46421470870783,
0.0971456809853805));
#4313=CARTESIAN_POINT('Ctrl Pts',(0.00516233221592706,5.4721482325541,0.0892121571391184));
#4314=CARTESIAN_POINT('Ctrl Pts',(0.00629417721947079,5.47717356472125,
0.0857585283391753));
#4315=CARTESIAN_POINT('Ctrl Pts',(0.00791773401331852,5.4882428726443,0.0811512965767032));
#4316=CARTESIAN_POINT('Ctrl Pts',(0.00838096210309494,5.49429196708058,
0.08));
#4317=CARTESIAN_POINT('Ctrl Pts',(0.00838096210309494,5.5,0.0799999999999999));
#4318=CARTESIAN_POINT('',(1.01479649658298E-15,5.545,0.125));
#4319=CARTESIAN_POINT('Origin',(1.04902962956708E-15,5.5,0.125));
#4320=CARTESIAN_POINT('Ctrl Pts',(0.00838096210309491,5.5,0.08));
#4321=CARTESIAN_POINT('Ctrl Pts',(0.00838096210309492,5.50570803291943,
0.08));
#4322=CARTESIAN_POINT('Ctrl Pts',(0.00791773401331856,5.5117571273557,0.0811512965767032));
#4323=CARTESIAN_POINT('Ctrl Pts',(0.00629417721947084,5.52282643527876,
0.0857585283391753));
#4324=CARTESIAN_POINT('Ctrl Pts',(0.00516233221592709,5.52785176744591,
0.0892121571391184));
#4325=CARTESIAN_POINT('Ctrl Pts',(0.00307399135857424,5.53578529129217,
0.0971456809853804));
#4326=CARTESIAN_POINT('Ctrl Pts',(0.00197506684041383,5.5392408737701,0.102172010835817));
#4327=CARTESIAN_POINT('Ctrl Pts',(0.000428441060317598,5.5438495763422,
0.113245087317521));
#4328=CARTESIAN_POINT('Ctrl Pts',(9.50411274963928E-16,5.545,0.119295637519033));
#4329=CARTESIAN_POINT('Ctrl Pts',(9.56744389531106E-16,5.545,0.125));
#4330=CARTESIAN_POINT('',(1.,5.5,0.08));
#4331=CARTESIAN_POINT('',(0.500000000000001,5.5,0.08));
#4332=CARTESIAN_POINT('Origin',(1.,5.5,0.125));
#4333=CARTESIAN_POINT('Origin',(1.,5.5,0.125));
#4334=CARTESIAN_POINT('Origin',(0.5,0.5,0.125));
#4335=CARTESIAN_POINT('',(8.32700461578457E-17,0.455,0.125));
#4336=CARTESIAN_POINT('',(0.00838096210309403,0.5,0.08));
#4337=CARTESIAN_POINT('Ctrl Pts',(-7.68332248218074E-18,0.455,0.125));
#4338=CARTESIAN_POINT('Ctrl Pts',(8.7036114603924E-18,0.455,0.119295637519033));
#4339=CARTESIAN_POINT('Ctrl Pts',(0.000428441060316652,0.456150423657804,
0.11324508731752));
#4340=CARTESIAN_POINT('Ctrl Pts',(0.0019750668404129,0.460759126229899,
0.102172010835817));
#4341=CARTESIAN_POINT('Ctrl Pts',(0.0030739913585733,0.46421470870783,0.0971456809853805));
#4342=CARTESIAN_POINT('Ctrl Pts',(0.00516233221592615,0.472148232554092,
0.0892121571391184));
#4343=CARTESIAN_POINT('Ctrl Pts',(0.00629417721946971,0.477173564721244,
0.0857585283391758));
#4344=CARTESIAN_POINT('Ctrl Pts',(0.00791773401331757,0.488242872644301,
0.0811512965767033));
#4345=CARTESIAN_POINT('Ctrl Pts',(0.008380962103094,0.494291967080575,0.08));
#4346=CARTESIAN_POINT('Ctrl Pts',(0.00838096210309401,0.5,0.08));
#4347=CARTESIAN_POINT('',(9.97410442989581E-17,0.545,0.125));
#4348=CARTESIAN_POINT('Origin',(8.74191357972564E-17,0.5,0.125));
#4349=CARTESIAN_POINT('Ctrl Pts',(0.00838096210309403,0.5,0.08));
#4350=CARTESIAN_POINT('Ctrl Pts',(0.00838096210309404,0.505708032919425,
0.08));
#4351=CARTESIAN_POINT('Ctrl Pts',(0.00791773401331763,0.511757127355699,
0.0811512965767032));
#4352=CARTESIAN_POINT('Ctrl Pts',(0.00629417721946979,0.522826435278756,
0.0857585283391756));
#4353=CARTESIAN_POINT('Ctrl Pts',(0.00516233221592617,0.527851767445907,
0.0892121571391184));
#4354=CARTESIAN_POINT('Ctrl Pts',(0.00307399135857333,0.53578529129217,
0.0971456809853804));
#4355=CARTESIAN_POINT('Ctrl Pts',(0.00197506684041298,0.539240873770101,
0.102172010835817));
#4356=CARTESIAN_POINT('Ctrl Pts',(0.000428441060316717,0.543849576342196,
0.11324508731752));
#4357=CARTESIAN_POINT('Ctrl Pts',(3.0699622518919E-17,0.545,0.119295637519032));
#4358=CARTESIAN_POINT('Ctrl Pts',(1.50251639651534E-17,0.545,0.125));
#4359=CARTESIAN_POINT('',(1.,0.5,0.08));
#4360=CARTESIAN_POINT('',(0.5,0.5,0.08));
#4361=CARTESIAN_POINT('Origin',(1.,0.5,0.125));
#4362=CARTESIAN_POINT('Origin',(1.,0.5,0.125));
#4363=CARTESIAN_POINT('Origin',(1.09806654274082E-15,6.,0.));
#4364=CARTESIAN_POINT('',(8.08627006124622E-16,4.5,0.125));
#4365=CARTESIAN_POINT('',(7.95348537610534E-18,0.125,0.125));
#4366=CARTESIAN_POINT('',(8.08627006124622E-16,4.5,0.125));
#4367=CARTESIAN_POINT('',(2.28763863071007E-17,0.125,0.25));
#4368=CARTESIAN_POINT('',(2.18547839493141E-17,0.125,0.));
#4369=CARTESIAN_POINT('',(1.07519015643372E-15,5.875,0.25));
#4370=CARTESIAN_POINT('',(1.09806654274082E-15,6.,0.25));
#4371=CARTESIAN_POINT('',(1.07088441351639E-15,5.875,0.125));
#4372=CARTESIAN_POINT('',(1.07088441351639E-15,5.875,0.));
#4373=CARTESIAN_POINT('',(8.08627006124622E-16,4.5,0.125));
#4374=CARTESIAN_POINT('Origin',(2.6825,0.5,0.125));
#4375=CARTESIAN_POINT('',(3.1825,0.545,0.125));
#4376=CARTESIAN_POINT('',(3.1825,0.455,0.125));
#4377=CARTESIAN_POINT('Ctrl Pts',(3.1825,0.545,0.125));
#4378=CARTESIAN_POINT('Ctrl Pts',(3.1825,0.545,0.119295637519032));
#4379=CARTESIAN_POINT('Ctrl Pts',(3.18207155893968,0.543849576342196,0.11324508731752));
#4380=CARTESIAN_POINT('Ctrl Pts',(3.18052493315959,0.539240873770101,0.102172010835817));
#4381=CARTESIAN_POINT('Ctrl Pts',(3.17942600864143,0.53578529129217,0.0971456809853805));
#4382=CARTESIAN_POINT('Ctrl Pts',(3.17733766778407,0.527851767445908,0.0892121571391184));
#4383=CARTESIAN_POINT('Ctrl Pts',(3.17620582278053,0.522826435278756,0.0857585283391757));
#4384=CARTESIAN_POINT('Ctrl Pts',(3.17458226598668,0.511757127355699,0.0811512965767032));
#4385=CARTESIAN_POINT('Ctrl Pts',(3.17411903789691,0.505708032919425,0.08));
#4386=CARTESIAN_POINT('Ctrl Pts',(3.17411903789691,0.5,0.08));
#4387=CARTESIAN_POINT('Ctrl Pts',(3.17411903789691,0.494291967080575,0.08));
#4388=CARTESIAN_POINT('Ctrl Pts',(3.17458226598668,0.488242872644301,0.0811512965767034));
#4389=CARTESIAN_POINT('Ctrl Pts',(3.17620582278053,0.477173564721244,0.0857585283391759));
#4390=CARTESIAN_POINT('Ctrl Pts',(3.17733766778407,0.472148232554092,0.0892121571391184));
#4391=CARTESIAN_POINT('Ctrl Pts',(3.17942600864143,0.46421470870783,0.0971456809853805));
#4392=CARTESIAN_POINT('Ctrl Pts',(3.18052493315959,0.460759126229899,0.102172010835817));
#4393=CARTESIAN_POINT('Ctrl Pts',(3.18207155893968,0.456150423657804,0.11324508731752));
#4394=CARTESIAN_POINT('Ctrl Pts',(3.1825,0.455,0.119295637519032));
#4395=CARTESIAN_POINT('Ctrl Pts',(3.1825,0.455,0.125));
#4396=CARTESIAN_POINT('',(3.1825,0.5,0.17));
#4397=CARTESIAN_POINT('Origin',(3.1825,0.5,0.125));
#4398=CARTESIAN_POINT('',(2.1825,0.500000000000001,0.17));
#4399=CARTESIAN_POINT('',(2.6825,0.5,0.17));
#4400=CARTESIAN_POINT('Origin',(2.1825,0.500000000000001,0.125));
#4401=CARTESIAN_POINT('Origin',(3.1825,0.5,0.125));
#4402=CARTESIAN_POINT('Origin',(2.1825,0.500000000000001,0.125));
#4403=CARTESIAN_POINT('Origin',(2.6825,5.5,0.125));
#4404=CARTESIAN_POINT('',(3.1825,5.545,0.125));
#4405=CARTESIAN_POINT('',(3.1825,5.455,0.125));
#4406=CARTESIAN_POINT('Ctrl Pts',(3.1825,5.545,0.125));
#4407=CARTESIAN_POINT('Ctrl Pts',(3.1825,5.545,0.119295637519032));
#4408=CARTESIAN_POINT('Ctrl Pts',(3.18207155893969,5.5438495763422,0.11324508731752));
#4409=CARTESIAN_POINT('Ctrl Pts',(3.18052493315959,5.5392408737701,0.102172010835817));
#4410=CARTESIAN_POINT('Ctrl Pts',(3.17942600864143,5.53578529129217,0.0971456809853808));
#4411=CARTESIAN_POINT('Ctrl Pts',(3.17733766778408,5.52785176744591,0.0892121571391188));
#4412=CARTESIAN_POINT('Ctrl Pts',(3.17620582278053,5.52282643527876,0.0857585283391756));
#4413=CARTESIAN_POINT('Ctrl Pts',(3.17458226598668,5.5117571273557,0.0811512965767033));
#4414=CARTESIAN_POINT('Ctrl Pts',(3.17411903789691,5.50570803291943,0.0800000000000001));
#4415=CARTESIAN_POINT('Ctrl Pts',(3.17411903789691,5.5,0.08));
#4416=CARTESIAN_POINT('Ctrl Pts',(3.17411903789691,5.49429196708058,0.0799999999999999));
#4417=CARTESIAN_POINT('Ctrl Pts',(3.17458226598668,5.4882428726443,0.0811512965767032));
#4418=CARTESIAN_POINT('Ctrl Pts',(3.17620582278053,5.47717356472125,0.0857585283391754));
#4419=CARTESIAN_POINT('Ctrl Pts',(3.17733766778408,5.47214823255409,0.0892121571391181));
#4420=CARTESIAN_POINT('Ctrl Pts',(3.17942600864143,5.46421470870783,0.0971456809853802));
#4421=CARTESIAN_POINT('Ctrl Pts',(3.18052493315959,5.4607591262299,0.102172010835817));
#4422=CARTESIAN_POINT('Ctrl Pts',(3.18207155893969,5.45615042365781,0.11324508731752));
#4423=CARTESIAN_POINT('Ctrl Pts',(3.1825,5.455,0.119295637519033));
#4424=CARTESIAN_POINT('Ctrl Pts',(3.1825,5.455,0.125));
#4425=CARTESIAN_POINT('',(3.1825,5.5,0.17));
#4426=CARTESIAN_POINT('Origin',(3.1825,5.5,0.125));
#4427=CARTESIAN_POINT('',(2.1825,5.5,0.17));
#4428=CARTESIAN_POINT('',(2.6825,5.5,0.17));
#4429=CARTESIAN_POINT('Origin',(2.1825,5.5,0.125));
#4430=CARTESIAN_POINT('Origin',(3.1825,5.5,0.125));
#4431=CARTESIAN_POINT('Origin',(2.1825,5.5,0.125));
#4432=CARTESIAN_POINT('Origin',(3.1825,1.88497511562834E-16,0.));
#4433=CARTESIAN_POINT('',(3.1825,1.5,0.125));
#4434=CARTESIAN_POINT('',(3.1825,5.875,0.125));
#4435=CARTESIAN_POINT('',(3.1825,1.5,0.125));
#4436=CARTESIAN_POINT('',(3.1825,5.875,0.25));
#4437=CARTESIAN_POINT('',(3.1825,5.875,0.));
#4438=CARTESIAN_POINT('',(3.1825,0.125,0.25));
#4439=CARTESIAN_POINT('',(3.1825,1.88497511562834E-16,0.25));
#4440=CARTESIAN_POINT('',(3.1825,0.125,0.125));
#4441=CARTESIAN_POINT('',(3.1825,0.125,0.));
#4442=CARTESIAN_POINT('',(3.1825,1.5,0.125));
#4443=CARTESIAN_POINT('Origin',(0.711498236187808,2.74982192535297,6.79638184992574));
#4444=CARTESIAN_POINT('',(0.961498236187808,2.74982192535297,0.250000000000001));
#4445=CARTESIAN_POINT('',(0.961498236187808,2.74982192535297,6.79638184992574));
#4446=CARTESIAN_POINT('Origin',(0.711498236187808,2.74982192535297,0.250000000000001));
#4447=CARTESIAN_POINT('Origin',(2.73229784522619,2.6994136213477,6.79638184992574));
#4448=CARTESIAN_POINT('',(2.98229784522619,2.6994136213477,0.250000000000001));
#4449=CARTESIAN_POINT('',(2.98229784522619,2.6994136213477,6.79638184992574));
#4450=CARTESIAN_POINT('Origin',(2.73229784522619,2.6994136213477,0.250000000000001));
#4451=CARTESIAN_POINT('Origin',(1.16127004021266,1.60371068580862,6.79638184992574));
#4452=CARTESIAN_POINT('',(1.18627004021266,1.60371068580862,0.250000000000001));
#4453=CARTESIAN_POINT('',(1.18627004021266,1.60371068580862,6.79638184992574));
#4454=CARTESIAN_POINT('Origin',(1.16127004021266,1.60371068580862,0.250000000000001));
#4455=CARTESIAN_POINT('Origin',(1.22168311728886,1.55672000062046,6.79638184992574));
#4456=CARTESIAN_POINT('',(1.24668311728886,1.55672000062046,0.250000000000001));
#4457=CARTESIAN_POINT('',(1.24668311728886,1.55672000062046,6.79638184992574));
#4458=CARTESIAN_POINT('Origin',(1.22168311728886,1.55672000062046,0.250000000000001));
#4459=CARTESIAN_POINT('Origin',(1.29762904591095,1.56621106494423,6.79638184992574));
#4460=CARTESIAN_POINT('',(1.32262904591095,1.56621106494423,0.250000000000001));
#4461=CARTESIAN_POINT('',(1.32262904591095,1.56621106494423,6.79638184992574));
#4462=CARTESIAN_POINT('Origin',(1.29762904591095,1.56621106494423,0.250000000000001));
#4463=CARTESIAN_POINT('Origin',(1.34461973109912,1.62662414202044,6.79638184992574));
#4464=CARTESIAN_POINT('',(1.36961973109912,1.62662414202044,0.250000000000001));
#4465=CARTESIAN_POINT('',(1.36961973109912,1.62662414202044,6.79638184992574));
#4466=CARTESIAN_POINT('Origin',(1.34461973109912,1.62662414202044,0.250000000000001));
#4467=CARTESIAN_POINT('Origin',(1.33512866677534,1.70257007064252,6.79638184992574));
#4468=CARTESIAN_POINT('',(1.36012866677534,1.70257007064252,0.250000000000001));
#4469=CARTESIAN_POINT('',(1.36012866677534,1.70257007064252,6.79638184992574));
#4470=CARTESIAN_POINT('Origin',(1.33512866677534,1.70257007064252,0.250000000000001));
#4471=CARTESIAN_POINT('Origin',(1.27471558969914,1.74956075583069,6.79638184992574));
#4472=CARTESIAN_POINT('',(1.29971558969914,1.74956075583069,0.250000000000001));
#4473=CARTESIAN_POINT('',(1.29971558969914,1.74956075583069,6.79638184992574));
#4474=CARTESIAN_POINT('Origin',(1.27471558969914,1.74956075583069,0.250000000000001));
#4475=CARTESIAN_POINT('Origin',(1.19876966107705,1.74006969150692,6.79638184992574));
#4476=CARTESIAN_POINT('',(1.22376966107705,1.74006969150692,0.250000000000001));
#4477=CARTESIAN_POINT('',(1.22376966107705,1.74006969150692,6.79638184992574));
#4478=CARTESIAN_POINT('Origin',(1.19876966107705,1.74006969150692,0.250000000000001));
#4479=CARTESIAN_POINT('Origin',(1.44266836857461,1.69985014351696,6.79638184992574));
#4480=CARTESIAN_POINT('',(1.46766836857461,1.69985014351696,0.250000000000001));
#4481=CARTESIAN_POINT('',(1.46766836857461,1.69985014351696,6.79638184992574));
#4482=CARTESIAN_POINT('Origin',(1.44266836857461,1.69985014351696,0.250000000000001));
#4483=CARTESIAN_POINT('Origin',(1.40685706573965,1.77490954651122,6.79638184992574));
#4484=CARTESIAN_POINT('',(1.43185706573965,1.77490954651122,0.250000000000001));
#4485=CARTESIAN_POINT('',(1.43185706573965,1.77490954651122,6.79638184992574));
#4486=CARTESIAN_POINT('Origin',(1.40685706573965,1.77490954651122,0.250000000000001));
#4487=CARTESIAN_POINT('Origin',(1.34361240309735,1.82891395407072,6.79638184992574));
#4488=CARTESIAN_POINT('',(1.36861240309735,1.82891395407072,0.250000000000001));
#4489=CARTESIAN_POINT('',(1.36861240309735,1.82891395407072,6.79638184992574));
#4490=CARTESIAN_POINT('Origin',(1.34361240309735,1.82891395407072,0.250000000000001));
#4491=CARTESIAN_POINT('Origin',(1.26386995737828,1.8525255135138,6.79638184992574));
#4492=CARTESIAN_POINT('',(1.28886995737828,1.8525255135138,0.250000000000001));
#4493=CARTESIAN_POINT('',(1.28886995737828,1.8525255135138,6.79638184992574));
#4494=CARTESIAN_POINT('Origin',(1.26386995737828,1.8525255135138,0.250000000000001));
#4495=CARTESIAN_POINT('Origin',(1.18141792188465,1.84166157170845,6.79638184992574));
#4496=CARTESIAN_POINT('',(1.20641792188465,1.84166157170845,0.250000000000001));
#4497=CARTESIAN_POINT('',(1.20641792188465,1.84166157170845,6.79638184992574));
#4498=CARTESIAN_POINT('Origin',(1.18141792188465,1.84166157170845,0.250000000000001));
#4499=CARTESIAN_POINT('Origin',(1.11051300260655,1.79820060288863,6.79638184992574));
#4500=CARTESIAN_POINT('',(1.13551300260655,1.79820060288863,0.250000000000001));
#4501=CARTESIAN_POINT('',(1.13551300260655,1.79820060288863,6.79638184992574));
#4502=CARTESIAN_POINT('Origin',(1.11051300260655,1.79820060288863,0.250000000000001));
#4503=CARTESIAN_POINT('Origin',(1.06341530423811,1.72965740339381,6.79638184992574));
#4504=CARTESIAN_POINT('',(1.08841530423811,1.72965740339381,0.250000000000001));
#4505=CARTESIAN_POINT('',(1.08841530423811,1.72965740339381,6.79638184992574));
#4506=CARTESIAN_POINT('Origin',(1.06341530423811,1.72965740339381,0.250000000000001));
#4507=CARTESIAN_POINT('Origin',(1.0482684466964,1.64788371511204,6.79638184992574));
#4508=CARTESIAN_POINT('',(1.0732684466964,1.64788371511204,0.250000000000001));
#4509=CARTESIAN_POINT('',(1.0732684466964,1.64788371511204,6.79638184992574));
#4510=CARTESIAN_POINT('Origin',(1.0482684466964,1.64788371511204,0.250000000000001));
#4511=CARTESIAN_POINT('Origin',(1.06769145925527,1.56701895163789,6.79638184992574));
#4512=CARTESIAN_POINT('',(1.09269145925527,1.56701895163789,0.250000000000001));
#4513=CARTESIAN_POINT('',(1.09269145925527,1.56701895163789,6.79638184992574));
#4514=CARTESIAN_POINT('Origin',(1.06769145925527,1.56701895163789,0.250000000000001));
#4515=CARTESIAN_POINT('Origin',(1.11832592659075,1.50104536520935,6.79638184992574));
#4516=CARTESIAN_POINT('',(1.14332592659075,1.50104536520935,0.250000000000001));
#4517=CARTESIAN_POINT('',(1.14332592659075,1.50104536520935,6.79638184992574));
#4518=CARTESIAN_POINT('Origin',(1.11832592659075,1.50104536520935,0.250000000000001));
#4519=CARTESIAN_POINT('Origin',(1.19141668930084,1.46137038827113,6.79638184992574));
#4520=CARTESIAN_POINT('',(1.21641668930084,1.46137038827113,0.250000000000001));
#4521=CARTESIAN_POINT('',(1.21641668930084,1.46137038827113,6.79638184992574));
#4522=CARTESIAN_POINT('Origin',(1.19141668930084,1.46137038827113,0.250000000000001));
#4523=CARTESIAN_POINT('Origin',(1.27432569050425,1.4548541847717,6.79638184992574));
#4524=CARTESIAN_POINT('',(1.29932569050425,1.4548541847717,0.250000000000001));
#4525=CARTESIAN_POINT('',(1.29932569050425,1.4548541847717,6.79638184992574));
#4526=CARTESIAN_POINT('Origin',(1.27432569050425,1.4548541847717,0.250000000000001));
#4527=CARTESIAN_POINT('Origin',(1.35271721068826,1.48262346549396,6.79638184992574));
#4528=CARTESIAN_POINT('',(1.37771721068826,1.48262346549396,0.250000000000001));
#4529=CARTESIAN_POINT('',(1.37771721068826,1.48262346549396,6.79638184992574));
#4530=CARTESIAN_POINT('Origin',(1.35271721068826,1.48262346549396,0.250000000000001));
#4531=CARTESIAN_POINT('Origin',(1.41303664384846,1.53987666952504,6.79638184992574));
#4532=CARTESIAN_POINT('',(1.43803664384846,1.53987666952504,0.250000000000001));
#4533=CARTESIAN_POINT('',(1.43803664384846,1.53987666952504,6.79638184992574));
#4534=CARTESIAN_POINT('Origin',(1.41303664384846,1.53987666952504,0.250000000000001));
#4535=CARTESIAN_POINT('Origin',(0.954255096706696,1.59316726840327,6.79638184992574));
#4536=CARTESIAN_POINT('',(0.979255096706696,1.59316726840327,0.250000000000001));
#4537=CARTESIAN_POINT('',(0.979255096706696,1.59316726840327,6.79638184992574));
#4538=CARTESIAN_POINT('Origin',(0.954255096706696,1.59316726840327,0.250000000000001));
#4539=CARTESIAN_POINT('Origin',(0.987174462789507,1.50526879058039,6.79638184992574));
#4540=CARTESIAN_POINT('',(1.01217446278951,1.50526879058039,0.250000000000001));
#4541=CARTESIAN_POINT('',(1.01217446278951,1.50526879058039,6.79638184992574));
#4542=CARTESIAN_POINT('Origin',(0.987174462789507,1.50526879058039,0.250000000000001));
#4543=CARTESIAN_POINT('Origin',(1.04564476384183,1.43184501403816,6.79638184992574));
#4544=CARTESIAN_POINT('',(1.07064476384183,1.43184501403816,0.250000000000001));
#4545=CARTESIAN_POINT('',(1.07064476384183,1.43184501403816,6.79638184992574));
#4546=CARTESIAN_POINT('Origin',(1.04564476384183,1.43184501403816,0.250000000000001));
#4547=CARTESIAN_POINT('Origin',(1.12394251941011,1.38008316959806,6.79638184992574));
#4548=CARTESIAN_POINT('',(1.14894251941011,1.38008316959806,0.250000000000001));
#4549=CARTESIAN_POINT('',(1.14894251941011,1.38008316959806,6.79638184992574));
#4550=CARTESIAN_POINT('Origin',(1.12394251941011,1.38008316959806,0.250000000000001));
#4551=CARTESIAN_POINT('Origin',(1.2144033996468,1.35505006723986,6.79638184992574));
#4552=CARTESIAN_POINT('',(1.2394033996468,1.35505006723986,0.250000000000001));
#4553=CARTESIAN_POINT('',(1.2394033996468,1.35505006723986,6.79638184992574));
#4554=CARTESIAN_POINT('Origin',(1.2144033996468,1.35505006723986,0.250000000000001));
#4555=CARTESIAN_POINT('Origin',(1.30817246331631,1.35919612143827,6.79638184992574));
#4556=CARTESIAN_POINT('',(1.33317246331631,1.35919612143827,0.250000000000001));
#4557=CARTESIAN_POINT('',(1.33317246331631,1.35919612143827,6.79638184992574));
#4558=CARTESIAN_POINT('Origin',(1.30817246331631,1.35919612143827,0.250000000000001));
#4559=CARTESIAN_POINT('Origin',(1.39607094113918,1.39211548752108,6.79638184992574));
#4560=CARTESIAN_POINT('',(1.42107094113918,1.39211548752108,0.250000000000001));
#4561=CARTESIAN_POINT('',(1.42107094113918,1.39211548752108,6.79638184992574));
#4562=CARTESIAN_POINT('Origin',(1.39607094113918,1.39211548752108,0.250000000000001));
#4563=CARTESIAN_POINT('Origin',(1.46949471768141,1.4505857885734,6.79638184992574));
#4564=CARTESIAN_POINT('',(1.49449471768141,1.4505857885734,0.250000000000001));
#4565=CARTESIAN_POINT('',(1.49449471768141,1.4505857885734,6.79638184992574));
#4566=CARTESIAN_POINT('Origin',(1.46949471768141,1.4505857885734,0.250000000000001));
#4567=CARTESIAN_POINT('Origin',(1.52125656212151,1.52888354414169,6.79638184992574));
#4568=CARTESIAN_POINT('',(1.54625656212151,1.52888354414169,0.250000000000001));
#4569=CARTESIAN_POINT('',(1.54625656212151,1.52888354414169,6.79638184992574));
#4570=CARTESIAN_POINT('Origin',(1.52125656212151,1.52888354414169,0.250000000000001));
#4571=CARTESIAN_POINT('Origin',(1.54628966447971,1.61934442437838,6.79638184992574));
#4572=CARTESIAN_POINT('',(1.57128966447971,1.61934442437838,0.250000000000001));
#4573=CARTESIAN_POINT('',(1.57128966447971,1.61934442437838,6.79638184992574));
#4574=CARTESIAN_POINT('Origin',(1.54628966447971,1.61934442437838,0.250000000000001));
#4575=CARTESIAN_POINT('Origin',(1.54214361028131,1.71311348804788,6.79638184992574));
#4576=CARTESIAN_POINT('',(1.56714361028131,1.71311348804788,0.250000000000001));
#4577=CARTESIAN_POINT('',(1.56714361028131,1.71311348804788,6.79638184992574));
#4578=CARTESIAN_POINT('Origin',(1.54214361028131,1.71311348804788,0.250000000000001));
#4579=CARTESIAN_POINT('Origin',(1.5092242441985,1.80101196587076,6.79638184992574));
#4580=CARTESIAN_POINT('',(1.5342242441985,1.80101196587076,0.250000000000001));
#4581=CARTESIAN_POINT('',(1.5342242441985,1.80101196587076,6.79638184992574));
#4582=CARTESIAN_POINT('Origin',(1.5092242441985,1.80101196587076,0.250000000000001));
#4583=CARTESIAN_POINT('Origin',(1.45075394314617,1.87443574241299,6.79638184992574));
#4584=CARTESIAN_POINT('',(1.47575394314617,1.87443574241299,0.250000000000001));
#4585=CARTESIAN_POINT('',(1.47575394314617,1.87443574241299,6.79638184992574));
#4586=CARTESIAN_POINT('Origin',(1.45075394314617,1.87443574241299,0.250000000000001));
#4587=CARTESIAN_POINT('Origin',(1.37245618757789,1.92619758685309,6.79638184992574));
#4588=CARTESIAN_POINT('',(1.39745618757789,1.92619758685309,0.250000000000001));
#4589=CARTESIAN_POINT('',(1.39745618757789,1.92619758685309,6.79638184992574));
#4590=CARTESIAN_POINT('Origin',(1.37245618757789,1.92619758685309,0.250000000000001));
#4591=CARTESIAN_POINT('Origin',(1.2819953073412,1.95123068921129,6.79638184992574));
#4592=CARTESIAN_POINT('',(1.3069953073412,1.95123068921129,0.250000000000001));
#4593=CARTESIAN_POINT('',(1.3069953073412,1.95123068921129,6.79638184992574));
#4594=CARTESIAN_POINT('Origin',(1.2819953073412,1.95123068921129,0.250000000000001));
#4595=CARTESIAN_POINT('Origin',(1.18822624367169,1.94708463501288,6.79638184992574));
#4596=CARTESIAN_POINT('',(1.21322624367169,1.94708463501288,0.250000000000001));
#4597=CARTESIAN_POINT('',(1.21322624367169,1.94708463501288,6.79638184992574));
#4598=CARTESIAN_POINT('Origin',(1.18822624367169,1.94708463501288,0.250000000000001));
#4599=CARTESIAN_POINT('Origin',(1.10032776584882,1.91416526893007,6.79638184992574));
#4600=CARTESIAN_POINT('',(1.12532776584882,1.91416526893007,0.250000000000001));
#4601=CARTESIAN_POINT('',(1.12532776584882,1.91416526893007,6.79638184992574));
#4602=CARTESIAN_POINT('Origin',(1.10032776584882,1.91416526893007,0.250000000000001));
#4603=CARTESIAN_POINT('Origin',(1.02690398930659,1.85569496787775,6.79638184992574));
#4604=CARTESIAN_POINT('',(1.05190398930659,1.85569496787775,0.250000000000001));
#4605=CARTESIAN_POINT('',(1.05190398930659,1.85569496787775,6.79638184992574));
#4606=CARTESIAN_POINT('Origin',(1.02690398930659,1.85569496787775,0.250000000000001));
#4607=CARTESIAN_POINT('Origin',(0.975142144866488,1.77739721230946,6.79638184992574));
#4608=CARTESIAN_POINT('',(1.00014214486649,1.77739721230946,0.250000000000001));
#4609=CARTESIAN_POINT('',(1.00014214486649,1.77739721230946,6.79638184992574));
#4610=CARTESIAN_POINT('Origin',(0.975142144866488,1.77739721230946,0.250000000000001));
#4611=CARTESIAN_POINT('Origin',(0.849805699066436,1.68895233309891,6.79638184992574));
#4612=CARTESIAN_POINT('',(0.874805699066436,1.68895233309891,0.250000000000001));
#4613=CARTESIAN_POINT('',(0.874805699066436,1.68895233309891,6.79638184992574));
#4614=CARTESIAN_POINT('Origin',(0.849805699066436,1.68895233309891,0.250000000000001));
#4615=CARTESIAN_POINT('Origin',(0.85341589729836,1.5887507617162,6.79638184992574));
#4616=CARTESIAN_POINT('',(0.87841589729836,1.5887507617162,0.250000000000001));
#4617=CARTESIAN_POINT('',(0.87841589729836,1.5887507617162,6.79638184992574));
#4618=CARTESIAN_POINT('Origin',(0.85341589729836,1.5887507617162,0.250000000000001));
#4619=CARTESIAN_POINT('Origin',(0.881831791995046,1.49259502674722,6.79638184992574));
#4620=CARTESIAN_POINT('',(0.906831791995046,1.49259502674722,0.250000000000001));
#4621=CARTESIAN_POINT('',(0.906831791995046,1.49259502674722,6.79638184992574));
#4622=CARTESIAN_POINT('Origin',(0.881831791995046,1.49259502674722,0.250000000000001));
#4623=CARTESIAN_POINT('Origin',(0.933267907986349,1.40652694665612,6.79638184992574));
#4624=CARTESIAN_POINT('',(0.958267907986349,1.40652694665612,0.250000000000001));
#4625=CARTESIAN_POINT('',(0.958267907986349,1.40652694665612,6.79638184992574));
#4626=CARTESIAN_POINT('Origin',(0.933267907986349,1.40652694665612,0.250000000000001));
#4627=CARTESIAN_POINT('Origin',(1.00449232493574,1.33595449545129,6.79638184992574));
#4628=CARTESIAN_POINT('',(1.02949232493574,1.33595449545129,0.250000000000001));
#4629=CARTESIAN_POINT('',(1.02949232493574,1.33595449545129,6.79638184992574));
#4630=CARTESIAN_POINT('Origin',(1.00449232493574,1.33595449545129,0.250000000000001));
#4631=CARTESIAN_POINT('Origin',(1.09102975078119,1.28531199978925,6.79638184992574));
#4632=CARTESIAN_POINT('',(1.11602975078119,1.28531199978925,0.250000000000001));
#4633=CARTESIAN_POINT('',(1.11602975078119,1.28531199978925,6.79638184992574));
#4634=CARTESIAN_POINT('Origin',(1.09102975078119,1.28531199978925,0.250000000000001));
#4635=CARTESIAN_POINT('Origin',(1.18744272079446,1.2577815139225,6.79638184992574));
#4636=CARTESIAN_POINT('',(1.21244272079446,1.2577815139225,0.250000000000001));
#4637=CARTESIAN_POINT('',(1.21244272079446,1.2577815139225,6.79638184992574));
#4638=CARTESIAN_POINT('Origin',(1.18744272079446,1.2577815139225,0.250000000000001));
#4639=CARTESIAN_POINT('Origin',(1.2876732534875,1.25509287952812,6.79638184992574));
#4640=CARTESIAN_POINT('',(1.3126732534875,1.25509287952812,0.250000000000001));
#4641=CARTESIAN_POINT('',(1.3126732534875,1.25509287952812,6.79638184992574));
#4642=CARTESIAN_POINT('Origin',(1.2876732534875,1.25509287952812,0.250000000000001));
#4643=CARTESIAN_POINT('Origin',(1.38542349586911,1.27741503339319,6.79638184992574));
#4644=CARTESIAN_POINT('',(1.41042349586911,1.27741503339319,0.250000000000001));
#4645=CARTESIAN_POINT('',(1.41042349586911,1.27741503339319,6.79638184992574));
#4646=CARTESIAN_POINT('Origin',(1.38542349586911,1.27741503339319,0.250000000000001));
#4647=CARTESIAN_POINT('Origin',(1.47455144071019,1.32334539249523,6.79638184992574));
#4648=CARTESIAN_POINT('',(1.49955144071019,1.32334539249523,0.250000000000001));
#4649=CARTESIAN_POINT('',(1.49955144071019,1.32334539249523,6.79638184992574));
#4650=CARTESIAN_POINT('Origin',(1.47455144071019,1.32334539249523,0.250000000000001));
#4651=CARTESIAN_POINT('Origin',(1.54945685144673,1.38999798345183,6.79638184992574));
#4652=CARTESIAN_POINT('',(1.57445685144673,1.38999798345183,0.250000000000001));
#4653=CARTESIAN_POINT('',(1.57445685144673,1.38999798345183,6.79638184992574));
#4654=CARTESIAN_POINT('Origin',(1.54945685144673,1.38999798345183,0.250000000000001));
#4655=CARTESIAN_POINT('Origin',(1.60543314563933,1.4731847788421,6.79638184992574));
#4656=CARTESIAN_POINT('',(1.63043314563933,1.4731847788421,0.250000000000001));
#4657=CARTESIAN_POINT('',(1.63043314563933,1.4731847788421,6.79638184992574));
#4658=CARTESIAN_POINT('Origin',(1.60543314563933,1.4731847788421,0.250000000000001));
#4659=CARTESIAN_POINT('Origin',(1.63896312685746,1.56767884637202,6.79638184992574));
#4660=CARTESIAN_POINT('',(1.66396312685746,1.56767884637202,0.250000000000001));
#4661=CARTESIAN_POINT('',(1.66396312685746,1.56767884637202,6.79638184992574));
#4662=CARTESIAN_POINT('Origin',(1.63896312685746,1.56767884637202,0.250000000000001));
#4663=CARTESIAN_POINT('Origin',(1.64793998306652,1.66754277625384,6.79638184992574));
#4664=CARTESIAN_POINT('',(1.67293998306652,1.66754277625384,0.250000000000001));
#4665=CARTESIAN_POINT('',(1.67293998306652,1.66754277625384,6.79638184992574));
#4666=CARTESIAN_POINT('Origin',(1.64793998306652,1.66754277625384,0.250000000000001));
#4667=CARTESIAN_POINT('Origin',(1.63179966537635,1.76650175049922,6.79638184992574));
#4668=CARTESIAN_POINT('',(1.65679966537635,1.76650175049922,0.250000000000001));
#4669=CARTESIAN_POINT('',(1.65679966537635,1.76650175049922,6.79638184992574));
#4670=CARTESIAN_POINT('Origin',(1.63179966537635,1.76650175049922,0.250000000000001));
#4671=CARTESIAN_POINT('Origin',(1.59155632930735,1.85833781281069,6.79638184992574));
#4672=CARTESIAN_POINT('',(1.61655632930735,1.85833781281069,0.250000000000001));
#4673=CARTESIAN_POINT('',(1.61655632930735,1.85833781281069,6.79638184992574));
#4674=CARTESIAN_POINT('Origin',(1.59155632930735,1.85833781281069,0.250000000000001));
#4675=CARTESIAN_POINT('Origin',(1.52973861166937,1.93728056564379,6.79638184992574));
#4676=CARTESIAN_POINT('',(1.55473861166937,1.93728056564379,0.250000000000001));
#4677=CARTESIAN_POINT('',(1.55473861166937,1.93728056564379,6.79638184992574));
#4678=CARTESIAN_POINT('Origin',(1.52973861166937,1.93728056564379,0.250000000000001));
#4679=CARTESIAN_POINT('Origin',(1.45023074701128,1.99836974550691,6.79638184992574));
#4680=CARTESIAN_POINT('',(1.47523074701128,1.99836974550691,0.250000000000001));
#4681=CARTESIAN_POINT('',(1.47523074701128,1.99836974550691,6.79638184992574));
#4682=CARTESIAN_POINT('Origin',(1.45023074701128,1.99836974550691,0.250000000000001));
#4683=CARTESIAN_POINT('Origin',(1.358028506879,2.03776689455893,6.79638184992574));
#4684=CARTESIAN_POINT('',(1.383028506879,2.03776689455893,0.250000000000001));
#4685=CARTESIAN_POINT('',(1.383028506879,2.03776689455893,6.79638184992574));
#4686=CARTESIAN_POINT('Origin',(1.358028506879,2.03776689455893,0.250000000000001));
#4687=CARTESIAN_POINT('Origin',(1.25892529711617,2.05299654503236,6.79638184992574));
#4688=CARTESIAN_POINT('',(1.28392529711617,2.05299654503236,0.250000000000001));
#4689=CARTESIAN_POINT('',(1.28392529711617,2.05299654503236,6.79638184992574));
#4690=CARTESIAN_POINT('Origin',(1.25892529711617,2.05299654503236,0.250000000000001));
#4691=CARTESIAN_POINT('Origin',(1.1591481368683,2.0431017619772,6.79638184992574));
#4692=CARTESIAN_POINT('',(1.1841481368683,2.0431017619772,0.250000000000001));
#4693=CARTESIAN_POINT('',(1.1841481368683,2.0431017619772,6.79638184992574));
#4694=CARTESIAN_POINT('Origin',(1.1591481368683,2.0431017619772,0.250000000000001));
#4695=CARTESIAN_POINT('Origin',(1.06496639206848,2.00870427100328,6.79638184992574));
#4696=CARTESIAN_POINT('',(1.08996639206848,2.00870427100328,0.250000000000001));
#4697=CARTESIAN_POINT('',(1.08996639206848,2.00870427100328,6.79638184992574));
#4698=CARTESIAN_POINT('Origin',(1.06496639206848,2.00870427100328,0.250000000000001));
#4699=CARTESIAN_POINT('Origin',(0.982297848118729,1.95196539297361,6.79638184992574));
#4700=CARTESIAN_POINT('',(1.00729784811873,1.95196539297361,0.250000000000001));
#4701=CARTESIAN_POINT('',(1.00729784811873,1.95196539297361,6.79638184992574));
#4702=CARTESIAN_POINT('Origin',(0.982297848118729,1.95196539297361,0.250000000000001));
#4703=CARTESIAN_POINT('Origin',(0.916336873669033,1.87645024026579,6.79638184992574));
#4704=CARTESIAN_POINT('',(0.941336873669033,1.87645024026579,0.250000000000001));
#4705=CARTESIAN_POINT('',(0.941336873669033,1.87645024026579,6.79638184992574));
#4706=CARTESIAN_POINT('Origin',(0.916336873669033,1.87645024026579,0.250000000000001));
#4707=CARTESIAN_POINT('Origin',(0.871228039331565,1.78690370764977,6.79638184992574));
#4708=CARTESIAN_POINT('',(0.896228039331565,1.78690370764977,0.250000000000001));
#4709=CARTESIAN_POINT('',(0.896228039331565,1.78690370764977,6.79638184992574));
#4710=CARTESIAN_POINT('Origin',(0.871228039331565,1.78690370764977,0.250000000000001));
#4711=CARTESIAN_POINT('Origin',(0.95010904250829,1.68693633207277,6.79638184992574));
#4712=CARTESIAN_POINT('',(0.97510904250829,1.68693633207277,0.250000000000001));
#4713=CARTESIAN_POINT('',(0.97510904250829,1.68693633207277,6.79638184992574));
#4714=CARTESIAN_POINT('Origin',(0.95010904250829,1.68693633207277,0.250000000000001));
#4715=CARTESIAN_POINT('Origin',(1.4448542120066,1.61671419775893,6.79638184992574));
#4716=CARTESIAN_POINT('',(1.4698542120066,1.61671419775893,0.250000000000001));
#4717=CARTESIAN_POINT('',(1.4698542120066,1.61671419775893,6.79638184992574));
#4718=CARTESIAN_POINT('Origin',(1.4448542120066,1.61671419775893,0.250000000000001));
#4719=CARTESIAN_POINT('Origin',(1.15177897588888,1.67965661443071,6.79638184992574));
#4720=CARTESIAN_POINT('',(1.17677897588888,1.67965661443071,0.250000000000001));
#4721=CARTESIAN_POINT('',(1.17677897588888,1.67965661443071,6.79638184992574));
#4722=CARTESIAN_POINT('Origin',(1.15177897588888,1.67965661443071,0.250000000000001));
#4723=CARTESIAN_POINT('Origin',(1.248199353494,1.65314037822557,6.79638184992574));
#4724=CARTESIAN_POINT('',(1.273199353494,1.65314037822557,0.250000000000001));
#4725=CARTESIAN_POINT('',(1.273199353494,1.65314037822557,6.79638184992574));
#4726=CARTESIAN_POINT('Origin',(1.248199353494,1.65314037822557,0.250000000000001));
#4727=CARTESIAN_POINT('Origin',(0.125,0.125,0.125));
#4728=CARTESIAN_POINT('',(0.125,0.,0.125));
#4729=CARTESIAN_POINT('Origin',(0.125,0.125,0.125));
#4730=CARTESIAN_POINT('Origin',(0.125,0.125,0.125));
#4731=CARTESIAN_POINT('Origin',(0.125,0.125,0.125));
#4732=CARTESIAN_POINT('Origin',(3.0575,0.125,0.125));
#4733=CARTESIAN_POINT('',(3.0575,1.7767902868926E-16,0.125));
#4734=CARTESIAN_POINT('Origin',(3.0575,0.125,0.125));
#4735=CARTESIAN_POINT('Origin',(3.0575,0.125,0.125));
#4736=CARTESIAN_POINT('Origin',(3.0575,0.125,0.125));
#4737=CARTESIAN_POINT('Origin',(0.125000000000001,5.875,0.125));
#4738=CARTESIAN_POINT('',(0.125000000000001,6.,0.125));
#4739=CARTESIAN_POINT('Origin',(0.125000000000001,5.875,0.125));
#4740=CARTESIAN_POINT('Origin',(0.125000000000001,5.875,0.125));
#4741=CARTESIAN_POINT('Origin',(0.125000000000001,5.875,0.125));
#4742=CARTESIAN_POINT('Origin',(3.0575,5.875,0.125));
#4743=CARTESIAN_POINT('',(3.0575,6.,0.125));
#4744=CARTESIAN_POINT('Origin',(3.0575,5.875,0.125));
#4745=CARTESIAN_POINT('Origin',(3.0575,5.875,0.125));
#4746=CARTESIAN_POINT('Origin',(3.0575,5.875,0.125));
#4747=CARTESIAN_POINT('Origin',(3.0575,1.5,0.125));
#4748=CARTESIAN_POINT('Origin',(2.386875,5.875,0.125));
#4749=CARTESIAN_POINT('',(2.386875,6.,0.125));
#4750=CARTESIAN_POINT('Origin',(3.0575,5.875,0.));
#4751=CARTESIAN_POINT('',(3.0575,6.,0.25));
#4752=CARTESIAN_POINT('Origin',(3.0575,5.875,0.25));
#4753=CARTESIAN_POINT('',(3.0575,6.,0.));
#4754=CARTESIAN_POINT('Origin',(0.125000000000001,4.5,0.125));
#4755=CARTESIAN_POINT('Origin',(0.125000000000001,5.875,0.));
#4756=CARTESIAN_POINT('',(0.125000000000001,6.,0.25));
#4757=CARTESIAN_POINT('Origin',(0.125000000000001,5.875,0.25));
#4758=CARTESIAN_POINT('',(0.125000000000001,6.,0.));
#4759=CARTESIAN_POINT('Origin',(3.0575,0.125,0.));
#4760=CARTESIAN_POINT('',(3.0575,1.8109383868134E-16,0.25));
#4761=CARTESIAN_POINT('Origin',(3.0575,0.125,0.25));
#4762=CARTESIAN_POINT('',(3.0575,1.74838271594513E-16,0.));
#4763=CARTESIAN_POINT('Origin',(0.795625,0.125,0.125));
#4764=CARTESIAN_POINT('',(0.795625,4.37095678986282E-17,0.125));
#4765=CARTESIAN_POINT('Origin',(0.125,0.125,0.));
#4766=CARTESIAN_POINT('',(0.125,7.40367288149388E-18,0.25));
#4767=CARTESIAN_POINT('Origin',(0.125,0.125,0.25));
#4768=CARTESIAN_POINT('',(0.125,0.,0.));
#4769=CARTESIAN_POINT('Origin',(0.,0.,0.));
#4770=CARTESIAN_POINT('',(0.,0.,0.25));
#4771=CARTESIAN_POINT('Origin',(1.59125,3.,0.25));
#4772=CARTESIAN_POINT('',(3.1825,6.,0.25));
#4773=CARTESIAN_POINT('Origin',(3.1825,6.,0.));
#4774=UNCERTAINTY_MEASURE_WITH_UNIT(LENGTH_MEASURE(0.000393700787401575),
#4780,'DISTANCE_ACCURACY_VALUE',
'Maximum model space distance between geometric entities at asserted c
onnectivities');
#4775=UNCERTAINTY_MEASURE_WITH_UNIT(LENGTH_MEASURE(0.000393700787401575),
#4780,'DISTANCE_ACCURACY_VALUE',
'Maximum model space distance between geometric entities at asserted c
onnectivities');
#4776=(
GEOMETRIC_REPRESENTATION_CONTEXT(3)
GLOBAL_UNCERTAINTY_ASSIGNED_CONTEXT((#4774))
GLOBAL_UNIT_ASSIGNED_CONTEXT((#4780,#4784,#4785))
REPRESENTATION_CONTEXT('','3D')
);
#4777=(
GEOMETRIC_REPRESENTATION_CONTEXT(3)
GLOBAL_UNCERTAINTY_ASSIGNED_CONTEXT((#4775))
GLOBAL_UNIT_ASSIGNED_CONTEXT((#4780,#4784,#4785))
REPRESENTATION_CONTEXT('','3D')
);
#4778=DIMENSIONAL_EXPONENTS(1.,0.,0.,0.,0.,0.,0.);
#4779=DIMENSIONAL_EXPONENTS(0.,1.,0.,0.,0.,0.,0.);
#4780=(
CONVERSION_BASED_UNIT('inch',#4783)
LENGTH_UNIT()
NAMED_UNIT(#4778)
);
#4781=(
LENGTH_UNIT()
NAMED_UNIT(*)
SI_UNIT(.MILLI.,.METRE.)
);
#4782=(
LENGTH_UNIT()
NAMED_UNIT(*)
SI_UNIT(.CENTI.,.METRE.)
);
#4783=LENGTH_MEASURE_WITH_UNIT(LENGTH_MEASURE(25.4),#4781);
#4784=(
NAMED_UNIT(*)
PLANE_ANGLE_UNIT()
SI_UNIT($,.RADIAN.)
);
#4785=(
NAMED_UNIT(*)
SI_UNIT($,.STERADIAN.)
SOLID_ANGLE_UNIT()
);
#4786=SHAPE_DEFINITION_REPRESENTATION(#4787,#4788);
#4787=PRODUCT_DEFINITION_SHAPE('',$,#4790);
#4788=SHAPE_REPRESENTATION('',(#2828),#4776);
#4789=PRODUCT_DEFINITION_CONTEXT('part definition',#4794,'design');
#4790=PRODUCT_DEFINITION('Top_Shell','Top_Shell',#4791,#4789);
#4791=PRODUCT_DEFINITION_FORMATION('',$,#4796);
#4792=PRODUCT_RELATED_PRODUCT_CATEGORY('Top_Shell','Top_Shell',(#4796));
#4793=APPLICATION_PROTOCOL_DEFINITION('international standard',
'automotive_design',2009,#4794);
#4794=APPLICATION_CONTEXT(
'Core Data for Automotive Mechanical Design Process');
#4795=PRODUCT_CONTEXT('part definition',#4794,'mechanical');
#4796=PRODUCT('Top_Shell','Top_Shell',$,(#4795));
#4797=PRESENTATION_STYLE_ASSIGNMENT((#4798));
#4798=SURFACE_STYLE_USAGE(.BOTH.,#4801);
#4799=SURFACE_STYLE_RENDERING_WITH_PROPERTIES($,#4805,(#4800));
#4800=SURFACE_STYLE_TRANSPARENT(0.);
#4801=SURFACE_SIDE_STYLE('',(#4802,#4799));
#4802=SURFACE_STYLE_FILL_AREA(#4803);
#4803=FILL_AREA_STYLE('',(#4804));
#4804=FILL_AREA_STYLE_COLOUR('',#4805);
#4805=COLOUR_RGB('',0.749019607843137,0.749019607843137,0.749019607843137);
ENDSEC;
END-ISO-10303-21;
